Iteration	Posterior	Likelihood	Prior	rate_log_sd	root_freqs[1]	root_freqs[2]	tree_length
0	-2624.264	-2729.657	105.3934	1.051182	0.731617	0.268383	1.700473
6	-2614.801	-2720.488	105.687	1.158592	0.769507	0.230493	1.404299
12	-2619.811	-2725.611	105.7999	1.340501	0.870502	0.129498	1.162317
18	-2614.314	-2720.197	105.8832	1.426737	0.729182	0.270818	1.004633
24	-2615.658	-2721.653	105.9957	1.459804	0.729182	0.270818	0.8457921
30	-2624.572	-2730.618	106.0459	1.435101	0.819614	0.180386	0.8137656
36	-2623.016	-2728.954	105.9376	1.57192	0.766486	0.233514	0.7752305
42	-2625.115	-2731.133	106.0179	1.514071	0.822124	0.177876	0.7423918
48	-2621.719	-2727.759	106.0399	1.454595	0.764996	0.235004	0.7959533
54	-2626.665	-2732.688	106.0226	1.423839	0.756078	0.243922	0.8568159
60	-2627.455	-2733.396	105.9407	1.632023	0.773142	0.226858	0.6727499
66	-2632.902	-2738.793	105.8913	1.681474	0.788299	0.211701	0.6727499
72	-2626.873	-2732.841	105.9686	1.525901	0.83837	0.16163	0.7959152
78	-2626.351	-2732.344	105.9929	1.430997	0.83721	0.16279	0.8833204
84	-2629.768	-2735.791	106.0227	1.410892	0.693825	0.306175	0.8721259
90	-2624.389	-2730.42	106.0307	1.440512	0.790073	0.209927	0.8262914
96	-2632.464	-2738.413	105.9488	1.442726	0.83693	0.16307	0.9196782
102	-2629.918	-2735.714	105.796	1.408894	0.666263	0.333737	1.104652
108	-2620.796	-2726.706	105.9096	1.295257	0.796599	0.203401	1.104652
114	-2622.661	-2728.584	105.9225	1.21242	0.700835	0.299165	1.16714
120	-2620.074	-2725.716	105.6417	1.145152	0.736609	0.263391	1.449472
126	-2621.694	-2727.374	105.6796	1.129013	0.770976	0.229024	1.432799
132	-2627.813	-2733.549	105.736	1.082895	0.697348	0.302652	1.424906
138	-2626.579	-2732.074	105.4946	1.171267	0.739725	0.260275	1.540384
144	-2619.943	-2725.595	105.652	1.197932	0.74673	0.25327	1.40094
150	-2625.696	-2731.728	106.0322	1.20467	0.745782	0.254218	1.075039
156	-2623.01	-2728.889	105.8787	1.145129	0.816023	0.183977	1.261594
162	-2620.382	-2726.105	105.7234	1.081917	0.76945	0.23055	1.435364
168	-2619.35	-2725.174	105.8237	1.251562	0.746008	0.253992	1.218521
174	-2612.931	-2718.625	105.6945	1.269117	0.776915	0.223085	1.310826
180	-2618.713	-2724.375	105.6625	1.184492	0.884712	0.115288	1.403151
186	-2610.068	-2715.989	105.9209	1.166979	0.678974	0.321026	1.207755
192	-2620.062	-2725.363	105.3012	1.138735	0.7829	0.2171	1.703729
198	-2614.523	-2719.922	105.3997	1.040328	0.825383	0.174617	1.703729
204	-2622.876	-2728.334	105.4579	0.968013	0.802529	0.197471	1.71366
210	-2622.725	-2728.397	105.6728	1.202092	0.742907	0.257093	1.381441
216	-2626.781	-2732.645	105.8647	1.238846	0.698521	0.301479	1.194371
222	-2625.607	-2731.089	105.4825	1.14232	0.761227	0.238773	1.570667
228	-2631.381	-2737.102	105.7216	1.103706	0.723174	0.276826	1.419941
234	-2630.923	-2736.595	105.6727	1.15264	0.717938	0.282062	1.419941
240	-2632.733	-2738.239	105.506	1.005989	0.833493	0.166507	1.652458
246	-2627.644	-2732.88	105.236	1.08931	0.67429	0.32571	1.784092
252	-2627.39	-2733.059	105.6697	1.088754	0.725602	0.274398	1.471046
258	-2626.045	-2731.831	105.7858	1.091528	0.768676	0.231324	1.379521
264	-2634.658	-2740.722	106.0644	1.393056	0.695564	0.304436	0.8433987
270	-2629.287	-2735.158	105.8709	1.238873	0.813437	0.186563	1.188924
276	-2624.47	-2730.319	105.8493	1.25174	0.805532	0.194468	1.196489
282	-2619.967	-2725.967	105.9996	1.272195	0.711451	0.288549	1.041922
288	-2629.199	-2735.338	106.1386	1.269829	0.735823	0.264177	0.9009834
294	-2619.07	-2724.956	105.8865	1.18854	0.714727	0.285273	1.218648
300	-2616.961	-2722.764	105.8028	1.272232	0.74419	0.25581	1.218648
306	-2621.074	-2726.852	105.7778	1.297277	0.781194	0.218806	1.218648
312	-2633.133	-2739.107	105.9746	1.597039	0.746973	0.253027	0.6748869
318	-2626.972	-2732.956	105.9838	1.589991	0.718842	0.281158	0.6706033
324	-2634.721	-2740.583	105.8624	1.684578	0.864021	0.135979	0.7186251
330	-2627.289	-2733.252	105.9623	1.557242	0.78876	0.21124	0.7609822
336	-2625.242	-2731.148	105.9057	1.674596	0.728914	0.271086	0.6574779
342	-2633.662	-2739.536	105.8743	1.746778	0.799234	0.200766	0.5136909
348	-2626.789	-2732.583	105.7945	1.825774	0.790615	0.209385	0.4758754
354	-2627.573	-2733.183	105.6101	1.939424	0.642597	0.357403	0.3335109
360	-2617.485	-2722.978	105.493	2.055112	0.74099	0.25901	0.3321283
366	-2625.788	-2731.291	105.5025	2.027555	0.813716	0.186284	0.3154955
372	-2617.405	-2722.884	105.4789	2.062851	0.756513	0.243487	0.3259845
378	-2616.277	-2721.804	105.5267	2.041659	0.756513	0.243487	0.3542288
384	-2626.245	-2731.562	105.3174	2.120533	0.753532	0.246468	0.2548959
390	-2618.552	-2723.972	105.4193	2.127301	0.717763	0.282237	0.3306313
396	-2627.616	-2733.138	105.5224	2.024183	0.742228	0.257772	0.3306313
402	-2624.175	-2729.805	105.6308	1.948821	0.739565	0.260435	0.3689524
408	-2623.779	-2729.371	105.5916	1.984943	0.71264	0.28736	0.3647103
414	-2615.899	-2721.583	105.6841	1.920821	0.736582	0.263418	0.4144268
420	-2622.863	-2728.453	105.59	1.974691	0.701006	0.298994	0.3498294
426	-2618.056	-2723.528	105.4716	2.059465	0.750221	0.249779	0.3164256
432	-2622.563	-2728.206	105.6428	1.946656	0.776403	0.223597	0.3839383
438	-2622.142	-2727.739	105.5972	1.976393	0.723199	0.276801	0.3608227
444	-2638.934	-2744.467	105.5328	2.039242	0.733507	0.266493	0.3588003
450	-2629.991	-2735.538	105.5466	1.083634	0.758119	0.241881	1.566635
456	-2631.137	-2736.785	105.6484	1.059952	0.793312	0.206688	1.508814
462	-2617.24	-2723.026	105.786	1.835339	0.681253	0.318747	0.5068408
468	-2619.658	-2725.375	105.7173	1.902557	0.730721	0.269279	0.471754
474	-2624.071	-2729.812	105.741	1.13491	0.684302	0.315698	1.380655
480	-2617.618	-2723.142	105.5241	2.000202	0.769049	0.230951	0.3106757
486	-2618.196	-2723.653	105.4566	2.079109	0.769049	0.230951	0.320475
492	-2623.616	-2729.045	105.4285	2.091809	0.820304	0.179696	0.3074729
498	-2629.069	-2734.576	105.5069	2.009607	0.784651	0.215349	0.3044866
504	-2623.828	-2729.323	105.4956	2.027679	0.845053	0.154947	0.309867
510	-2629.396	-2734.747	105.3516	2.156882	0.74383	0.25617	0.2983995
516	-2628.94	-2734.458	105.5184	1.980197	0.726978	0.273022	0.2913128
522	-2633.81	-2739.804	105.9949	1.43035	0.707338	0.292662	0.8817784
528	-2633.554	-2739.411	105.857	1.361743	0.740493	0.259507	1.091855
534	-2636.074	-2741.974	105.8998	1.711547	0.672374	0.327626	0.5744841
540	-2634.286	-2740.174	105.8879	1.723481	0.806337	0.193663	0.5744841
546	-2634.344	-2740.238	105.8943	1.717606	0.69922	0.30078	0.5721999
552	-2627.836	-2733.655	105.8193	1.783163	0.776018	0.223982	0.6039916
558	-2624.939	-2730.785	105.8454	1.774051	0.768375	0.231625	0.46902
564	-2633.416	-2739.315	105.8991	1.28521	0.699223	0.300777	1.123243
570	-2633.244	-2739.083	105.8381	1.337321	0.7719	0.2281	1.131242
576	-2635.324	-2741.277	105.9529	1.358625	0.694604	0.305396	1.003043
582	-2629.63	-2735.673	106.0429	1.470795	0.717848	0.282152	0.7693943
588	-2625.653	-2731.636	105.9832	1.384394	0.709474	0.290526	0.9454673
594	-2629.563	-2735.263	105.7	1.331947	0.718437	0.281563	1.254812
600	-2623.303	-2729.128	105.8251	1.297047	0.685813	0.314187	1.178232
606	-2619.702	-2725.731	106.0291	1.455753	0.785409	0.214591	0.8086924
612	-2616.485	-2722.456	105.9713	1.513549	0.796824	0.203176	0.8086924
618	-2618.563	-2724.536	105.9729	1.579738	0.759339	0.240661	0.7091484
624	-2629.632	-2735.65	106.018	1.562306	0.750629	0.249371	0.6575121
630	-2629.274	-2735.235	105.9604	1.455751	0.74852	0.25148	0.8922528
636	-2627.809	-2733.698	105.8881	1.46077	0.645438	0.354562	0.9651503
642	-2628.689	-2734.69	106.0008	1.386485	0.75713	0.24287	0.9243279
648	-2628.175	-2734.03	105.8559	1.416156	0.670257	0.329743	1.041757
654	-2622.112	-2728.119	106.0065	1.486612	0.825168	0.174832	0.7977558
660	-2617.886	-2723.914	106.0281	1.481442	0.799025	0.200975	0.7753285
666	-2616.426	-2722.459	106.0326	1.54492	0.719937	0.280063	0.6633126
672	-2630.613	-2736.55	105.9373	1.579756	0.780796	0.219204	0.7646106
678	-2627.984	-2733.943	105.9592	1.398782	0.732013	0.267987	0.9556351
684	-2623.248	-2729.181	105.9335	1.612466	0.701857	0.298143	0.7202365
690	-2628.574	-2734.514	105.94	1.633645	0.662449	0.337551	0.6710041
696	-2626.556	-2732.622	106.0665	1.521537	0.767179	0.232821	0.6406846
702	-2626.472	-2732.443	105.9707	1.609665	0.703453	0.296547	0.6574802
708	-2630.987	-2736.906	105.9195	1.67037	0.740752	0.259248	0.636534
714	-2628.818	-2734.675	105.8562	1.667139	0.740752	0.259248	0.7554141
720	-2617.34	-2723.411	106.0701	1.459196	0.71232	0.28768	0.7463942
726	-2623.485	-2729.409	105.9245	1.462926	0.785159	0.214841	0.9241927
732	-2624.294	-2730.217	105.9238	1.387024	0.774897	0.225103	1.003814
738	-2614.896	-2720.84	105.944	1.301635	0.774897	0.225103	1.066813
744	-2616.061	-2721.971	105.9109	1.334818	0.708211	0.291789	1.066813
750	-2618.569	-2724.444	105.8756	1.226592	0.829417	0.170583	1.1955
756	-2621.991	-2727.672	105.6804	1.219286	0.672285	0.327715	1.36192
762	-2622.149	-2727.885	105.7358	1.333466	0.70584	0.29416	1.223597
768	-2616.523	-2722.459	105.9364	1.340464	0.789871	0.210129	1.037128
774	-2625.263	-2731.356	106.0933	1.345841	0.689323	0.310677	0.8655328
780	-2613.328	-2719.27	105.9417	1.389883	0.652913	0.347087	0.9829159
786	-2619.95	-2725.882	105.9325	1.5328	0.66776	0.33224	0.8337626
792	-2616.738	-2722.743	106.0052	1.511881	0.768526	0.231474	0.7645744
798	-2618.972	-2725.004	106.0322	1.453171	0.697173	0.302827	0.8080444
804	-2618.629	-2724.686	106.0575	1.340143	0.806091	0.193909	0.9129018
810	-2631.005	-2736.459	105.4544	1.094081	0.692335	0.307665	1.626171
816	-2630.048	-2735.814	105.7656	1.167998	0.692335	0.307665	1.334925
822	-2629.752	-2735.59	105.8383	1.18421	0.569448	0.430552	1.262638
828	-2619.306	-2725.266	105.9596	1.263995	0.684437	0.315563	1.087438
834	-2620.321	-2726.038	105.717	1.301584	0.703748	0.296252	1.265915
840	-2631.23	-2736.72	105.4901	1.119158	0.698605	0.301395	1.582042
846	-2645.568	-2751.163	105.5957	1.013524	0.81237	0.18763	1.582042
852	-2632.587	-2738.012	105.4252	1.161871	0.70909	0.29091	1.598252
858	-2629.518	-2735.101	105.5828	1.077511	0.762968	0.237032	1.544517
864	-2627.616	-2733.317	105.7005	1.105868	0.762968	0.237032	1.434527
870	-2627.432	-2732.748	105.3153	1.057841	0.735431	0.264569	1.750758
876	-2625.195	-2730.8	105.6054	1.091203	0.785034	0.214966	1.517597
882	-2625.542	-2731.191	105.6489	1.047673	0.767111	0.232889	1.517597
888	-2622.329	-2727.922	105.5925	1.125118	0.718882	0.281118	1.501864
894	-2626.052	-2731.823	105.7707	1.168445	0.83961	0.16039	1.330529
900	-2628.731	-2734.622	105.8911	1.14343	0.692388	0.307612	1.252658
906	-2623.546	-2729.357	105.8104	1.13253	0.732576	0.267424	1.327462
912	-2629.65	-2735.35	105.6995	1.17287	0.811702	0.188298	1.383401
918	-2621.469	-2727.316	105.8471	1.223162	0.762906	0.237094	1.222688
924	-2618.728	-2724.37	105.6426	1.183663	0.878649	0.121351	1.419232
930	-2615.908	-2721.664	105.7558	1.332239	0.792509	0.207491	1.207577
936	-2624.445	-2730.13	105.685	1.174374	0.74899	0.25101	1.39357
942	-2633.717	-2739.738	106.0214	1.0616	0.776154	0.223846	1.211936
948	-2634.056	-2739.394	105.3379	1.149213	0.80249	0.19751	1.670208
954	-2622.087	-2728.018	105.931	1.258632	0.728369	0.271631	1.118509
960	-2625.797	-2731.643	105.8453	1.262937	0.774624	0.225376	1.190279
966	-2628.106	-2733.809	105.7035	1.287279	0.680688	0.319312	1.288725
972	-2635.001	-2740.738	105.7368	1.174134	0.768733	0.231267	1.353035
978	-2646.001	-2751.652	105.6511	1.181843	0.897282	0.102718	1.414102
984	-2632.205	-2737.818	105.6134	1.163557	0.693439	0.306561	1.457011
990	-2629.943	-2735.517	105.5747	1.123049	0.730969	0.269031	1.516688
996	-2637.193	-2742.64	105.4467	1.144858	0.864154	0.135846	1.594985
1002	-2634.698	-2740.188	105.4895	1.182048	0.772504	0.227496	1.536164
1008	-2622.338	-2727.779	105.4407	1.138459	0.791137	0.208863	1.603943
1014	-2631.498	-2736.988	105.4895	1.089717	0.735424	0.264576	1.603943
1020	-2634.519	-2740.292	105.773	1.119807	0.73565	0.26435	1.367308
1026	-2634.932	-2740.861	105.9297	1.139337	0.840144	0.159856	1.223784
1032	-2631.212	-2736.958	105.7465	1.318702	0.781061	0.218939	1.226977
1038	-2622.733	-2728.494	105.7612	1.218755	0.738816	0.261184	1.297598
1044	-2626.443	-2732.458	106.0153	1.373973	0.790693	0.209307	0.9221235
1050	-2624.08	-2730.079	105.9992	1.484052	0.730544	0.269456	0.810807
1056	-2627.433	-2733.369	105.9359	1.435362	0.869596	0.130404	0.9415699
1062	-2625.98	-2731.993	106.0132	1.322503	0.816874	0.183126	0.9787015
1068	-2631.055	-2737.101	106.0463	1.344761	0.776259	0.223741	0.9202056
1074	-2634.818	-2740.852	106.0341	1.284964	0.797887	0.202113	0.9955026
1080	-2628.014	-2733.862	105.8474	1.376235	0.725155	0.274845	1.087366
1086	-2637.29	-2743.205	105.9143	1.396719	0.668837	0.331163	1.00355
1092	-2631.674	-2737.583	105.9092	1.362611	0.696273	0.303727	1.041914
1098	-2640.587	-2746.538	105.9517	1.34855	0.796017	0.203983	1.014241
1104	-2634.754	-2740.58	105.8262	1.452015	0.837388	0.162612	1.035822
1110	-2629.61	-2735.584	105.9741	1.33755	0.76428	0.23572	1.002976
1116	-2628.149	-2734.119	105.9706	1.323343	0.76428	0.23572	1.020464
1122	-2631.261	-2737.04	105.779	1.303574	0.79248	0.20752	1.212255
1128	-2629.125	-2735.042	105.9164	1.320572	0.707922	0.292078	1.075005
1134	-2629.771	-2735.558	105.7875	1.474303	0.679905	0.320095	1.051489
1140	-2629.247	-2735.243	105.9958	1.579492	0.741119	0.258881	0.6677181
1146	-2626.794	-2732.772	105.9781	1.586842	0.763198	0.236802	0.6874371
1152	-2627.805	-2733.782	105.977	1.62848	0.763198	0.236802	0.5949655
1158	-2623.951	-2729.971	106.02	1.506241	0.740098	0.259902	0.7511072
1164	-2636.348	-2742.37	106.022	1.500506	0.861929	0.138071	0.7565618
1170	-2632.27	-2738.217	105.9469	1.549287	0.701832	0.298168	0.7937183
1176	-2627.995	-2733.965	105.9696	1.5214	0.799203	0.200797	0.8006499
1182	-2624.823	-2730.807	105.9845	1.500627	0.809821	0.190179	0.8083768
1188	-2616.246	-2722.239	105.9928	1.445017	0.716975	0.283025	0.8670893
1194	-2618.19	-2724.131	105.9409	1.236444	0.779076	0.220924	1.129573
1200	-2619.58	-2725.359	105.7786	1.332553	0.848836	0.151164	1.187769
1206	-2621.232	-2727.094	105.8624	1.117355	0.81853	0.18147	1.297764
1212	-2627.05	-2732.499	105.4485	1.135712	0.682971	0.317029	1.600275
1218	-2622.634	-2728.019	105.3848	1.261242	0.705136	0.294864	1.555074
1224	-2617.185	-2722.721	105.5361	1.222752	0.680093	0.319907	1.470798
1230	-2620.963	-2726.889	105.9263	1.297823	0.679974	0.320026	1.086951
1236	-2624.18	-2730.284	106.1039	1.253159	0.826468	0.173532	0.9566303
1242	-2631.717	-2737.595	105.8784	1.402809	0.682369	0.317631	1.03284
1248	-2624.481	-2730.459	105.978	1.407758	0.683967	0.316033	0.9259799
1254	-2632.385	-2738.332	105.947	1.532276	0.630742	0.369258	0.8160125
1260	-2632.021	-2737.959	105.9375	1.263295	0.683226	0.316774	1.108321
1266	-2639.537	-2745.242	105.7052	1.252373	0.890764	0.109236	1.3157
1272	-2629.833	-2735.759	105.9261	1.424668	0.763282	0.236718	0.963105
1278	-2629.12	-2735.023	105.9035	1.477918	0.828047	0.171953	0.930718
1284	-2632.796	-2738.761	105.965	1.514756	0.777464	0.222536	0.8153498
1290	-2621.636	-2727.481	105.8449	1.514136	0.753616	0.246384	0.9544678
1296	-2624.111	-2729.88	105.7688	1.480213	0.753616	0.246384	1.063665
1302	-2622.106	-2728.123	106.0164	1.332843	0.753616	0.246384	0.9647596
1308	-2626.329	-2731.826	105.4971	1.330946	0.811921	0.188079	1.417899
1314	-2631.084	-2736.715	105.6309	1.319085	0.751791	0.248209	1.321817
1320	-2622.606	-2728.177	105.5707	1.193826	0.824647	0.175353	1.466452
1326	-2623.82	-2729.376	105.5559	1.155845	0.750075	0.249925	1.506262
1332	-2628.053	-2733.683	105.6296	1.151986	0.643026	0.356974	1.453476
1338	-2622.376	-2727.929	105.5529	1.150282	0.751632	0.248368	1.512667
1344	-2625.296	-2731.111	105.8153	1.2142	0.751787	0.248213	1.256842
1350	-2633.034	-2738.918	105.8847	1.318664	0.7508	0.2492	1.105988
1356	-2626.115	-2732.027	105.9115	1.271981	0.809831	0.190169	1.123998
1362	-2631.746	-2737.702	105.9566	1.149835	0.736082	0.263918	1.191819
1368	-2630.117	-2735.895	105.778	1.201683	0.826645	0.173355	1.297829
1374	-2633.718	-2739.058	105.34	1.150509	0.71708	0.28292	1.667807
1380	-2627.562	-2733.289	105.7276	1.263131	0.826758	0.173242	1.288759
1386	-2629.979	-2735.685	105.7065	1.1402	0.665948	0.334052	1.403398
1392	-2632.027	-2737.715	105.6878	1.251492	0.786951	0.213049	1.330424
1398	-2635.479	-2741.279	105.7997	1.186758	0.695049	0.304951	1.292267
1404	-2628.363	-2734.051	105.6881	1.201297	0.806049	0.193951	1.369998
1410	-2627.063	-2732.779	105.7161	1.113961	0.742727	0.257273	1.416285
1416	-2623.277	-2728.729	105.4516	1.058085	0.662011	0.337989	1.654077
1422	-2618.601	-2724.383	105.7815	1.155981	0.809004	0.190996	1.331841
1428	-2617.528	-2723.128	105.6	1.248501	0.716889	0.283111	1.40202
1434	-2622.642	-2728.356	105.7138	1.143017	0.701245	0.298755	1.395532
1440	-2624.599	-2730.376	105.7768	1.085726	0.75174	0.24826	1.391081
1446	-2623.225	-2728.882	105.6575	1.205078	0.75174	0.24826	1.391081
1452	-2622.327	-2728.331	106.0038	1.25629	0.814226	0.185774	1.053171
1458	-2630.158	-2735.913	105.7552	1.205796	0.737988	0.262012	1.312922
1464	-2627.316	-2733.001	105.6851	1.196967	0.901802	0.0981978	1.375825
1470	-2623.956	-2729.766	105.8097	1.257441	0.649565	0.350435	1.225368
1476	-2627.654	-2733.525	105.8717	1.257339	0.799221	0.200779	1.172284
1482	-2617.86	-2723.834	105.9745	1.555937	0.760952	0.239048	0.7446611
1488	-2631.428	-2737.424	105.9963	1.594461	0.715278	0.284722	0.6343593
1494	-2659.647	-2765.389	105.742	1.310114	0.805323	0.194677	1.237982
1500	-2632.632	-2738.503	105.8709	1.748213	0.754006	0.245994	0.4667436
1506	-2630.456	-2736.405	105.9499	1.616713	0.759192	0.240808	0.6844042
1512	-2635.861	-2741.837	105.976	1.529852	0.715734	0.284266	0.7803874
1518	-2626.159	-2732.218	106.0596	1.446255	0.822253	0.177747	0.7803874
1524	-2628.924	-2734.939	106.0148	1.405287	0.768954	0.231046	0.8876872
1530	-2632.604	-2738.66	106.0563	1.358719	0.768954	0.231046	0.8934583
1536	-2635.159	-2741.152	105.9928	1.402292	0.756553	0.243447	0.9157224
1542	-2631.584	-2737.426	105.8415	1.276583	0.717187	0.282813	1.181803
1548	-2630.916	-2736.861	105.9446	1.435696	0.785329	0.214671	0.9319059
1554	-2621.547	-2727.51	105.9636	1.365556	0.749501	0.250499	0.9853255
1560	-2628.053	-2734.09	106.0367	1.383416	0.801284	0.198716	0.8876942
1566	-2625.53	-2731.537	106.0069	1.469244	0.724057	0.275943	0.8200414
1572	-2622.732	-2728.737	106.0043	1.460516	0.727668	0.272332	0.8342991
1578	-2624.311	-2730.294	105.9827	1.370322	0.787882	0.212118	0.9608544
1584	-2620.939	-2726.904	105.9647	1.484954	0.743208	0.256792	0.8530127
1590	-2625.507	-2731.533	106.0255	1.424067	0.804413	0.195587	0.8530127
1596	-2633.202	-2739.223	106.0207	1.576773	0.777459	0.222541	0.6177421
1602	-2627.65	-2733.597	105.9472	1.650245	0.762931	0.237069	0.6177421
1608	-2622.646	-2728.465	105.8192	1.801368	0.740677	0.259323	0.4786787
1614	-2618.917	-2724.752	105.8344	1.785738	0.794853	0.205147	0.5259459
1620	-2623.412	-2729.44	106.0284	1.579518	0.70962	0.29038	0.5868437
1626	-2619.016	-2725.025	106.0085	1.516709	0.738301	0.261699	0.7525392
1632	-2628.397	-2734.317	105.9201	1.515408	0.68001	0.31999	0.869806
1638	-2617.247	-2723.261	106.0139	1.480188	0.823841	0.176159	0.796437
1644	-2616.128	-2722.059	105.9314	1.532079	0.674944	0.325056	0.8359706
1650	-2622.212	-2728.287	106.0758	1.387683	0.718596	0.281404	0.8359706
1656	-2623.635	-2729.516	105.8816	1.434104	0.696735	0.303265	0.9988656
1662	-2621.271	-2727.301	106.0299	1.517673	0.845439	0.154561	0.7175235
1668	-2618.907	-2724.868	105.9608	1.628592	0.754541	0.245459	0.6375431
1674	-2625.396	-2731.41	106.0133	1.60074	0.722161	0.277839	0.5635899
1680	-2619.343	-2725.347	106.0047	1.557938	0.837498	0.162502	0.6917283
1686	-2616.077	-2722.08	106.0035	1.575824	0.829167	0.170833	0.6596268
1692	-2623.936	-2729.882	105.9453	1.578711	0.824702	0.175298	0.7544341
1698	-2626.649	-2732.567	105.9186	1.626014	0.769694	0.230306	0.7223671
1704	-2633.296	-2739.249	105.9524	1.414772	0.856463	0.143537	0.9458962
1710	-2635.363	-2741.319	105.9559	1.432742	0.751344	0.248656	0.9228527
1716	-2626.743	-2732.765	106.0217	1.402002	0.751344	0.248656	0.8835227
1722	-2621.109	-2727.138	106.0297	1.492229	0.751344	0.248656	0.7574703
1728	-2626.427	-2732.46	106.0328	1.48907	0.830757	0.169243	0.7574703
1734	-2628.235	-2734.147	105.9123	1.539844	0.75551	0.24449	0.8498888
1740	-2631.748	-2737.769	106.0211	1.523642	0.789587	0.210413	0.7222358
1746	-2628.786	-2734.613	105.8274	1.784658	0.74794	0.25206	0.5716519
1752	-2624.167	-2729.954	105.787	1.830445	0.832496	0.167504	0.4563331
1758	-2616.879	-2722.654	105.7752	1.842257	0.78109	0.21891	0.4563331
1764	-2620.783	-2726.652	105.8696	1.743939	0.805125	0.194875	0.5656021
1770	-2626.447	-2732.468	106.0212	1.589243	0.797453	0.202547	0.5779145
1776	-2622.698	-2728.619	105.9212	1.627904	0.800374	0.199626	0.715069
1782	-2617.353	-2723.259	105.9066	1.672309	0.806868	0.193132	0.6604588
1788	-2616.02	-2721.965	105.9456	1.649538	0.790785	0.209215	0.623652
1794	-2619.561	-2725.483	105.9228	1.652098	0.708693	0.291307	0.6685112
1800	-2616.214	-2722.146	105.9326	1.685104	0.80318	0.19682	0.5445094
1806	-2616.142	-2722.029	105.8875	1.729541	0.822769	0.177231	0.5488156
1812	-2621.57	-2727.437	105.8671	1.736316	0.724929	0.275071	0.6012071
1818	-2624.28	-2730.233	105.9528	1.628205	0.722245	0.277755	0.6559591
1824	-2622.536	-2728.455	105.9197	1.672115	0.812321	0.187679	0.6319484
1830	-2622.478	-2728.53	106.0517	1.540051	0.692158	0.307842	0.6319484
1836	-2628.264	-2734.184	105.9194	1.608466	0.81133	0.18867	0.7486357
1842	-2634.597	-2740.474	105.877	1.524035	0.80456	0.19544	0.9092045
1848	-2625.26	-2731.061	105.8013	1.479083	0.755038	0.244962	1.033683
1854	-2623.007	-2728.959	105.9519	1.375998	0.847077	0.152923	0.9866442
1860	-2620.446	-2726.357	105.9116	1.411623	0.640742	0.359258	0.9913532
1866	-2620.045	-2725.895	105.8502	1.443024	0.697987	0.302013	1.021217
1872	-2622.096	-2727.901	105.8053	1.327568	0.751143	0.248857	1.168931
1878	-2626.349	-2732.453	106.1045	1.386138	0.772836	0.227164	0.8011807
1884	-2625.519	-2731.433	105.914	1.610746	0.753434	0.246566	0.7531973
1890	-2632.998	-2739.053	106.0552	1.445661	0.781058	0.218942	0.7873531
1896	-2628.592	-2734.628	106.0356	1.46052	0.86405	0.13595	0.7937842
1902	-2627.454	-2733.363	105.9088	1.672492	0.774824	0.225176	0.655354
1908	-2627.363	-2733.142	105.7784	1.842691	0.765484	0.234516	0.5129778
1914	-2626.229	-2732.008	105.7795	1.840401	0.643721	0.356279	0.4721811
1920	-2627.675	-2733.639	105.9639	1.386459	0.72538	0.27462	0.9635636
1926	-2624.018	-2729.886	105.8683	1.53395	0.72538	0.27462	0.9078605
1932	-2630.116	-2736.05	105.9338	1.514854	0.728928	0.271072	0.8541482
1938	-2629.262	-2735.237	105.9755	1.547253	0.724811	0.275189	0.7561937
1944	-2632.601	-2738.483	105.8817	1.57126	0.735891	0.264109	0.8489656
1950	-2626.915	-2732.81	105.8954	1.562229	0.729595	0.270405	0.8432457
1956	-2624.029	-2730.013	105.9836	1.434655	0.728082	0.271918	0.8898422
1962	-2625.348	-2731.367	106.0182	1.3861	0.801672	0.198328	0.9055047
1968	-2624.737	-2730.679	105.9418	1.462563	0.621553	0.378447	0.9055047
1974	-2618.005	-2723.984	105.9788	1.462563	0.745228	0.254772	0.8628672
1980	-2624.205	-2730.135	105.93	1.350416	0.763617	0.236383	1.033625
1986	-2629.949	-2735.751	105.8012	1.479218	0.760845	0.239155	1.033625
1992	-2624.56	-2730.426	105.8667	1.429683	0.760845	0.239155	1.018045
1998	-2624.643	-2730.501	105.8579	1.495735	0.795937	0.204063	0.9601678
2004	-2622.21	-2728.106	105.8954	1.621389	0.830544	0.169456	0.7648936
2010	-2620.705	-2726.562	105.8571	1.741029	0.786199	0.213801	0.615932
2016	-2625.31	-2731.144	105.8343	1.78338	0.734705	0.265295	0.5448035
2022	-2628.177	-2734.011	105.8346	1.78338	0.794853	0.205147	0.5429553
2028	-2630.792	-2736.522	105.7299	1.890103	0.760065	0.239935	0.5279886
2034	-2630.983	-2736.835	105.852	1.767155	0.760065	0.239935	0.5349623
2040	-2641.708	-2747.617	105.909	1.711754	0.605466	0.394534	0.5192629
2046	-2624.009	-2729.875	105.866	1.752155	0.699209	0.300791	0.4602027
2052	-2621.424	-2727.246	105.8224	1.792588	0.665351	0.334649	0.445312
2058	-2618.29	-2723.974	105.684	1.904566	0.706403	0.293597	0.3824204
2064	-2619.823	-2725.622	105.799	1.821289	0.760845	0.239155	0.4764696
2070	-2618.71	-2724.448	105.738	1.88326	0.795213	0.204787	0.5108177
2076	-2614.295	-2720.049	105.7546	1.866575	0.752395	0.247605	0.4881549
2082	-2615.639	-2721.488	105.8486	1.772824	0.785936	0.214064	0.5005535
2088	-2623.006	-2728.946	105.9403	1.647009	0.764434	0.235566	0.6424071
2094	-2619.585	-2725.435	105.8501	1.489811	0.721372	0.278628	0.9743346
2100	-2624.521	-2730.394	105.8729	1.469556	0.788222	0.211778	0.9717042
2106	-2626.32	-2732.244	105.9234	1.55478	0.85344	0.14656	0.8174616
2112	-2627.401	-2733.439	106.0376	1.467243	0.788414	0.211586	0.7818935
2118	-2629.28	-2735.342	106.0622	1.442617	0.779667	0.220333	0.7818935
2124	-2621.5	-2726.953	105.4527	1.058191	0.790635	0.209365	1.653241
2130	-2619.236	-2724.814	105.5781	1.05325	0.731084	0.268916	1.565832
2136	-2620.157	-2725.802	105.6451	1.268387	0.731084	0.268916	1.350968
2142	-2619.851	-2725.589	105.738	1.275813	0.732317	0.267683	1.269889
2148	-2626.915	-2732.658	105.7425	1.173219	0.793486	0.206514	1.349175
2154	-2630.09	-2735.676	105.5858	1.197539	0.772399	0.227601	1.452155
2160	-2633.739	-2739.409	105.6699	1.175929	0.772399	0.227601	1.404068
2166	-2628.068	-2733.906	105.838	1.351431	0.772399	0.227601	1.11865
2172	-2633.559	-2739.163	105.6044	1.394827	0.747281	0.252719	1.28183
2178	-2631.296	-2737.093	105.7972	1.319468	0.742591	0.257409	1.183
2184	-2629.248	-2734.954	105.7057	1.293153	0.670823	0.329177	1.282156
2190	-2625.132	-2730.935	105.8033	1.162109	0.74783	0.25217	1.309393
2196	-2628.853	-2734.557	105.7034	1.226043	0.788884	0.211116	1.338271
2202	-2618.75	-2724.631	105.881	1.205851	0.843687	0.156313	1.208616
2208	-2618.828	-2724.822	105.994	1.289849	0.827281	0.172719	1.030309
2214	-2624.375	-2730.37	105.9953	1.149058	0.714665	0.285335	1.158837
2220	-2627.493	-2733.464	105.9711	1.357892	0.652074	0.347926	0.9855541
2226	-2623.414	-2729.356	105.9415	1.280551	0.74903	0.25097	1.088798
2232	-2624.547	-2730.412	105.8651	1.403337	0.845401	0.154599	1.045164
2238	-2631.108	-2737.073	105.965	1.403874	0.792124	0.207876	0.9441244
2244	-2618.675	-2724.631	105.9559	1.457172	0.770527	0.229473	0.8956803
2250	-2621.792	-2727.834	106.0424	1.368269	0.759559	0.240441	0.8984279
2256	-2630.34	-2736.321	105.9811	1.444315	0.682731	0.317269	0.8815467
2262	-2625.943	-2731.858	105.9147	1.573076	0.773581	0.226419	0.8048839
2268	-2630.087	-2735.874	105.7872	1.637176	0.748813	0.251187	0.8827769
2274	-2630.497	-2736.487	105.9901	1.491662	0.815668	0.184332	0.8128344
2280	-2621.674	-2727.67	105.9958	1.485882	0.799331	0.200669	0.8128344
2286	-2626.735	-2732.704	105.9688	1.4932	0.81401	0.18599	0.8378602
2292	-2621.205	-2727.207	106.0021	1.497637	0.758729	0.241271	0.7887896
2298	-2618.701	-2724.68	105.9787	1.476166	0.787569	0.212431	0.8466792
2304	-2618.834	-2724.856	106.0223	1.501753	0.707552	0.292448	0.7542736
2310	-2621.61	-2727.637	106.0264	1.497657	0.828005	0.171995	0.7542736
2316	-2624.601	-2730.56	105.9591	1.56655	0.828005	0.171995	0.7519207
2322	-2624.015	-2729.965	105.9502	1.508695	0.772648	0.227352	0.8417219
2328	-2627.268	-2733.145	105.8778	1.643158	0.84527	0.15473	0.7589231
2334	-2623.577	-2729.516	105.9389	1.63838	0.730487	0.269513	0.663751
2340	-2624.364	-2730.336	105.972	1.522933	0.835904	0.164096	0.7954075
2346	-2616.283	-2722.274	105.9904	1.580912	0.830524	0.169476	0.6755288
2352	-2622.973	-2728.963	105.9902	1.546234	0.675523	0.324477	0.7354394
2358	-2626.49	-2732.402	105.9123	1.654278	0.745533	0.254467	0.684398
2364	-2631.552	-2737.542	105.9895	1.610975	0.70126	0.29874	0.6094484
2370	-2637.45	-2743.333	105.883	1.697239	0.750912	0.249088	0.6576308
2376	-2637.094	-2743.069	105.9745	1.635066	0.683817	0.316183	0.5812366
2382	-2634.55	-2740.431	105.8801	1.688839	0.863676	0.136324	0.6800348
2388	-2624.534	-2730.533	105.9986	1.508381	0.823534	0.176466	0.7788923
2394	-2622.455	-2728.349	105.8943	1.641822	0.778148	0.221852	0.7359491
2400	-2617.68	-2723.642	105.9615	1.631524	0.778148	0.221852	0.6289252
2406	-2622.236	-2728.236	105.9998	1.58355	0.668608	0.331392	0.6511049
2412	-2628.116	-2733.873	105.7569	1.619337	0.825955	0.174045	0.9362508
2418	-2626.814	-2732.791	105.9774	1.618638	0.711018	0.288982	0.6213587
2424	-2627.677	-2733.603	105.9261	1.530476	0.71092	0.28908	0.8445224
2430	-2629.607	-2735.619	106.0117	1.563963	0.766505	0.233495	0.6670589
2436	-2624.571	-2730.469	105.8977	1.687289	0.762201	0.237799	0.6475239
2442	-2629.317	-2735.235	105.9182	1.538445	0.766441	0.233559	0.844418
2448	-2633.138	-2739.054	105.916	1.378692	0.617009	0.382991	1.019749
2454	-2636.193	-2742.223	106.0303	1.333451	0.623775	0.376225	0.9495704
2460	-2625.973	-2732.078	106.1052	1.315946	0.70087	0.29913	0.8864538
2466	-2618.683	-2724.418	105.7355	1.380049	0.795094	0.204906	1.183971
2472	-2623.307	-2729.037	105.7303	1.4444	0.739225	0.260775	1.131891
2478	-2622.281	-2728.076	105.7958	1.264342	0.829265	0.170735	1.231254
2484	-2624.662	-2730.442	105.7798	1.206306	0.791793	0.208207	1.292578
2490	-2629.899	-2735.831	105.9323	1.222355	0.730299	0.269701	1.149781
2496	-2636.056	-2741.873	105.8164	1.099011	0.75352	0.24648	1.349433
2502	-2636.98	-2742.997	106.017	1.431871	0.717047	0.282953	0.8539016
2508	-2639.148	-2745.102	105.9536	1.486439	0.849794	0.150206	0.8644933
2514	-2640.33	-2746.412	106.0817	1.475537	0.749817	0.250183	0.7011895
2520	-2628.748	-2734.661	105.913	1.357347	0.785615	0.214385	1.043382
2526	-2637.537	-2743.263	105.726	1.305686	0.749352	0.250648	1.255033
2532	-2621.571	-2727.503	105.9327	1.641992	0.719493	0.280507	0.6689492
2538	-2622.063	-2727.967	105.9043	1.709075	0.741969	0.258031	0.5663394
2544	-2621.219	-2727.193	105.9742	1.619642	0.721607	0.278393	0.6268729
2550	-2619.637	-2725.583	105.9463	1.647553	0.789639	0.210361	0.6268729
2556	-2624.016	-2729.915	105.8988	1.697961	0.752656	0.247344	0.6195458
2562	-2619.518	-2725.42	105.9017	1.419103	0.726406	0.273594	0.9937523
2568	-2622.583	-2728.475	105.8928	1.312225	0.751413	0.248587	1.104518
2574	-2625.115	-2730.675	105.5595	1.15107	0.778171	0.221829	1.507152
2580	-2625.015	-2730.654	105.6383	1.143724	0.780476	0.219524	1.453158
2586	-2622.353	-2728.348	105.9946	1.280713	0.786023	0.213977	1.038581
2592	-2627.578	-2733.531	105.9529	1.343848	0.691056	0.308944	1.017741
2598	-2626.365	-2732.336	105.971	1.522462	0.825272	0.174728	0.7973229
2604	-2627.699	-2733.56	105.8607	1.631091	0.735252	0.264748	0.7996138
2610	-2629.343	-2735.141	105.7984	1.162189	0.779959	0.220041	1.313256
2616	-2632.096	-2738.013	105.9173	1.207126	0.812	0.188	1.17624
2622	-2634.713	-2740.575	105.862	1.192116	0.826187	0.173813	1.23634
2628	-2628.477	-2734.373	105.8958	1.158248	0.7187	0.2813	1.23634
2634	-2622.39	-2728.126	105.7366	1.248513	0.767395	0.232605	1.293401
2640	-2616.456	-2722.279	105.8239	1.250213	0.770745	0.229255	1.219493
2646	-2626.178	-2731.697	105.5186	1.195098	0.847424	0.152576	1.504802
2652	-2627.423	-2732.961	105.5378	1.164274	0.805451	0.194549	1.513441
2658	-2624.176	-2729.94	105.7637	1.200256	0.685263	0.314737	1.310532
2664	-2618.662	-2724.39	105.7277	1.32749	0.716253	0.283747	1.235406
2670	-2616.242	-2722.235	105.9931	1.382353	0.764906	0.235094	0.9370997
2676	-2626.248	-2732.166	105.9176	1.518939	0.724167	0.275833	0.868616
2682	-2622.701	-2728.683	105.9816	1.448345	0.731513	0.268487	0.8763332
2688	-2622.332	-2728.223	105.8908	1.311278	0.747833	0.252167	1.107193
2694	-2630.519	-2736.145	105.6264	1.11726	0.718343	0.281657	1.482235
2700	-2629.349	-2734.727	105.3777	1.249659	0.72535	0.27465	1.568776
2706	-2624.152	-2729.62	105.4676	1.18472	0.812125	0.187875	1.55041
2712	-2618.497	-2724.279	105.7814	1.248024	0.788241	0.211759	1.256902
2718	-2619.402	-2725.214	105.8124	1.217112	0.788241	0.211759	1.256902
2724	-2619.639	-2725.445	105.8063	1.298285	0.790828	0.209172	1.193466
2730	-2616.737	-2722.476	105.7388	1.231583	0.707708	0.292292	1.305367
2736	-2617.974	-2723.785	105.811	1.307039	0.82211	0.17789	1.181853
2742	-2616.959	-2722.604	105.6445	1.2932	0.768751	0.231249	1.331675
2748	-2616.869	-2722.77	105.9006	1.45073	0.786873	0.213127	0.9625348
2754	-2613.693	-2719.677	105.9845	1.366868	0.727991	0.272009	0.9625348
2760	-2619.753	-2725.51	105.7573	1.325746	0.667014	0.332986	1.211838
2766	-2618.56	-2724.307	105.7468	1.270414	0.72157	0.27843	1.267014
2772	-2626.515	-2732.404	105.8892	1.320162	0.689235	0.310765	1.100542
2778	-2627.333	-2733.246	105.9127	1.353064	0.715747	0.284253	1.047738
2784	-2622.872	-2728.643	105.7708	1.839986	0.750853	0.249147	0.4303224
2790	-2623.795	-2729.531	105.7353	1.88605	0.7387	0.2613	0.5064214
2796	-2621.467	-2727.172	105.7055	1.914183	0.8292	0.1708	0.4705523
2802	-2620.302	-2725.941	105.6393	1.943581	0.842552	0.157448	0.3735737
2808	-2623.408	-2729.081	105.6729	1.909957	0.715299	0.284701	0.3735737
2814	-2615.017	-2720.653	105.6365	1.961568	0.790084	0.209916	0.3995077
2820	-2610.28	-2716.021	105.7406	1.856593	0.790084	0.209916	0.397702
2826	-2623.313	-2729.17	105.8572	1.76394	0.711136	0.288864	0.5123017
2832	-2619.24	-2724.956	105.716	1.901518	0.805653	0.194347	0.457043
2838	-2619.755	-2725.505	105.7498	1.870272	0.734161	0.265839	0.5264407
2844	-2620.599	-2726.357	105.758	1.86323	0.775342	0.224658	0.4895482
2850	-2633.778	-2739.385	105.6075	2.005829	0.662395	0.337605	0.4388708
2856	-2623.732	-2729.49	105.7573	1.845285	0.745164	0.254836	0.4091217
2862	-2620.262	-2726.139	105.8766	1.744878	0.695389	0.304611	0.4998644
2868	-2628.205	-2734.065	105.8602	1.755727	0.792915	0.207085	0.5542609
2874	-2627.184	-2733.086	105.9017	1.719312	0.792915	0.207085	0.5151024
2880	-2627.468	-2733.44	105.9725	1.634077	0.772662	0.227338	0.5912489
2886	-2628.702	-2734.591	105.8892	1.719238	0.649472	0.350528	0.5850078
2892	-2622.533	-2728.478	105.9455	1.66654	0.649472	0.350528	0.5718008
2898	-2628.242	-2734.241	105.9992	1.495489	0.700447	0.299553	0.7957119
2904	-2636.418	-2742.502	106.0845	1.461318	0.713754	0.286246	0.7205016
2910	-2620.44	-2726.444	106.0042	1.416847	0.774344	0.225656	0.8866296
2916	-2622.315	-2728.237	105.9222	1.322281	0.720072	0.279928	1.067945
2922	-2623.67	-2729.573	105.9032	1.363122	0.720286	0.279714	1.047257
2928	-2623.799	-2729.741	105.9412	1.27632	0.770634	0.229366	1.093001
2934	-2624.46	-2730.571	106.1103	1.308204	0.71011	0.28989	0.8895133
2940	-2620.759	-2726.553	105.7947	1.542743	0.676811	0.323189	0.9768677
2946	-2623.41	-2729.43	106.0194	1.518123	0.699954	0.300046	0.7338069
2952	-2626.976	-2732.923	105.9469	1.618925	0.789818	0.210182	0.6858918
2958	-2627.204	-2733.207	106.0032	1.561037	0.673086	0.326914	0.6887239
2964	-2633.01	-2738.85	105.84	1.77669	0.760936	0.239064	0.4525739
2970	-2622.017	-2728.026	106.0091	1.55809	0.786038	0.213962	0.6832867
2976	-2620.385	-2726.38	105.9952	1.578981	0.79783	0.20217	0.6700084
2982	-2621.873	-2727.834	105.9615	1.61058	0.761596	0.238404	0.6739686
2988	-2623.399	-2729.258	105.8593	1.747933	0.750918	0.249082	0.5892055
2994	-2629.874	-2735.694	105.8196	1.801334	0.731465	0.268535	0.5172069
3000	-2628.291	-2734.295	106.0048	1.589952	0.812297	0.187703	0.6247172
3006	-2633.963	-2739.967	106.0048	1.589952	0.660458	0.339542	0.6247172
3012	-2620.249	-2726.236	105.9871	1.593708	0.769983	0.230017	0.6565515
3018	-2622.258	-2728.151	105.8923	1.560876	0.784342	0.215658	0.8486617
3024	-2629.38	-2735.265	105.8854	1.503692	0.799028	0.200972	0.9223182
3030	-2624.215	-2730.248	106.0329	1.455091	0.717189	0.282811	0.8046427
3036	-2628.47	-2734.42	105.9491	1.387075	0.807748	0.192252	0.9781763
3042	-2626.583	-2732.574	105.9914	1.508981	0.830419	0.169581	0.7879608
3048	-2626.63	-2732.502	105.8721	1.425685	0.742229	0.257771	1.016711
3054	-2634.452	-2740.45	105.9978	1.342148	0.823717	0.176283	0.974327
3060	-2627.426	-2733.294	105.8679	1.452227	0.797002	0.202998	0.994502
3066	-2619.468	-2725.203	105.7349	1.237575	0.67203	0.32797	1.303641
3072	-2612.707	-2718.449	105.7422	1.233041	0.728041	0.271959	1.301444
3078	-2617.376	-2723.259	105.8829	1.17463	0.764428	0.235572	1.233484
3084	-2620.996	-2726.52	105.5244	1.013794	0.729904	0.270096	1.633635
3090	-2624.1	-2729.909	105.8088	1.207644	0.729904	0.270096	1.267668
3096	-2623.969	-2730.001	106.0325	1.308153	0.692242	0.307758	0.9735939
3102	-2622.276	-2728.199	105.9224	1.355283	0.73748	0.26252	1.036302
3108	-2617.754	-2723.724	105.97	1.439079	0.809362	0.190638	0.9001907
3114	-2622.277	-2728.336	106.0583	1.342239	0.796417	0.203583	0.9097145
3120	-2630.482	-2736.595	106.1126	1.412756	0.702725	0.297275	0.7523535
3126	-2632.983	-2738.937	105.9539	1.403042	0.795033	0.204967	0.9567369
3132	-2628.449	-2734.335	105.8863	1.461532	0.752851	0.247149	0.966212
3138	-2632.859	-2738.847	105.9883	1.396229	0.750752	0.249248	0.9273418
3144	-2633.07	-2738.974	105.9041	1.448239	0.850632	0.149368	0.9614728
3150	-2625.191	-2731.155	105.964	1.567876	0.767102	0.232898	0.7424479
3156	-2629.253	-2735.258	106.005	1.526885	0.767102	0.232898	0.7424479
3162	-2626.436	-2732.428	105.9915	1.515977	0.633704	0.366296	0.7782077
3168	-2624.46	-2730.398	105.938	1.619423	0.827345	0.172655	0.7009118
3174	-2620.751	-2726.725	105.9736	1.599421	0.781113	0.218887	0.6721454
3180	-2633.396	-2739.315	105.9192	1.701543	0.857379	0.142621	0.4815972
3186	-2632.325	-2738.21	105.8855	1.732186	0.69592	0.30408	0.5446073
3192	-2629.365	-2735.234	105.8689	1.724476	0.765984	0.234016	0.62814
3198	-2625.73	-2731.63	105.9	1.654956	0.707152	0.292848	0.7052454
3204	-2624.249	-2730.11	105.8607	1.707692	0.724759	0.275241	0.68098
3210	-2631.008	-2736.954	105.9456	1.62286	0.76398	0.23602	0.68098
3216	-2626.457	-2732.408	105.9511	1.55426	0.747094	0.252906	0.7811386
3222	-2627.73	-2733.754	106.024	1.386666	0.747094	0.252906	0.8983907
3228	-2638.083	-2743.99	105.9064	1.285189	0.675482	0.324518	1.116697
3234	-2629.898	-2735.878	105.9801	1.321919	0.772136	0.227864	1.012513
3240	-2633.086	-2739.083	105.9974	1.376453	0.620792	0.379208	0.9387773
3246	-2623.629	-2729.685	106.0558	1.328132	0.764169	0.235831	0.9279103
3252	-2614.436	-2720.429	105.993	1.447052	0.687569	0.312431	0.8644109
3258	-2612.539	-2718.441	105.9019	1.302117	0.709846	0.290154	1.105391
3264	-2614.708	-2720.4	105.6922	1.328829	0.786537	0.213463	1.263887
3270	-2626.02	-2731.967	105.9464	1.386452	0.820841	0.179159	0.9816004
3276	-2629.23	-2735.182	105.9521	1.380713	0.752959	0.247041	0.9816004
3282	-2619.994	-2725.838	105.8441	1.35841	0.734145	0.265855	1.106787
3288	-2624.426	-2730.355	105.9292	1.351129	0.688283	0.311717	1.033753
3294	-2628.858	-2734.575	105.7166	1.312688	0.694356	0.305644	1.257034
3300	-2635.447	-2740.836	105.3897	0.9772098	0.752851	0.247149	1.75515
3306	-2632.137	-2737.718	105.5806	0.9941658	0.725338	0.274662	1.607196
3312	-2623.616	-2729.541	105.9247	1.252334	0.778064	0.221936	1.129793
3318	-2615.359	-2721.24	105.8811	1.295567	0.779375	0.220625	1.130108
3324	-2612.895	-2718.697	105.8018	1.317344	0.753632	0.246368	1.180875
3330	-2618.058	-2723.986	105.9284	1.534402	0.701634	0.298366	0.8368852
3336	-2627.012	-2732.984	105.9727	1.514065	0.721541	0.278459	0.8062921
3342	-2617.928	-2723.792	105.8642	1.396572	0.788817	0.211183	1.05248
3348	-2612.989	-2719.044	106.0547	1.409678	0.846647	0.153353	0.8348354
3354	-2618.718	-2724.563	105.8459	1.436173	0.743325	0.256675	1.032056
3360	-2620.17	-2726.124	105.954	1.372553	0.79549	0.20451	0.9879594
3366	-2623.617	-2729.58	105.9625	1.414966	0.757542	0.242458	0.9349866
3372	-2618.543	-2724.569	106.0265	1.55671	0.706148	0.293852	0.6513795
3378	-2609.93	-2715.849	105.9186	1.692285	0.671167	0.328833	0.5762312
3384	-2614.164	-2720.098	105.9345	1.677777	0.787085	0.212915	0.5707989
3390	-2616.893	-2722.805	105.9126	1.708856	0.781934	0.218066	0.5027089
3396	-2620.839	-2726.869	106.0294	1.582684	0.781934	0.218066	0.5714764
3402	-2616.384	-2722.296	105.9122	1.604904	0.805422	0.194578	0.7644422
3408	-2618.34	-2724.343	106.0027	1.44268	0.766238	0.233762	0.8580482
3414	-2615.288	-2721.26	105.9721	1.436294	0.797261	0.202739	0.9009635
3420	-2624.042	-2729.998	105.9561	1.545156	0.848257	0.151743	0.7868062
3426	-2619.224	-2725.207	105.9826	1.506682	0.760076	0.239924	0.8028865
3432	-2615.739	-2721.702	105.9629	1.53819	0.822986	0.177014	0.7869407
3438	-2620.393	-2726.355	105.9619	1.584342	0.78295	0.21705	0.7198211
3444	-2626.515	-2732.462	105.9472	1.52376	0.804772	0.195228	0.8265701
3450	-2620.757	-2726.624	105.8676	1.46876	0.758044	0.241956	0.9780511
3456	-2616.542	-2722.559	106.0173	1.351118	0.793009	0.206991	0.9446521
3462	-2616.779	-2722.629	105.8499	1.518524	0.804268	0.195732	0.9446521
3468	-2614.787	-2720.788	106.0006	1.527693	0.746258	0.253742	0.7480333
3474	-2617.864	-2723.843	105.9792	1.590505	0.790537	0.209463	0.6785871
3480	-2626.562	-2732.599	106.0377	1.494107	0.646839	0.353161	0.7426738
3486	-2622.868	-2728.79	105.9213	1.639835	0.711156	0.288844	0.6943179
3492	-2626.543	-2732.469	105.9261	1.588391	0.821031	0.178969	0.7682452
3498	-2613.624	-2719.677	106.0531	1.537222	0.707117	0.292883	0.6352874
3504	-2613.875	-2719.783	105.9073	1.653882	0.73441	0.26559	0.694305
3510	-2612.49	-2718.464	105.9745	1.389091	0.73441	0.26559	0.9497468
3516	-2615.507	-2721.561	106.0536	1.473281	0.733321	0.266679	0.7501033
3522	-2621.184	-2727.142	105.9577	1.645755	0.718265	0.281735	0.6008897
3528	-2623.41	-2729.311	105.9011	1.591481	0.719295	0.280705	0.7984656
3534	-2615.839	-2721.847	106.0082	1.515894	0.74291	0.25709	0.7542415
3540	-2618.423	-2724.442	106.0187	1.406815	0.774611	0.225389	0.8814883
3546	-2626.715	-2732.754	106.0395	1.464422	0.817882	0.182118	0.7830917
3552	-2629.86	-2735.611	105.7506	1.249918	0.734781	0.265219	1.280763
3558	-2621.753	-2727.516	105.7624	1.270545	0.817944	0.182056	1.254003
3564	-2617.744	-2723.685	105.9414	1.242874	0.772789	0.227211	1.123272
3570	-2626.772	-2732.474	105.7019	1.063606	0.825282	0.174718	1.465725
3576	-2630.415	-2735.953	105.5373	0.9796411	0.887111	0.112889	1.648865
3582	-2624.803	-2730.577	105.7737	1.091068	0.742989	0.257011	1.389362
3588	-2633.724	-2739.301	105.5769	1.082024	0.724311	0.275689	1.545509
3594	-2636.766	-2742.484	105.7178	1.039009	0.75407	0.24593	1.472357
3600	-2639.092	-2744.983	105.8914	1.353387	0.66007	0.33993	1.067659
3606	-2630.838	-2736.672	105.8347	1.410097	0.691214	0.308786	1.067659
3612	-2630.865	-2736.635	105.7697	1.368652	0.58944	0.41056	1.164095
3618	-2621.851	-2727.828	105.9772	1.427733	0.628258	0.371742	0.904886
3624	-2623.169	-2729.151	105.9822	1.572662	0.714188	0.285812	0.7054092
3630	-2629.847	-2735.844	105.9972	1.569051	0.612875	0.387125	0.6851169
3636	-2629.506	-2735.297	105.791	1.830396	0.867989	0.132011	0.5059309
3642	-2620.897	-2726.517	105.6199	1.966657	0.824204	0.175796	0.3793199
3648	-2626.282	-2731.885	105.6036	1.983049	0.772893	0.227107	0.3793199
3654	-2630.335	-2736.052	105.7169	1.15555	0.817512	0.182488	1.38337
3660	-2620.386	-2726.088	105.7014	1.907347	0.7036	0.2964	0.4244097
3666	-2622.331	-2727.99	105.6591	1.941041	0.771771	0.228229	0.4036515
3672	-2623.833	-2729.494	105.6616	1.943652	0.771771	0.228229	0.4152085
3678	-2625.083	-2730.617	105.534	2.01447	0.810824	0.189176	0.3324778
3684	-2632.532	-2738.208	105.6756	1.25696	0.814296	0.185704	1.335792
3690	-2633.206	-2738.95	105.7437	1.237039	0.789615	0.210385	1.296908
3696	-2628.526	-2734.544	106.0173	1.200221	0.74643	0.25357	1.093029
3702	-2629.616	-2734.901	105.2849	2.128272	0.778244	0.221756	0.2426381
3708	-2624.301	-2729.649	105.3478	2.163988	0.793459	0.206541	0.3008664
3714	-2623.424	-2729.264	105.8395	1.781695	0.757188	0.242812	0.4874092
3720	-2619.738	-2725.572	105.834	1.784319	0.757188	0.242812	0.540813
3726	-2621.414	-2727.243	105.8289	1.762984	0.819168	0.180832	0.6316641
3732	-2624.044	-2729.834	105.7907	1.827426	0.832018	0.167982	0.5417586
3738	-2633.069	-2738.924	105.8551	1.762464	0.793231	0.206769	0.4570687
3744	-2621.688	-2727.495	105.8066	1.811126	0.732166	0.267834	0.457841
3750	-2624.198	-2729.996	105.7979	1.80787	0.748489	0.251511	0.416565
3756	-2624.19	-2729.952	105.7619	1.85563	0.748489	0.251511	0.4570354
3762	-2622.7	-2728.716	106.0162	1.441356	0.752503	0.247497	0.8433178
3768	-2625.014	-2731.086	106.0714	1.4333	0.798355	0.201645	0.7820534
3774	-2620.865	-2726.868	106.0033	1.533976	0.782771	0.217229	0.7342096
3780	-2615.352	-2721.235	105.8827	1.681126	0.722269	0.277731	0.6894923
3786	-2614.845	-2720.778	105.9331	1.652268	0.753657	0.246343	0.6465943
3792	-2626.917	-2732.761	105.8443	1.770166	0.702864	0.297136	0.5614571
3798	-2626.677	-2732.596	105.9189	1.693415	0.811693	0.188307	0.5705827
3804	-2626.903	-2732.333	105.4302	2.052841	0.77488	0.22512	0.2809066
3810	-2631.509	-2736.976	105.4678	2.103967	0.769026	0.230974	0.3584768
3816	-2624.237	-2729.892	105.6547	1.906344	0.692771	0.307229	0.3456559
3822	-2618.819	-2724.51	105.6911	1.88841	0.692771	0.307229	0.3688507
3828	-2627.315	-2732.843	105.5274	2.043193	0.745313	0.254687	0.3570529
3834	-2633.726	-2739.582	105.8557	1.738624	0.647354	0.352646	0.6258061
3840	-2630.314	-2736.238	105.9237	1.573926	0.643859	0.356141	0.7917788
3846	-2621.263	-2727.167	105.904	1.587178	0.824883	0.175117	0.8004097
3852	-2618.261	-2724.362	106.1007	1.405734	0.653275	0.346725	0.7795717
3858	-2616.198	-2722.237	106.0388	1.445506	0.711182	0.288818	0.8094897
3864	-2628.218	-2734.101	105.8829	1.505091	0.798921	0.201079	0.9234957
3870	-2628.492	-2734.369	105.8772	1.327558	0.736584	0.263416	1.104686
3876	-2626.542	-2732.573	106.0312	1.416164	0.727158	0.272842	0.8557249
3882	-2617.917	-2723.909	105.9916	1.510256	0.727158	0.272842	0.785991
3888	-2624.294	-2730.299	106.0046	1.497181	0.775351	0.224649	0.785991
3894	-2618.799	-2724.835	106.0356	1.443979	0.799458	0.200542	0.8156199
3900	-2614.102	-2720.022	105.9205	1.485202	0.753716	0.246284	0.9040169
3906	-2621.41	-2727.341	105.9312	1.490739	0.753716	0.246284	0.8856309
3912	-2633.279	-2739.233	105.9543	1.354557	0.845725	0.154275	1.00578
3918	-2624.076	-2730.12	106.0446	1.47441	0.817222	0.182778	0.7617029
3924	-2634.596	-2740.585	105.9889	1.618477	0.733555	0.266445	0.5886976
3930	-2631.877	-2737.736	105.8592	1.693755	0.778215	0.221785	0.7085609
3936	-2619.216	-2725.203	105.9867	1.610003	0.713569	0.286431	0.6196748
3942	-2622.842	-2728.794	105.9517	1.589342	0.822314	0.177686	0.7281176
3948	-2627.138	-2733.206	106.0681	1.382078	0.772062	0.227938	0.8523578
3954	-2622.216	-2728.184	105.9681	1.533988	0.67714	0.32286	0.7856879
3960	-2626.783	-2732.783	105.9998	1.598297	0.790312	0.209688	0.6159849
3966	-2631.116	-2737.05	105.934	1.664147	0.753866	0.246134	0.6159849
3972	-2628.9	-2734.834	105.9334	1.665795	0.792767	0.207233	0.6130442
3978	-2625.528	-2731.445	105.9166	1.688006	0.786062	0.213938	0.5976182
3984	-2620.622	-2726.513	105.891	1.730386	0.791007	0.208993	0.4918612
3990	-2624.594	-2730.442	105.8476	1.766808	0.797924	0.202076	0.5617026
3996	-2633.082	-2739.049	105.967	1.624045	0.797924	0.202076	0.6337426
4002	-2628.509	-2734.397	105.888	1.702992	0.796258	0.203742	0.6337426
4008	-2639.044	-2744.898	105.8542	1.767121	0.767962	0.232038	0.5076444
4014	-2628.014	-2733.975	105.9613	1.515655	0.747402	0.252598	0.8190453
4020	-2616.634	-2722.466	105.8319	1.397378	0.725632	0.274368	1.082163
4026	-2618.065	-2723.999	105.9349	1.272607	0.815497	0.184503	1.102227
4032	-2640.557	-2746.455	105.8983	1.145086	0.702495	0.297505	1.245286
4038	-2630.241	-2735.946	105.7055	1.337887	0.709463	0.290537	1.245286
4044	-2613.376	-2719.17	105.794	1.241623	0.814374	0.185626	1.251789
4050	-2612.607	-2718.316	105.7089	1.248518	0.744168	0.255832	1.315859
4056	-2618.605	-2724.511	105.9057	1.290709	0.775432	0.224568	1.112379
4062	-2620.873	-2726.769	105.8953	1.441245	0.73173	0.26827	0.9778225
4068	-2627.334	-2733.405	106.0709	1.34485	0.802337	0.197663	0.8926173
4074	-2619.166	-2725.193	106.0269	1.349523	0.709651	0.290349	0.9360694
4080	-2622.619	-2728.564	105.9459	1.369323	0.609125	0.390875	0.9994148
4086	-2616.211	-2722.036	105.8247	1.157045	0.660601	0.339399	1.29613
4092	-2622.333	-2727.848	105.5152	1.044653	0.751947	0.248053	1.617995
4098	-2624.148	-2729.907	105.759	1.059434	0.764387	0.235613	1.425294
4104	-2621.981	-2727.605	105.6235	1.06898	0.869176	0.130824	1.520608
4110	-2620.479	-2726.275	105.7953	1.057794	0.797445	0.202555	1.39842
4116	-2623.827	-2729.464	105.6368	1.145685	0.789005	0.210995	1.452823
4122	-2625.042	-2730.781	105.7391	1.245005	0.789005	0.210995	1.294216
4128	-2624.905	-2730.6	105.6951	1.202889	0.723748	0.276252	1.36327
4134	-2622.873	-2728.311	105.4379	1.038832	0.754234	0.245766	1.677669
4140	-2629.101	-2734.772	105.6709	1.284493	0.811955	0.188045	1.317475
4146	-2623.674	-2729.577	105.9035	1.202534	0.740545	0.259455	1.192156
4152	-2626.844	-2732.679	105.8346	1.274956	0.770976	0.229024	1.189156
4158	-2623.775	-2729.6	105.8248	1.195442	0.724267	0.275733	1.264521
4164	-2622.762	-2728.618	105.8567	1.163549	0.762256	0.237744	1.264521
4170	-2625.964	-2731.872	105.9082	1.210829	0.762256	0.237744	1.180958
4176	-2623.445	-2729.082	105.637	1.125523	0.818143	0.181857	1.468017
4182	-2624.953	-2730.719	105.7666	1.138554	0.710069	0.289931	1.357582
4188	-2627.054	-2732.722	105.6679	1.16182	0.790054	0.209946	1.416581
4194	-2634.626	-2740.397	105.7714	1.124853	0.766747	0.233253	1.364591
4200	-2628.17	-2733.563	105.393	1.094835	0.832855	0.167145	1.669753
4206	-2632.923	-2738.657	105.7337	1.162839	0.813277	0.186723	1.364408
4212	-2633.423	-2739.362	105.9382	1.101227	0.818982	0.181018	1.248592
4218	-2633.132	-2738.806	105.6747	1.212478	0.821368	0.178632	1.371791
4224	-2626.348	-2731.93	105.5818	1.305314	0.758166	0.241834	1.371791
4230	-2635.103	-2741.066	105.9625	1.360673	0.699652	0.300348	0.9913844
4236	-2628.046	-2733.888	105.8426	1.276202	0.745261	0.254739	1.181172
4242	-2628.812	-2734.503	105.6909	1.177377	0.763067	0.236933	1.386605
4248	-2624.712	-2730.269	105.5562	1.162012	0.827565	0.172435	1.501392
4254	-2623.494	-2729.321	105.8269	1.304821	0.754614	0.245386	1.169941
4260	-2621.33	-2727.203	105.8731	1.343084	0.765166	0.234834	1.094272
4266	-2621.223	-2727.118	105.8949	1.492225	0.765166	0.234834	0.9245127
4272	-2622.471	-2728.535	106.0646	1.241382	0.765166	0.234834	1.008593
4278	-2620.513	-2726.26	105.7472	1.157158	0.827295	0.172705	1.358191
4284	-2622.774	-2728.5	105.7268	1.177569	0.7512	0.2488	1.358191
4290	-2632.401	-2737.691	105.29	1.135055	0.818452	0.181548	1.714244
4296	-2631.771	-2737.458	105.6865	1.131287	0.760028	0.239972	1.425738
4302	-2627.443	-2733.387	105.9436	1.593892	0.762852	0.237148	0.7338094
4308	-2630.907	-2736.911	106.0046	1.53496	0.777189	0.222811	0.7304912
4314	-2628.044	-2734.017	105.9732	1.345123	0.787253	0.212747	0.9963389
4320	-2633.812	-2739.769	105.9564	1.329579	0.720695	0.279305	1.028236
4326	-2636.865	-2742.77	105.9053	1.414787	0.87731	0.12269	0.9945027
4332	-2632.307	-2738.151	105.8441	1.306642	0.654868	0.345132	1.153178
4338	-2636.929	-2742.707	105.7786	1.159574	0.674972	0.325028	1.331303
4344	-2635.151	-2740.672	105.5214	1.111672	0.809375	0.190625	1.564603
4350	-2631.955	-2737.697	105.7424	1.212941	0.789721	0.210279	1.317545
4356	-2634.626	-2740.598	105.9716	1.208382	0.69928	0.30072	1.127141
4362	-2624.878	-2730.834	105.9566	1.16134	0.690558	0.309442	1.18191
4368	-2623.811	-2729.597	105.786	1.19512	0.780611	0.219389	1.296645
4374	-2633.012	-2738.892	105.8801	1.144737	0.727161	0.272839	1.260719
4380	-2631.152	-2736.882	105.7302	1.169725	0.799184	0.200816	1.361728
4386	-2627.369	-2732.93	105.5604	1.063822	0.80108	0.19892	1.571088
4392	-2626.443	-2732.45	106.0072	1.35651	0.804914	0.195086	0.9495634
4398	-2621.456	-2727.398	105.942	1.471566	0.764785	0.235215	0.8951261
4404	-2617.878	-2723.843	105.9648	1.328224	0.77886	0.22114	1.021367
4410	-2626.135	-2732.009	105.8748	1.382659	0.766354	0.233646	1.055635
4416	-2624.488	-2730.319	105.8307	1.350067	0.781048	0.218952	1.126437
4422	-2628.249	-2733.826	105.5775	1.052966	0.752977	0.247023	1.566505
4428	-2618.452	-2723.908	105.4553	1.150339	0.733524	0.266476	1.58466
4434	-2617.935	-2723.884	105.9491	1.320197	0.733524	0.266476	1.044331
4440	-2621.001	-2726.907	105.906	1.363345	0.756191	0.243809	1.044331
4446	-2624.392	-2730.156	105.7644	1.232762	0.747987	0.252013	1.283531
4452	-2619.83	-2725.492	105.6618	1.323058	0.770581	0.229419	1.293591
4458	-2613.687	-2719.703	106.0157	1.56335	0.743381	0.256619	0.6601389
4464	-2618.75	-2724.648	105.8985	1.536748	0.669038	0.330962	0.8701092
4470	-2620.426	-2726.297	105.8715	1.707357	0.686711	0.313289	0.6605995
4476	-2623.804	-2729.751	105.947	1.642191	0.668819	0.331181	0.6379503
4482	-2631.13	-2737.152	106.0229	1.464715	0.716153	0.283847	0.8051244
4488	-2621.273	-2727.227	105.9539	1.494486	0.819482	0.180518	0.8544939
4494	-2627.424	-2733.411	105.9874	1.356243	0.78273	0.21727	0.9705828
4500	-2629.77	-2735.703	105.9326	1.667673	0.786806	0.213194	0.6100136
4506	-2624.659	-2730.531	105.8726	1.748548	0.795023	0.204977	0.5135113
4512	-2626.334	-2732.281	105.9478	1.65407	0.714214	0.285786	0.6056279
4518	-2622.707	-2728.594	105.8877	1.695176	0.72832	0.27168	0.6520677
4524	-2620.346	-2726.31	105.9646	1.63348	0.766538	0.233462	0.6161183
4530	-2617.125	-2723.081	105.956	1.597121	0.741426	0.258574	0.7083998
4536	-2623.665	-2729.715	106.0497	1.513521	0.689327	0.310673	0.6906521
4542	-2618.519	-2724.472	105.9522	1.530389	0.797902	0.202098	0.8117609
4548	-2622.168	-2728.219	106.0513	1.398655	0.778412	0.221588	0.8525888
4554	-2624.553	-2730.486	105.9332	1.223796	0.73937	0.26063	1.147658
4560	-2620.498	-2726.383	105.886	1.271063	0.759707	0.240293	1.147658
4566	-2616.701	-2722.645	105.9441	1.333311	0.76184	0.23816	1.036527
4572	-2619.665	-2725.741	106.076	1.372798	0.739619	0.260381	0.8539857
4578	-2623.451	-2729.472	106.0209	1.453389	0.854086	0.145914	0.8223636
4584	-2624.267	-2730.185	105.9172	1.431391	0.780113	0.219887	0.9654298
4590	-2620.865	-2726.909	106.0437	1.304839	0.887079	0.112921	0.9654298
4596	-2620.976	-2727.002	106.0261	1.322441	0.787871	0.212129	0.9654298
4602	-2620.215	-2726.187	105.9713	1.379684	0.732807	0.267193	0.9628873
4608	-2624.005	-2729.844	105.8389	1.332008	0.744834	0.255166	1.135297
4614	-2626.276	-2731.978	105.7021	1.1678	0.799725	0.200275	1.385342
4620	-2634.926	-2740.442	105.5151	1.054061	0.799725	0.200275	1.611249
4626	-2630.669	-2736.204	105.5349	0.995587	0.724468	0.275532	1.639178
4632	-2632.914	-2738.583	105.6695	1.165306	0.7796	0.2204	1.412635
4638	-2620.747	-2726.332	105.5848	1.150645	0.778884	0.221116	1.488465
4644	-2620.342	-2725.583	105.2404	1.071518	0.815997	0.184003	1.793393
4650	-2628.114	-2733.407	105.2933	0.9587526	0.738692	0.261308	1.834758
4656	-2629.23	-2734.048	104.8181	0.9724015	0.70865	0.29135	2.143203
4662	-2627.784	-2733.578	105.7935	1.827832	0.593376	0.406624	0.4905908
4668	-2622.15	-2728.043	105.8935	1.727798	0.750393	0.249607	0.4905908
4674	-2628.23	-2734.126	105.8961	1.725177	0.728069	0.271931	0.4907084
4680	-2621.347	-2727.36	106.0124	1.431793	0.750195	0.249805	0.8595699
4686	-2627.197	-2733.262	106.0649	1.479019	0.801241	0.198759	0.7235467
4692	-2636.747	-2742.642	105.8945	1.221662	0.829987	0.170013	1.183413
4698	-2627.558	-2733.346	105.7878	1.224006	0.694362	0.305638	1.271511
4704	-2619.33	-2724.954	105.6247	1.156883	0.67091	0.32909	1.453503
4710	-2619.351	-2724.952	105.6009	1.086188	0.67091	0.32909	1.524647
4716	-2620.873	-2726.694	105.8208	1.238892	0.844328	0.155672	1.231658
4722	-2631.036	-2736.606	105.5703	1.181639	0.693044	0.306956	1.476004
4728	-2625.035	-2730.539	105.5034	1.139614	0.693044	0.306956	1.5573
4734	-2616.5	-2722.485	105.9854	1.30007	0.793587	0.206413	1.028744
4740	-2625.063	-2730.804	105.7416	1.212505	0.793587	0.206413	1.318545
4746	-2629.033	-2734.849	105.8157	1.238108	0.685048	0.314952	1.236554
4752	-2626.19	-2732.061	105.8713	1.182587	0.680125	0.319875	1.236554
4758	-2624.521	-2730.444	105.9234	1.342328	0.828933	0.171067	1.047801
4764	-2625.981	-2731.985	106.0037	1.280873	0.726047	0.273953	1.029641
4770	-2627.213	-2733.166	105.9534	1.205564	0.794938	0.205062	1.145983
4776	-2624.196	-2730.132	105.9352	1.223706	0.782883	0.217117	1.145983
4782	-2624.94	-2730.697	105.7573	1.187012	0.73666	0.26334	1.326416
4788	-2627.192	-2733.279	106.0865	1.350656	0.737774	0.262226	0.8679276
4794	-2629.721	-2735.723	106.0019	1.3891	0.680533	0.319467	0.9202381
4800	-2626.627	-2732.401	105.7744	1.259792	0.709999	0.290001	1.252997
4806	-2618.941	-2724.76	105.819	1.149844	0.699112	0.300888	1.306614
4812	-2625.202	-2730.5	105.2978	1.016984	0.746144	0.253856	1.791396
4818	-2631.658	-2737.225	105.5667	0.947252	0.718355	0.281645	1.650999
4824	-2630.921	-2736.825	105.904	1.452396	0.804169	0.195831	0.9572827
4830	-2634.211	-2740.25	106.0387	1.400679	0.765897	0.234103	0.8652331
4836	-2626.013	-2731.909	105.896	1.412041	0.77623	0.22377	1.006557
4842	-2626.283	-2732.215	105.9317	1.253829	0.708599	0.291401	1.12218
4848	-2632.223	-2738.117	105.8944	1.281126	0.853403	0.146597	1.131177
4854	-2631.212	-2736.461	105.2493	0.9676166	0.71596	0.28404	1.858814
4860	-2629.824	-2735.529	105.7043	1.00284	0.790216	0.209784	1.509661
4866	-2632.29	-2737.606	105.3169	1.119118	0.773619	0.226381	1.706525
4872	-2625.751	-2731.638	105.887	1.185772	0.775206	0.224794	1.220556
4878	-2626.223	-2731.831	105.6075	1.139205	0.785863	0.214137	1.480001
4884	-2625.38	-2730.957	105.5778	1.168838	0.788175	0.211825	1.480001
4890	-2617.65	-2723.379	105.7289	1.215201	0.788175	0.211825	1.326551
4896	-2621.199	-2727.228	106.0288	1.14109	0.802609	0.197391	1.136233
4902	-2622.01	-2727.912	105.9014	1.271921	0.73572	0.26428	1.133113
4908	-2623.479	-2729.405	105.926	1.247342	0.73994	0.26006	1.133113
4914	-2619.547	-2725.561	106.0145	1.236403	0.73994	0.26006	1.061878
4920	-2624.026	-2730.081	106.0545	1.231238	0.767142	0.232858	1.028499
4926	-2622.151	-2727.862	105.7103	1.23205	0.728669	0.271331	1.32796
4932	-2621.996	-2727.821	105.8248	1.25967	0.698791	0.301209	1.210645
4938	-2622.551	-2728.341	105.7901	1.280995	0.705188	0.294812	1.222015
4944	-2621.306	-2727.211	105.905	1.40184	0.772421	0.227579	1.007738
4950	-2620.931	-2726.593	105.6617	1.098347	0.772421	0.227579	1.469839
4956	-2623.112	-2728.878	105.7655	1.265685	0.700729	0.299271	1.255498
4962	-2631.002	-2736.824	105.8215	1.270572	0.734364	0.265636	1.204138
4968	-2630.215	-2736.232	106.017	1.461315	0.786036	0.213964	0.8172586
4974	-2640.809	-2746.812	106.0032	1.505008	0.7397	0.2603	0.7771701
4980	-2632.898	-2738.862	105.9635	1.555747	0.756506	0.243494	0.7613326
4986	-2630.724	-2736.547	105.8231	1.792401	0.756506	0.243494	0.556766
4992	-2626.009	-2731.808	105.7989	1.818944	0.705489	0.294511	0.4584393
4998	-2633.013	-2738.743	105.7299	1.891481	0.705489	0.294511	0.5082144
5004	-2627.339	-2733.221	105.8824	1.222629	0.814002	0.185998	1.193056
5010	-2629.535	-2735.379	105.8436	1.768946	0.857558	0.142442	0.569976
5016	-2624.625	-2730.58	105.9555	1.568548	0.754311	0.245689	0.7543171
5022	-2623.434	-2729.337	105.903	1.432299	0.789918	0.210082	0.9790939
5028	-2622.682	-2728.33	105.6479	1.246399	0.744628	0.255372	1.366168
5034	-2618.67	-2724.405	105.7356	1.158677	0.814837	0.185163	1.366168
5040	-2617.977	-2723.898	105.9204	1.289235	0.658179	0.341821	1.100236
5046	-2625.759	-2731.411	105.6519	1.259792	0.751847	0.248153	1.352396
5052	-2627.932	-2733.794	105.8625	1.077961	0.72013	0.27987	1.329501
5058	-2622.846	-2728.475	105.6285	1.212747	0.726424	0.273576	1.407668
5064	-2635.695	-2741.457	105.7623	1.315472	0.759879	0.240121	1.216322
5070	-2635.885	-2741.695	105.8101	1.441632	0.736361	0.263639	1.061074
5076	-2633.143	-2739.125	105.9826	1.452444	0.731683	0.268317	0.8703685
5082	-2630.808	-2736.761	105.9528	1.571738	0.716061	0.283939	0.7536051
5088	-2622.152	-2728.126	105.9737	1.406768	0.714965	0.285035	0.9317558
5094	-2620.045	-2726.108	106.0622	1.322897	0.696512	0.303488	0.9266474
5100	-2621.936	-2728.006	106.0707	1.470476	0.725772	0.274228	0.7280541
5106	-2623.626	-2729.644	106.0182	1.533358	0.803326	0.196674	0.7109456
5112	-2618.642	-2724.543	105.9002	1.721246	0.756045	0.243955	0.4985639
5118	-2624.054	-2729.93	105.876	1.745427	0.7272	0.2728	0.4970839
5124	-2623.778	-2729.702	105.9242	1.662547	0.730112	0.269888	0.6434843
5130	-2621.128	-2727.074	105.9465	1.640338	0.730112	0.269888	0.6434843
5136	-2636.868	-2742.724	105.8565	1.72541	0.678772	0.321228	0.6542194
5142	-2624.734	-2730.664	105.9305	1.519566	0.777011	0.222989	0.8524929
5148	-2627.612	-2733.625	106.0129	1.437154	0.735095	0.264905	0.8524929
5154	-2633.981	-2740.004	106.023	1.443181	0.807625	0.192375	0.8327008
5160	-2629.868	-2735.768	105.8999	1.505977	0.728634	0.271366	0.9038402
5166	-2628.274	-2734.21	105.9355	1.504604	0.790057	0.209943	0.8643473
5172	-2631.732	-2737.754	106.022	1.363163	0.790014	0.209986	0.9266247
5178	-2637.55	-2743.615	106.0653	1.362999	0.788067	0.211933	0.8782439
5184	-2628.987	-2734.916	105.9284	1.366489	0.812708	0.187292	1.019544
5190	-2623.266	-2729.164	105.8985	1.468028	0.836901	0.163099	0.9466169
5196	-2619.279	-2724.965	105.6861	1.269768	0.774834	0.225166	1.31707
5202	-2618.893	-2724.708	105.8151	1.277225	0.719293	0.280707	1.203959
5208	-2620.541	-2726.395	105.8533	1.295868	0.819924	0.180076	1.154622
5214	-2618.721	-2724.524	105.8035	1.254678	0.741964	0.258036	1.23293
5220	-2627.2	-2732.977	105.7769	1.176564	0.695024	0.304976	1.319029
5226	-2624.606	-2730.525	105.9181	1.369274	0.812188	0.187812	1.026855
5232	-2629.259	-2735.005	105.7458	1.305607	0.720322	0.279678	1.23856
5238	-2624.987	-2730.632	105.645	1.287832	0.809301	0.190699	1.3356
5244	-2619.178	-2724.742	105.564	1.24088	0.698689	0.301311	1.435731
5250	-2623.511	-2728.982	105.4711	1.13452	0.637349	0.362651	1.584699
5256	-2622.374	-2728.296	105.9222	1.244811	0.832096	0.167904	1.138748
5262	-2629.135	-2734.75	105.6149	1.206311	0.79962	0.20038	1.423136
5268	-2626.598	-2732.342	105.7438	1.162017	0.731729	0.268271	1.357068
5274	-2628.894	-2734.601	105.7075	1.198288	0.731729	0.268271	1.357068
5280	-2643.847	-2749.779	105.9319	1.357794	0.721097	0.278903	1.024672
5286	-2636.596	-2742.388	105.7919	1.308319	0.75327	0.24673	1.19715
5292	-2630.546	-2736.512	105.9653	1.228164	0.783158	0.216842	1.115047
5298	-2632.401	-2738.062	105.6615	1.064613	0.819881	0.180119	1.495495
5304	-2627.114	-2732.713	105.5986	1.127509	0.842469	0.157531	1.495495
5310	-2632.899	-2738.65	105.7513	1.196743	0.77387	0.22613	1.323388
5316	-2631.788	-2737.273	105.485	1.088018	0.749325	0.250675	1.608395
5322	-2633.706	-2739.161	105.455	1.118022	0.789277	0.210723	1.608395
5328	-2635.314	-2740.91	105.5955	0.9775267	0.770128	0.229872	1.608395
5334	-2630.997	-2736.898	105.9006	1.069458	0.769537	0.230463	1.305646
5340	-2629.059	-2734.844	105.7851	1.141677	0.653482	0.346518	1.340442
5346	-2624.843	-2730.127	105.284	1.165667	0.768027	0.231973	1.696839
5352	-2622.912	-2728.286	105.3737	1.028994	0.732054	0.267946	1.730041
5358	-2626.304	-2731.987	105.6831	1.118528	0.754248	0.245752	1.438177
5364	-2623.741	-2729.362	105.6213	1.149998	0.737182	0.262818	1.461367
5370	-2627.22	-2733.241	106.0212	1.408018	0.759043	0.240957	0.8771391
5376	-2619.849	-2725.582	105.7336	1.473931	0.722579	0.277421	1.102198
5382	-2619.491	-2725.518	106.0269	1.429506	0.741394	0.258606	0.8447806
5388	-2625.411	-2731.359	105.9475	1.62283	0.636218	0.363782	0.6774383
5394	-2616.079	-2722.013	105.9336	1.636558	0.749927	0.250073	0.6776359
5400	-2621.116	-2727.081	105.965	1.615379	0.771414	0.228586	0.6574295
5406	-2621.38	-2727.378	105.9984	1.573108	0.729892	0.270108	0.6751664
5412	-2621.685	-2727.647	105.9616	1.318194	0.782277	0.217723	1.034272
5418	-2619.597	-2725.251	105.6543	1.345309	0.760093	0.239907	1.281499
5424	-2621.234	-2727.188	105.9535	1.361554	0.816219	0.183781	0.9995497
5430	-2623.868	-2729.788	105.9205	1.494167	0.793848	0.206152	0.8938972
5436	-2620.363	-2726.137	105.774	1.376307	0.768645	0.231355	1.153582
5442	-2625.601	-2731.553	105.9523	1.240853	0.768645	0.231355	1.115257
5448	-2620.564	-2726.484	105.9194	1.28003	0.766845	0.233155	1.109566
5454	-2617.297	-2723.304	106.0071	1.282365	0.819925	0.180075	1.024865
5460	-2628.311	-2733.83	105.5189	1.339431	0.783622	0.216378	1.394338
5466	-2621.519	-2727.299	105.7798	1.254117	0.786619	0.213381	1.25321
5472	-2612.515	-2718.031	105.516	1.131219	0.758069	0.241931	1.554173
5478	-2624.843	-2730.339	105.4957	1.080794	0.847094	0.152906	1.6059
5484	-2625.641	-2731.364	105.7232	1.274887	0.692093	0.307907	1.282767
5490	-2636.008	-2741.682	105.6734	1.040937	0.790881	0.209119	1.504292
5496	-2645.871	-2751.257	105.386	1.162243	0.669986	0.330014	1.626343
5502	-2635.102	-2741.077	105.9746	1.433135	0.681041	0.318959	0.9017224
5508	-2630.052	-2735.93	105.8784	1.263531	0.634887	0.365113	1.161013
5514	-2632.005	-2737.689	105.6849	1.041847	0.731586	0.268414	1.494979
5520	-2625.086	-2730.957	105.8716	1.085934	0.73666	0.26334	1.315708
5526	-2624.834	-2730.494	105.6601	1.00872	0.814792	0.185208	1.538187
5532	-2621.517	-2727.083	105.5661	1.044395	0.831629	0.168371	1.581159
5538	-2619.47	-2725.405	105.9345	1.221822	0.755815	0.244185	1.148271
5544	-2623.26	-2729.167	105.9072	1.304208	0.750077	0.249923	1.098676
5550	-2635.746	-2741.531	105.7853	1.46628	0.858523	0.141477	1.061267
5556	-2624.584	-2730.539	105.9549	1.564327	0.851395	0.148605	0.7613872
5562	-2628.004	-2733.976	105.9717	1.560747	0.684874	0.315126	0.7416881
5568	-2630.154	-2736.106	105.9525	1.47655	0.662071	0.337929	0.8773374
5574	-2622.178	-2727.978	105.8004	1.205735	0.730619	0.269381	1.276207
5580	-2624.444	-2730.397	105.9532	1.117712	0.729619	0.270381	1.222148
5586	-2618.641	-2724.442	105.8013	1.275909	0.797609	0.202391	1.216856
5592	-2613.591	-2719.466	105.8746	1.347505	0.768279	0.231721	1.088826
5598	-2617.594	-2723.56	105.9664	1.317832	0.740994	0.259006	1.029937
5604	-2614.069	-2719.935	105.8664	1.334064	0.720439	0.279561	1.108646
5610	-2620.675	-2726.713	106.0381	1.374143	0.740617	0.259383	0.8966871
5616	-2627.916	-2733.949	106.0321	1.358591	0.78946	0.21054	0.920553
5622	-2625.066	-2731.038	105.9713	1.419423	0.834118	0.165882	0.920553
5628	-2626.609	-2732.628	106.0188	1.483897	0.814921	0.185079	0.7847605
5634	-2629.35	-2735.341	105.9903	1.558143	0.777436	0.222564	0.7161658
5640	-2626.042	-2732.034	105.9916	1.502508	0.664992	0.335008	0.7964517
5646	-2631.463	-2737.247	105.7839	1.832845	0.724068	0.275932	0.5500123
5652	-2624.724	-2730.604	105.8806	1.738681	0.788298	0.211702	0.5338072
5658	-2623.716	-2729.618	105.9016	1.692562	0.820017	0.179983	0.6260784
5664	-2625.439	-2731.331	105.8917	1.725777	0.723071	0.276929	0.5461373
5670	-2622.885	-2728.734	105.8486	1.768903	0.704506	0.295494	0.5461373
5676	-2628.014	-2733.901	105.8868	1.704165	0.712618	0.287382	0.6339883
5682	-2622.224	-2728.184	105.9598	1.631132	0.712618	0.287382	0.6339883
5688	-2622.871	-2728.821	105.951	1.590687	0.712618	0.287382	0.7272244
5694	-2618.182	-2724.167	105.985	1.586797	0.712618	0.287382	0.6745446
5700	-2617.892	-2723.762	105.8691	1.705511	0.801938	0.198062	0.6690175
5706	-2617.464	-2723.314	105.8495	1.749515	0.842328	0.157672	0.6136277
5712	-2621.275	-2727.202	105.9271	1.693313	0.742418	0.257582	0.5232204
5718	-2616.301	-2722.151	105.8494	1.772052	0.730043	0.269957	0.5023911
5724	-2617.008	-2722.897	105.8888	1.729	0.745655	0.254345	0.5443362
5730	-2613.073	-2718.97	105.897	1.720206	0.737119	0.262881	0.5478761
5736	-2619.726	-2725.756	106.0298	1.582019	0.824561	0.175439	0.5726791
5742	-2619.579	-2725.576	105.9972	1.528304	0.706841	0.293159	0.7521696
5748	-2618.435	-2724.438	106.0031	1.553999	0.748227	0.251773	0.701476
5754	-2623.891	-2729.853	105.9622	1.583244	0.761443	0.238557	0.721108
5760	-2623.819	-2729.806	105.9868	1.461846	0.813497	0.186503	0.8541349
5766	-2631.415	-2737.369	105.9537	1.453676	0.817282	0.182718	0.9021025
5772	-2628.322	-2734.144	105.8222	1.781974	0.646663	0.353337	0.5989851
5778	-2615.424	-2721.377	105.9529	1.566033	0.830898	0.169102	0.761761
5784	-2618.847	-2724.832	105.9855	1.599119	0.817044	0.182956	0.6484014
5790	-2617.561	-2723.419	105.8584	1.669283	0.727199	0.272801	0.7488436
5796	-2620.2	-2726.117	105.9169	1.690379	0.768324	0.231676	0.5889848
5802	-2619.868	-2725.839	105.9709	1.592662	0.810711	0.189289	0.6900479
5808	-2621.418	-2727.436	106.0177	1.545842	0.738276	0.261724	0.6900479
5814	-2623.765	-2729.768	106.0024	1.503749	0.764319	0.235681	0.7799442
5820	-2616.725	-2722.619	105.8937	1.539945	0.730276	0.269724	0.8719942
5826	-2621.908	-2727.895	105.9867	1.615709	0.756951	0.243049	0.6041263
5832	-2625.24	-2731.128	105.8886	1.69132	0.688414	0.311586	0.6583446
5838	-2627.474	-2733.529	106.0557	1.501515	0.713043	0.286957	0.701337
5844	-2626.708	-2732.642	105.9341	1.38842	0.790899	0.209101	0.9920708
5850	-2628.581	-2734.45	105.869	1.408298	0.846195	0.153805	1.036671
5856	-2629.136	-2734.893	105.757	1.518153	0.706448	0.293552	1.038775
5862	-2625.195	-2731.166	105.9701	1.6239	0.739242	0.260758	0.6264847
5868	-2622.243	-2728.164	105.9216	1.664207	0.753466	0.246534	0.6456674
5874	-2631.473	-2737.058	105.5855	2.000011	0.792439	0.207561	0.3776885
5880	-2629.127	-2734.789	105.6622	1.933211	0.693416	0.306584	0.3944124
5886	-2626.894	-2732.712	105.8184	1.799306	0.782711	0.217289	0.4577869
5892	-2626.144	-2732.154	106.01	1.575172	0.694318	0.305682	0.6471906
5898	-2625.534	-2731.601	106.0673	1.413365	0.81031	0.18969	0.8142478
5904	-2625.214	-2731.16	105.946	1.405529	0.745464	0.254536	0.9623815
5910	-2629.887	-2735.827	105.9403	1.374422	0.797759	0.202241	0.999862
5916	-2636.539	-2742.485	105.9458	1.368965	0.663166	0.336834	0.999862
5922	-2631.745	-2737.655	105.9103	1.404458	0.694022	0.305978	0.999862
5928	-2631.564	-2737.41	105.8459	1.349281	0.799725	0.200275	1.113461
5934	-2626.654	-2732.496	105.8416	1.283622	0.809964	0.190036	1.175578
5940	-2627.095	-2733.018	105.9231	1.685493	0.751844	0.248156	0.5845989
5946	-2631.146	-2737.048	105.9018	1.676109	0.716475	0.283525	0.6625309
5952	-2636.958	-2742.876	105.9184	1.702021	0.720359	0.279641	0.5228767
5958	-2631.273	-2737.137	105.8641	1.701646	0.763209	0.236791	0.6859371
5964	-2622.471	-2728.365	105.8936	1.67218	0.763209	0.236791	0.6859371
5970	-2626.927	-2732.868	105.9406	1.564419	0.732313	0.267687	0.7815884
5976	-2619.672	-2725.637	105.965	1.490881	0.813006	0.186994	0.8453424
5982	-2617.76	-2723.714	105.9537	1.452836	0.723132	0.276868	0.903068
5988	-2621.343	-2727.302	105.9597	1.304423	0.750954	0.249046	1.049345
5994	-2622.408	-2728.219	105.8109	1.230273	0.7454	0.2546	1.247145
6000	-2615.495	-2721.265	105.7703	1.36658	0.759362	0.240638	1.165426
6006	-2624.332	-2730.121	105.7897	1.161437	0.828245	0.171755	1.320911
6012	-2625.273	-2731.331	106.0586	1.2362	0.830881	0.169119	1.01967
6018	-2624.301	-2730.272	105.9706	1.165522	0.712152	0.287848	1.166053
6024	-2626.823	-2732.645	105.8219	1.317961	0.77667	0.22333	1.16279
6030	-2626.494	-2732.35	105.8564	1.188206	0.689497	0.310503	1.244278
6036	-2627.407	-2733.126	105.719	1.306845	0.742819	0.257181	1.259872
6042	-2628.116	-2734.045	105.9295	1.574845	0.691956	0.308044	0.782464
6048	-2625.24	-2731.205	105.9656	1.530975	0.772346	0.227654	0.7931182
6054	-2620.6	-2726.606	106.0059	1.565692	0.787459	0.212541	0.6749979
6060	-2629.83	-2735.793	105.9637	1.59481	0.79768	0.20232	0.6990727
6066	-2624.182	-2730.149	105.9667	1.64216	0.72599	0.27401	0.5835075
6072	-2630.56	-2736.302	105.7422	1.877712	0.6853	0.3147	0.5288224
6078	-2632.751	-2738.625	105.874	1.739105	0.715451	0.284549	0.5676269
6084	-2628.469	-2734.384	105.9143	1.682306	0.832094	0.167906	0.6198157
6090	-2632.913	-2738.869	105.9564	1.599826	0.754248	0.245752	0.702924
6096	-2627.857	-2733.8	105.9437	1.630402	0.708641	0.291359	0.6701585
6102	-2625.594	-2731.438	105.8441	1.73825	0.830797	0.169203	0.6532279
6108	-2633.589	-2739.453	105.8636	1.73825	0.860398	0.139602	0.6057967
6114	-2636.257	-2742.138	105.8809	1.66753	0.631779	0.368221	0.7161136
6120	-2627.136	-2733.045	105.9089	1.502007	0.800743	0.199257	0.8981002
6126	-2621.671	-2727.705	106.0341	1.535508	0.739995	0.260005	0.6787721
6132	-2623.975	-2729.95	105.9749	1.623255	0.798191	0.201809	0.6158015
6138	-2627.178	-2733.146	105.9685	1.639747	0.698178	0.301822	0.5858005
6144	-2627.652	-2733.549	105.8969	1.659451	0.712818	0.287182	0.7028219
6150	-2625.283	-2731.246	105.9638	1.623293	0.746491	0.253509	0.6428268
6156	-2625.412	-2731.41	105.9979	1.371308	0.749128	0.250872	0.9438024
6162	-2631.241	-2737.173	105.9322	1.351174	0.747855	0.252145	1.03078
6168	-2624.169	-2730.068	105.8989	1.379149	0.747855	0.252145	1.035925
6174	-2622.738	-2728.56	105.822	1.474662	0.774972	0.225028	1.017753
6180	-2623.601	-2729.402	105.8009	1.449367	0.740036	0.259964	1.062474
6186	-2627.187	-2733.199	106.0117	1.429093	0.781744	0.218256	0.8635214
6192	-2634.755	-2740.648	105.8927	1.324007	0.807372	0.192628	1.09373
6198	-2631.422	-2737.297	105.8753	1.360651	0.798593	0.201407	1.075959
6204	-2621.869	-2727.932	106.0632	1.318941	0.788158	0.211842	0.9298705
6210	-2620.717	-2726.796	106.0785	1.352323	0.706293	0.293707	0.8753366
6216	-2620.782	-2726.819	106.037	1.513076	0.589957	0.410043	0.7134356
6222	-2623.67	-2729.664	105.9937	1.455649	0.798512	0.201488	0.8533179
6228	-2629.752	-2735.792	106.04	1.468516	0.733366	0.266634	0.7766754
6234	-2627.844	-2733.68	105.8357	1.246296	0.675677	0.324323	1.212785
6240	-2621.214	-2726.898	105.6843	1.205653	0.797713	0.202287	1.369567
6246	-2621.394	-2727.129	105.7351	1.154929	0.678776	0.321224	1.369526
6252	-2628.244	-2734.218	105.974	1.304165	0.783625	0.216375	1.035781
6258	-2624.011	-2729.944	105.9326	1.255578	0.785342	0.214658	1.119805
6264	-2625.647	-2731.426	105.779	1.104281	0.75624	0.24376	1.374873
6270	-2627.627	-2733.475	105.8483	1.213949	0.765199	0.234801	1.229508
6276	-2618.193	-2724.047	105.854	1.178049	0.714037	0.285963	1.254756
6282	-2625.82	-2731.586	105.7655	1.274915	0.806841	0.193159	1.247757
6288	-2619.843	-2725.72	105.8771	1.199462	0.802636	0.197364	1.217418
6294	-2627.609	-2733.515	105.9065	1.170059	0.743467	0.256533	1.217418
6300	-2630.168	-2736.118	105.9494	1.474985	0.591209	0.408791	0.8828097
6306	-2632.95	-2739.096	106.1455	1.301693	0.750467	0.249533	0.8559028
6312	-2628.941	-2734.903	105.9619	1.507377	0.737045	0.262955	0.8287475
6318	-2615.037	-2721.1	106.0631	1.406135	0.814161	0.185839	0.8287475
6324	-2619.655	-2725.649	105.9937	1.380059	0.764259	0.235741	0.9389262
6330	-2640.133	-2746.213	106.0802	1.257173	0.81344	0.18656	0.9770147
6336	-2641.641	-2747.448	105.8076	1.383589	0.737176	0.262824	1.117066
6342	-2631.567	-2737.638	106.0708	1.488799	0.760879	0.239121	0.6971149
6348	-2625.766	-2731.753	105.987	1.559125	0.763057	0.236943	0.7199283
6354	-2628.993	-2735.019	106.0262	1.348486	0.727338	0.272662	0.9379468
6360	-2633.251	-2739.165	105.9141	1.551981	0.748882	0.251118	0.8327207
6366	-2619.693	-2725.653	105.9591	1.471356	0.763388	0.236612	0.8757271
6372	-2619.887	-2725.899	106.0125	1.421369	0.746406	0.253594	0.8717635
6378	-2626.578	-2732.571	105.9929	1.352976	0.815438	0.184562	0.9682374
6384	-2623.883	-2729.813	105.93	1.311721	0.738276	0.261724	1.070542
6390	-2619.509	-2725.524	106.0151	1.373163	0.794491	0.205509	0.9232498
6396	-2625.326	-2731.249	105.9228	1.39623	0.728619	0.271381	0.9955695
6402	-2617.244	-2723.176	105.9326	1.405656	0.717566	0.282434	0.9760741
6408	-2623.792	-2729.753	105.961	1.48298	0.761564	0.238436	0.8597895
6414	-2625.378	-2731.312	105.9337	1.299202	0.680795	0.319205	1.078778
6420	-2626.551	-2732.487	105.9368	1.618771	0.841906	0.158094	0.7041764
6426	-2620	-2726.001	106.0014	1.466854	0.70834	0.29166	0.8300057
6432	-2631.046	-2736.881	105.8352	1.421654	0.746579	0.253421	1.056284
6438	-2627.297	-2733.187	105.8908	1.354565	0.684588	0.315412	1.067106
6444	-2622.151	-2728.13	105.979	1.345693	0.7585	0.2415	0.9899031
6450	-2616.088	-2722.079	105.991	1.333671	0.777837	0.222163	0.9899031
6456	-2619.703	-2725.662	105.9592	1.295371	0.7516	0.2484	1.05843
6462	-2628.697	-2734.612	105.9152	1.354175	0.754238	0.245762	1.044324
6468	-2628.284	-2734.214	105.9302	1.313886	0.759953	0.240047	1.068329
6474	-2627.765	-2733.581	105.8158	1.406806	0.785349	0.214651	1.088357
6480	-2623.299	-2729.301	106.0016	1.301505	0.663256	0.336744	1.011447
6486	-2625.888	-2731.554	105.6667	1.236505	0.764012	0.235988	1.359143
6492	-2625.788	-2731.785	105.9965	1.48341	0.729053	0.270947	0.8151691
6498	-2622.311	-2728.349	106.0382	1.46667	0.772695	0.227305	0.7817519
6504	-2625.574	-2731.529	105.9542	1.574601	0.684234	0.315766	0.7472674
6510	-2633.495	-2739.517	106.0221	1.498973	0.684347	0.315653	0.7587583
6516	-2631.061	-2736.995	105.934	1.498596	0.768387	0.231613	0.873268
6522	-2626.507	-2732.556	106.0494	1.359739	0.792388	0.207612	0.900176
6528	-2626.024	-2731.838	105.8141	1.37527	0.807775	0.192225	1.118754
6534	-2625.01	-2730.54	105.5295	1.106094	0.728646	0.271354	1.562695
6540	-2626.019	-2731.925	105.9052	1.199334	0.713333	0.286667	1.193445
6546	-2627.549	-2733.24	105.6909	1.226895	0.706138	0.293862	1.347558
6552	-2627.355	-2733.214	105.8592	1.152614	0.698592	0.301408	1.271478
6558	-2621.302	-2727.043	105.7413	1.13643	0.660496	0.339504	1.379226
6564	-2625.855	-2731.772	105.9166	1.170314	0.660496	0.339504	1.208567
6570	-2625.911	-2731.617	105.7057	1.293759	0.730168	0.269832	1.281679
6576	-2623.489	-2729.445	105.956	1.42535	0.622532	0.377468	0.9307058
6582	-2619.906	-2725.842	105.9362	1.41962	0.777091	0.222909	0.9578726
6588	-2621.518	-2727.455	105.9378	1.43281	0.803478	0.196522	0.9423141
6594	-2625.717	-2731.649	105.932	1.508568	0.83251	0.16749	0.8638873
6600	-2624.466	-2730.419	105.9536	1.536337	0.77301	0.22699	0.8020754
6606	-2632.707	-2738.63	105.9228	1.508356	0.88159	0.11841	0.8749103
6612	-2639.214	-2745.147	105.9323	1.512091	0.655396	0.344604	0.8592504
6618	-2637.968	-2744.007	106.0384	1.442894	0.752928	0.247072	0.8134035
6624	-2636.137	-2741.946	105.8089	1.811886	0.701259	0.298741	0.5181966
6630	-2630.67	-2736.6	105.9297	1.666974	0.82486	0.17514	0.6198826
6636	-2635.9	-2741.765	105.8651	1.745501	0.668843	0.331157	0.5773084
6642	-2632.816	-2738.735	105.9186	1.678322	0.7802	0.2198	0.6191003
6648	-2624.983	-2730.852	105.8691	1.679606	0.714143	0.285857	0.7156621
6654	-2622.326	-2728.376	106.0507	1.542278	0.702743	0.297257	0.6290138
6660	-2619.065	-2725.05	105.9846	1.595084	0.702743	0.297257	0.6587122
6666	-2622.134	-2728.039	105.9045	1.661626	0.702743	0.297257	0.6852857
6672	-2623.167	-2729.096	105.9293	1.676752	0.776263	0.223737	0.5928888
6678	-2624.477	-2730.521	106.0441	1.4996	0.795155	0.204845	0.7239894
6684	-2622.519	-2728.527	106.0076	1.535461	0.792465	0.207535	0.7248814
6690	-2635.89	-2741.875	105.9855	1.480668	0.689351	0.310649	0.8326073
6696	-2632.705	-2738.692	105.9874	1.56639	0.819228	0.180772	0.7071315
6702	-2635.821	-2741.826	106.0057	1.273239	0.791229	0.208771	1.035078
6708	-2636.175	-2742.11	105.9352	1.266019	0.726445	0.273555	1.107978
6714	-2630.772	-2736.759	105.9878	1.274987	0.832625	0.167375	1.050552
6720	-2634.862	-2740.896	106.0333	1.42321	0.832625	0.167375	0.844564
6726	-2629.854	-2735.832	105.9782	1.569304	0.740201	0.259799	0.717788
6732	-2630.073	-2736.081	106.0077	1.508808	0.800569	0.199431	0.7653131
6738	-2636.806	-2742.831	106.0258	1.417534	0.823407	0.176593	0.8605729
6744	-2636.774	-2742.842	106.0675	1.41188	0.829894	0.170106	0.8158498
6750	-2626.365	-2732.403	106.0379	1.491599	0.776848	0.223152	0.746091
6756	-2631.707	-2737.676	105.9693	1.612869	0.748773	0.251227	0.6536198
6762	-2624.579	-2730.457	105.8777	1.687541	0.748773	0.251227	0.6868952
6768	-2624.072	-2730.025	105.9536	1.457204	0.739731	0.260269	0.8982255
6774	-2636.61	-2742.482	105.8718	1.519105	0.640143	0.359857	0.9203398
6780	-2630.231	-2736.121	105.8896	1.648536	0.798029	0.201971	0.7328779
6786	-2625.414	-2731.341	105.9271	1.647456	0.72084	0.27916	0.6691369
6792	-2623.799	-2729.789	105.9904	1.56298	0.716786	0.283214	0.7078821
6798	-2618.933	-2724.945	106.0116	1.54179	0.703081	0.296919	0.7078821
6804	-2619.969	-2725.986	106.0168	1.496546	0.839881	0.160119	0.769932
6810	-2617.424	-2723.43	106.0055	1.554351	0.829041	0.170959	0.6966702
6816	-2622.377	-2728.322	105.9454	1.466719	0.706885	0.293115	0.8967921
6822	-2624.413	-2730.362	105.9496	1.42338	0.706885	0.293115	0.9397011
6828	-2626.901	-2732.85	105.9488	1.336953	0.654099	0.345901	1.028505
6834	-2628.847	-2734.803	105.9562	1.544573	0.733687	0.266313	0.7874614
6840	-2628.319	-2734.176	105.8567	1.259961	0.807192	0.192808	1.183051
6846	-2626.682	-2732.6	105.9178	1.302153	0.724997	0.275003	1.090773
6852	-2621.707	-2727.66	105.9528	1.562407	0.712611	0.287389	0.7671821
6858	-2618.705	-2724.705	106.0004	1.519536	0.772326	0.227674	0.7603705
6864	-2615.538	-2721.526	105.988	1.58339	0.794799	0.205201	0.6752792
6870	-2622.131	-2727.958	105.8273	1.788663	0.730053	0.269947	0.5544156
6876	-2627.816	-2733.766	105.9502	1.649697	0.871069	0.128931	0.6112639
6882	-2631.277	-2737.296	106.0191	1.544407	0.820116	0.179884	0.6901047
6888	-2636.779	-2742.83	106.0507	1.478299	0.666466	0.333534	0.7468282
6894	-2628.87	-2734.846	105.9757	1.532281	0.701597	0.298403	0.7774439
6900	-2629.528	-2735.562	106.0338	1.516257	0.701597	0.298403	0.7134127
6906	-2622.844	-2728.87	106.0261	1.464792	0.682803	0.317197	0.8007282
6912	-2636.802	-2742.58	105.7772	1.21055	0.749493	0.250507	1.291266
6918	-2631.489	-2737.253	105.7637	1.223973	0.78486	0.21514	1.291266
6924	-2622.429	-2728.422	105.9922	1.548657	0.823134	0.176866	0.7284351
6930	-2623.914	-2729.906	105.9922	1.622338	0.754142	0.245858	0.5609958
6936	-2627.174	-2733.095	105.9207	1.699962	0.775588	0.224412	0.5206494
6942	-2629.738	-2735.575	105.837	1.781437	0.730465	0.269535	0.5400635
6948	-2627.22	-2733.088	105.867	1.754213	0.804279	0.195721	0.510966
6954	-2621.549	-2727.52	105.9713	1.621886	0.766315	0.233685	0.6286388
6960	-2627.774	-2733.811	106.0378	1.51038	0.711651	0.288349	0.7165879
6966	-2628.394	-2734.441	106.0466	1.539519	0.779494	0.220506	0.6449809
6972	-2620.655	-2726.5	105.8452	1.776168	0.778599	0.221401	0.5061754
6978	-2618.682	-2724.671	105.9889	1.61986	0.796796	0.203204	0.584137
6984	-2614.614	-2720.65	106.0366	1.56055	0.801519	0.198481	0.6185998
6990	-2627.672	-2733.612	105.9396	1.652273	0.784302	0.215698	0.63175
6996	-2624.237	-2730.193	105.9559	1.627835	0.728314	0.271686	0.6502202
7002	-2615.016	-2720.978	105.9619	1.621851	0.719123	0.280877	0.6502202
7008	-2620.594	-2726.405	105.8107	1.490645	0.77774	0.22226	1.013166
7014	-2616.885	-2722.75	105.8648	1.278696	0.77774	0.22226	1.159567
7020	-2617.909	-2723.905	105.9963	1.284767	0.764	0.236	1.03302
7026	-2616.648	-2722.55	105.9015	1.282843	0.764681	0.235319	1.123256
7032	-2617.746	-2723.682	105.9357	1.415349	0.764681	0.235319	0.9628669
7038	-2622.91	-2728.854	105.9436	1.407425	0.854964	0.145036	0.9628669
7044	-2620.715	-2726.716	106.0006	1.41517	0.795171	0.204829	0.8926125
7050	-2620.064	-2726.156	106.0922	1.323583	0.824161	0.175839	0.8926125
7056	-2618.874	-2724.837	105.9629	1.527483	0.774776	0.225224	0.8013918
7062	-2622.317	-2728.236	105.9189	1.626004	0.771331	0.228669	0.7219863
7068	-2623.641	-2729.68	106.0384	1.456735	0.788541	0.211459	0.7951068
7074	-2624.041	-2730.041	106.0003	1.577237	0.797966	0.202034	0.6632602
7080	-2616.78	-2722.76	105.9798	1.577995	0.797966	0.202034	0.7003189
7086	-2622.473	-2728.453	105.9806	1.505741	0.783672	0.216328	0.8068508
7092	-2624.192	-2730.256	106.064	1.46097	0.726489	0.273511	0.7528657
7098	-2623.048	-2728.99	105.9419	1.538208	0.724111	0.275889	0.8149784
7104	-2623.063	-2729.027	105.9639	1.508115	0.760769	0.239231	0.8253441
7110	-2628.522	-2734.473	105.9506	1.644231	0.75778	0.24222	0.624385
7116	-2623.694	-2729.714	106.0197	1.560412	0.75778	0.24222	0.6578752
7122	-2613.053	-2719.007	105.9536	1.611629	0.803383	0.196617	0.6869291
7128	-2616.053	-2722.069	106.0157	1.540971	0.799632	0.200368	0.7021633
7134	-2612.998	-2719.049	106.0509	1.421875	0.784998	0.215002	0.8243054
7140	-2618.698	-2724.694	105.9957	1.412139	0.784998	0.215002	0.9016081
7146	-2618.195	-2724.101	105.9057	1.579488	0.784998	0.215002	0.8083044
7152	-2627.922	-2733.925	106.0036	1.351281	0.691105	0.308895	0.9588167
7158	-2627.657	-2733.492	105.8356	1.230518	0.696496	0.303504	1.226234
7164	-2635.292	-2741.27	105.978	1.312959	0.763481	0.236519	1.023397
7170	-2628.86	-2734.836	105.9758	1.275255	0.660823	0.339177	1.061729
7176	-2629.127	-2735.005	105.8781	1.327386	0.794314	0.205686	1.104046
7182	-2631.453	-2737.453	106.0007	1.223304	0.772987	0.227013	1.087029
7188	-2625.048	-2730.949	105.9015	1.248043	0.717479	0.282521	1.154283
7194	-2625.454	-2731.204	105.7498	1.195488	0.810288	0.189712	1.325635
7200	-2615.283	-2721.057	105.7744	1.238294	0.800666	0.199334	1.270736
7206	-2625.961	-2731.914	105.9525	1.179183	0.81436	0.18564	1.169976
7212	-2626.773	-2732.61	105.8375	1.027036	0.748354	0.251646	1.389534
7218	-2620.941	-2726.786	105.8451	1.179478	0.675493	0.324507	1.260982
7224	-2625.161	-2731.191	106.0307	1.223734	0.689111	0.310889	1.058583
7230	-2635.692	-2741.437	105.7451	1.141123	0.892985	0.107015	1.372503
7236	-2628.22	-2733.696	105.4759	1.086081	0.793653	0.206347	1.61644
7242	-2626.36	-2732.079	105.7189	0.9339367	0.746946	0.253054	1.550022
7248	-2633.556	-2738.682	105.1262	0.9099272	0.752873	0.247127	1.981033
7254	-2636.271	-2741.434	105.1622	0.8890175	0.659687	0.340313	1.970968
7260	-2632.95	-2738.82	105.8703	1.244906	0.775273	0.224727	1.184257
7266	-2626.178	-2731.9	105.7218	1.325881	0.661099	0.338901	1.241712
7272	-2629.325	-2735.084	105.7589	1.329024	0.767594	0.232406	1.207704
7278	-2626.259	-2732.173	105.9136	1.227181	0.735035	0.264965	1.162012
7284	-2636.61	-2742.273	105.6632	1.196954	0.815638	0.184362	1.392904
7290	-2622.013	-2727.424	105.4111	1.139414	0.719798	0.280202	1.624741
7296	-2620.673	-2726.267	105.5941	1.143921	0.833702	0.166298	1.486532
7302	-2625.925	-2731.784	105.8588	1.185822	0.849238	0.150762	1.244248
7308	-2620.701	-2726.611	105.9094	1.224986	0.811494	0.188506	1.167575
7314	-2618.548	-2724.266	105.7175	1.248843	0.839053	0.160947	1.30866
7320	-2623.515	-2729.318	105.8028	1.19437	0.839053	0.160947	1.28351
7326	-2627.119	-2733.114	105.995	1.287454	0.730216	0.269784	1.031628
7332	-2630.849	-2736.842	105.9924	1.549689	0.771859	0.228141	0.7265519
7338	-2632.133	-2738.109	105.9755	1.368061	0.72871	0.27129	0.9705665
7344	-2627.556	-2733.405	105.8487	1.282643	0.830607	0.169393	1.17022
7350	-2622.673	-2728.525	105.8521	1.311463	0.637709	0.362291	1.141874
7356	-2621.994	-2727.857	105.8633	1.362977	0.824116	0.175884	1.084943
7362	-2618.028	-2723.886	105.8583	1.304708	0.788763	0.211237	1.142392
7368	-2625.068	-2731.018	105.9494	1.3648	0.757054	0.242946	1.000411
7374	-2624.449	-2730.298	105.8486	1.27787	0.74029	0.25971	1.174492
7380	-2612.904	-2718.795	105.8915	1.276368	0.754288	0.245712	1.13804
7386	-2623.651	-2729.589	105.9379	1.230581	0.695013	0.304987	1.137485
7392	-2620.371	-2725.966	105.5947	1.246172	0.802244	0.197756	1.407933
7398	-2623.42	-2729.083	105.6628	1.160132	0.75649	0.24351	1.421817
7404	-2638.329	-2743.63	105.3015	0.911306	0.804572	0.195428	1.861612
7410	-2630.382	-2736.222	105.8402	1.178374	0.829868	0.170132	1.265894
7416	-2626.773	-2732.657	105.8845	1.134127	0.836341	0.163659	1.265894
7422	-2632.653	-2738.382	105.7284	1.194545	0.768591	0.231409	1.343458
7428	-2625.105	-2730.897	105.7919	1.131044	0.7534	0.2466	1.343458
7434	-2625.099	-2730.96	105.8608	1.237341	0.805807	0.194193	1.198968
7440	-2630.614	-2736.451	105.8369	1.424914	0.815333	0.184667	1.051485
7446	-2626.658	-2732.618	105.9592	1.461516	0.755631	0.244369	0.8869502
7452	-2619.148	-2725.145	105.9975	1.529914	0.757717	0.242283	0.7493119
7458	-2623.023	-2729.017	105.9944	1.508532	0.780201	0.219799	0.7845211
7464	-2624.44	-2730.306	105.8665	1.684582	0.803957	0.196043	0.7117419
7470	-2620.332	-2726.304	105.9723	1.64569	0.69855	0.30145	0.5431272
7476	-2622.833	-2728.826	105.9931	1.61187	0.74771	0.25229	0.5962645
7482	-2614.721	-2720.716	105.9954	1.56483	0.757304	0.242696	0.6960459
7488	-2625.612	-2731.568	105.9562	1.545841	0.826864	0.173136	0.7857558
7494	-2631.648	-2737.633	105.9853	1.495352	0.735456	0.264544	0.8141772
7500	-2621.003	-2727.014	106.0113	1.500792	0.746364	0.253636	0.7717129
7506	-2628.097	-2734.135	106.0381	1.469889	0.76289	0.23711	0.7774962
7512	-2622.875	-2728.981	106.1056	1.378624	0.724687	0.275313	0.8095641
7518	-2621.908	-2727.843	105.9352	1.376851	0.764411	0.235589	1.002609
7524	-2620.891	-2726.825	105.934	1.37802	0.770464	0.229536	1.002609
7530	-2622.345	-2728.118	105.7731	1.424352	0.751374	0.248626	1.111345
7536	-2617.594	-2723.445	105.8519	1.345599	0.717174	0.282826	1.111345
7542	-2622.042	-2727.885	105.8429	1.328264	0.769954	0.230046	1.135102
7548	-2627.791	-2733.556	105.7651	1.392214	0.74164	0.25836	1.147373
7554	-2619.886	-2725.873	105.9868	1.342599	0.719337	0.280663	0.9851556
7560	-2622.5	-2728.527	106.0276	1.412102	0.779265	0.220735	0.8648671
7566	-2629.679	-2735.606	105.9273	1.531143	0.741643	0.258357	0.8422179
7572	-2622.307	-2728.335	106.0279	1.502293	0.790767	0.209233	0.7451024
7578	-2623.707	-2729.684	105.9764	1.54039	0.799344	0.200656	0.764891
7584	-2630.456	-2736.516	106.0604	1.54039	0.771242	0.228758	0.6088121
7590	-2633.643	-2739.559	105.9165	1.702181	0.567091	0.432909	0.463281
7596	-2622.46	-2728.247	105.7871	1.831488	0.808605	0.191395	0.463281
7602	-2631.42	-2737.114	105.6948	1.925326	0.771435	0.228565	0.4747997
7608	-2629.249	-2735.053	105.8037	1.817775	0.808763	0.191237	0.4954461
7614	-2630.773	-2736.491	105.7173	1.904126	0.70347	0.29653	0.4949861
7620	-2625.601	-2731.398	105.7966	1.822182	0.754994	0.245006	0.4640455
7626	-2627.372	-2733.128	105.7559	1.852379	0.754994	0.245006	0.423076
7632	-2621.427	-2727.224	105.7969	1.824557	0.796292	0.203708	0.4955027
7638	-2621.092	-2726.843	105.7505	1.866648	0.725961	0.274039	0.4549401
7644	-2621.852	-2727.502	105.6501	1.959954	0.679645	0.320355	0.4281458
7650	-2620.662	-2726.371	105.7088	1.90576	0.752877	0.247123	0.4435291
7656	-2629.591	-2735.3	105.7088	1.892501	0.826776	0.173224	0.4062211
7662	-2629.986	-2735.669	105.6827	1.938002	0.840011	0.159989	0.4801365
7668	-2634.737	-2740.42	105.683	1.936982	0.727331	0.272669	0.473581
7674	-2623.33	-2729.215	105.8852	1.733473	0.749377	0.250623	0.5385664
7680	-2619.764	-2725.619	105.8557	1.757005	0.769996	0.230004	0.569036
7686	-2626.123	-2732.012	105.8893	1.732171	0.745679	0.254321	0.5010342
7692	-2626.564	-2732.537	105.9728	1.648426	0.765135	0.234865	0.5121977
7698	-2631.459	-2737.41	105.9508	1.650475	0.829196	0.170804	0.6074187
7704	-2638.141	-2744.149	106.0077	1.526867	0.774661	0.225339	0.7383856
7710	-2632.919	-2738.857	105.9385	1.681216	0.778779	0.221221	0.5302975
7716	-2626.732	-2732.592	105.8597	1.759985	0.687324	0.312676	0.5302975
7722	-2629.941	-2735.819	105.8772	1.731504	0.687324	0.312676	0.5841753
7728	-2628.712	-2734.546	105.834	1.787177	0.809802	0.190198	0.5127767
7734	-2624.214	-2730.099	105.885	1.723277	0.761574	0.238426	0.5856833
7740	-2627.054	-2732.806	105.752	1.865984	0.800986	0.199014	0.4596012
7746	-2614.647	-2720.424	105.7767	1.84471	0.703061	0.296939	0.5039326
7752	-2617.581	-2723.556	105.9751	1.619353	0.825417	0.174583	0.6253049
7758	-2619.609	-2725.429	105.8205	1.795669	0.77913	0.22087	0.5530098
7764	-2622.727	-2728.672	105.9448	1.617407	0.724075	0.275925	0.6923686
7770	-2625.953	-2731.956	106.003	1.559207	0.787142	0.212858	0.6923686
7776	-2624.887	-2730.931	106.0441	1.539242	0.594574	0.405426	0.6511491
7782	-2621.207	-2727.25	106.0432	1.502572	0.814601	0.185399	0.7204884
7788	-2627.021	-2732.871	105.8499	1.718111	0.710673	0.289327	0.6817604
7794	-2639.013	-2744.869	105.8561	1.530073	0.841185	0.158815	0.9255662
7800	-2634.969	-2740.756	105.7876	1.804108	0.764187	0.235813	0.6320883
7806	-2621.625	-2727.582	105.9573	1.634446	0.80162	0.19838	0.6320883
7812	-2624.833	-2730.822	105.9888	1.570782	0.735427	0.264573	0.697178
7818	-2628.985	-2734.962	105.977	1.582538	0.81392	0.18608	0.697178
7824	-2626.496	-2732.337	105.8413	1.780014	0.808795	0.191205	0.5089722
7830	-2624.576	-2730.474	105.8982	1.652996	0.815352	0.184648	0.7115375
7836	-2618.896	-2724.82	105.924	1.645203	0.769826	0.230174	0.6795764
7842	-2629.03	-2735.058	106.0279	1.546588	0.809469	0.190531	0.6692907
7848	-2626.648	-2732.596	105.9482	1.611576	0.684896	0.315104	0.69681
7854	-2625.156	-2730.987	105.831	1.560038	0.719289	0.280711	0.920224
7860	-2612.889	-2718.911	106.0216	1.487298	0.775227	0.224773	0.7761457
7866	-2618.329	-2724.279	105.9505	1.393605	0.762517	0.237483	0.9700103
7872	-2617.385	-2723.371	105.986	1.358133	0.752381	0.247619	0.9700103
7878	-2619.791	-2725.756	105.9651	1.446988	0.770605	0.229395	0.8968485
7884	-2625.887	-2731.744	105.8565	1.377832	0.821435	0.178565	1.077471
7890	-2626.259	-2732.189	105.9295	1.406273	0.697994	0.302006	0.9786428
7896	-2628.645	-2734.668	106.0229	1.436209	0.655406	0.344594	0.8414264
7902	-2625.081	-2731.068	105.9876	1.372176	0.655406	0.344594	0.9537404
7908	-2622.258	-2728.158	105.8994	1.408062	0.765051	0.234949	1.00712
7914	-2627.173	-2732.973	105.7997	1.377928	0.809235	0.190765	1.129317
7920	-2625.49	-2731.482	105.9926	1.430036	0.809235	0.190765	0.884778
7926	-2621.035	-2726.977	105.9422	1.263306	0.833506	0.166494	1.104057
7932	-2623.091	-2728.824	105.7326	1.165177	0.778604	0.221396	1.36339
7938	-2627.491	-2733.59	106.0989	1.319679	0.772966	0.227034	0.8894161
7944	-2624.456	-2730.479	106.023	1.425767	0.79484	0.20516	0.8540217
7950	-2624.324	-2730.068	105.7441	1.178398	0.752053	0.247947	1.343809
7956	-2622.097	-2727.634	105.5365	1.208606	0.752053	0.247947	1.481163
7962	-2628.64	-2734.535	105.8948	1.488854	0.73282	0.26718	0.9282545
7968	-2628.071	-2733.807	105.7364	1.25818	0.774607	0.225393	1.285684
7974	-2623.256	-2728.946	105.6894	1.107419	0.811948	0.188052	1.441864
7980	-2630.647	-2736.505	105.8571	1.22625	0.719063	0.280937	1.211575
7986	-2623.457	-2729.357	105.8992	1.215196	0.775995	0.224005	1.184935
7992	-2627.924	-2733.741	105.8168	1.242674	0.752165	0.247835	1.231802
7998	-2632.371	-2738.105	105.7338	1.32568	0.849413	0.150587	1.231802
8004	-2630.218	-2736.192	105.9734	1.487639	0.905107	0.0948933	0.839057
8010	-2622.99	-2728.991	106.0009	1.501398	0.776162	0.223838	0.7853123
8016	-2625.463	-2731.421	105.9577	1.587819	0.799277	0.200723	0.7209173
8022	-2628.975	-2735.047	106.0723	1.50205	0.803902	0.196098	0.669638
8028	-2628.488	-2734.431	105.9431	1.638703	0.829691	0.170309	0.6543163
8034	-2635.768	-2741.592	105.824	1.777725	0.787506	0.212494	0.6060849
8040	-2626.891	-2732.627	105.736	1.883729	0.690059	0.309941	0.47085
8046	-2620.73	-2726.413	105.6827	1.923535	0.766061	0.233939	0.4176995
8052	-2624.095	-2729.728	105.6331	1.986353	0.811656	0.188344	0.4686066
8058	-2619.522	-2725.235	105.7126	1.894767	0.778487	0.221513	0.4207412
8064	-2633.16	-2738.898	105.7378	1.875627	0.679837	0.320163	0.4390563
8070	-2630.014	-2735.69	105.6761	1.929618	0.857905	0.142095	0.4165252
8076	-2621.871	-2727.521	105.6494	1.940582	0.705396	0.294604	0.3847789
8082	-2619.004	-2724.594	105.5903	1.9997	0.767282	0.232718	0.3847789
8088	-2623.48	-2729.088	105.6073	1.975016	0.715897	0.284103	0.372758
8094	-2621.153	-2726.808	105.6557	1.946605	0.703493	0.296507	0.408494
8100	-2624.094	-2729.907	105.8131	1.778049	0.765836	0.234164	0.6335398
8106	-2625.03	-2731.071	106.0408	1.491179	0.738467	0.261533	0.7423734
8112	-2623.121	-2729.045	105.9238	1.52366	0.759444	0.240556	0.8556193
8118	-2619.691	-2725.609	105.9177	1.457845	0.835162	0.164838	0.9370087
8124	-2617.956	-2723.916	105.9597	1.543695	0.763263	0.236737	0.7838762
8130	-2622.335	-2728.279	105.9433	1.612039	0.72837	0.27163	0.7044492
8136	-2619.835	-2725.845	106.0098	1.545609	0.698277	0.301723	0.7044492
8142	-2615.401	-2721.44	106.0387	1.447206	0.801745	0.198255	0.8074059
8148	-2623.786	-2729.825	106.0387	1.420411	0.660668	0.339332	0.8414615
8154	-2619.877	-2725.747	105.8708	1.243206	0.717134	0.282866	1.185286
8160	-2627.01	-2732.904	105.8939	1.726059	0.675682	0.324318	0.4733773
8166	-2625.341	-2731.191	105.8498	1.757691	0.729456	0.270544	0.5883259
8172	-2630.488	-2736.028	105.54	1.134718	0.757513	0.242487	1.533863
8178	-2625.161	-2730.698	105.5362	1.10528	0.762966	0.237034	1.5584
8184	-2617.221	-2722.729	105.5074	1.018796	0.770886	0.229114	1.642234
8190	-2617.124	-2722.628	105.5032	0.9639826	0.747432	0.252568	1.684401
8196	-2610.682	-2715.794	105.1128	0.9335012	0.765594	0.234406	1.974223
8202	-2615.667	-2721.563	105.896	1.104226	0.715429	0.284571	1.281023
8208	-2616.574	-2722.231	105.6569	1.098131	0.774387	0.225613	1.47371
8214	-2629.863	-2735.541	105.6774	1.077578	0.752513	0.247487	1.47371
8220	-2629.507	-2735.152	105.6448	1.110138	0.725291	0.274709	1.47371
8226	-2623.602	-2729.451	105.8496	1.270231	0.71218	0.28782	1.180287
8232	-2626.474	-2732.216	105.7421	1.189994	0.808164	0.191836	1.336124
8238	-2622.55	-2728.261	105.7106	1.237847	0.707596	0.292404	1.323031
8244	-2626.843	-2732.673	105.8301	1.383283	0.610401	0.389599	1.096846
8250	-2636.08	-2742.008	105.9272	1.238741	0.756506	0.243494	1.139772
8256	-2631.584	-2737.492	105.9089	1.543987	0.68005	0.31995	0.8490235
8262	-2628.933	-2734.911	105.9777	1.543987	0.816214	0.183786	0.7578035
8268	-2631.035	-2737.042	106.0063	1.556736	0.80405	0.19595	0.6910289
8274	-2631.358	-2736.871	105.513	1.260422	0.72551	0.27449	1.459704
8280	-2624.014	-2729.857	105.8425	1.202483	0.780831	0.219169	1.243974
8286	-2622.606	-2728.478	105.8716	1.348489	0.752254	0.247746	1.09063
8292	-2625.691	-2731.571	105.8806	1.737338	0.785631	0.214369	0.5431144
8298	-2630.846	-2736.766	105.9199	1.648241	0.815479	0.184521	0.6815049
8304	-2632.719	-2738.713	105.9945	1.589221	0.815479	0.184521	0.6501713
8310	-2620.365	-2726.344	105.979	1.613057	0.765892	0.234108	0.6311499
8316	-2622.593	-2728.494	105.9011	1.691013	0.765892	0.234108	0.6311499
8322	-2625.064	-2731.045	105.9815	1.627508	0.765944	0.234056	0.5831584
8328	-2620.392	-2726.316	105.9244	1.684614	0.765944	0.234056	0.5831584
8334	-2618.45	-2724.461	106.0112	1.583497	0.765944	0.234056	0.6249002
8340	-2618.444	-2724.384	105.9399	1.560573	0.814565	0.185435	0.7878333
8346	-2624.259	-2730.156	105.8973	1.543177	0.718235	0.281765	0.8639859
8352	-2626.589	-2732.554	105.9653	1.568333	0.719287	0.280713	0.739884
8358	-2621.924	-2727.859	105.9348	1.647938	0.678291	0.321709	0.6523268
8364	-2622.033	-2727.999	105.966	1.607868	0.720756	0.279244	0.6705515
8370	-2613.426	-2719.403	105.9776	1.596278	0.799197	0.200803	0.6705515
8376	-2619.115	-2724.963	105.8486	1.74387	0.744229	0.255771	0.6301614
8382	-2623.321	-2729.116	105.7951	1.781838	0.786984	0.213016	0.6645096
8388	-2622.408	-2728.3	105.892	1.68263	0.737256	0.262744	0.6689662
8394	-2623.582	-2729.519	105.9367	1.673225	0.819602	0.180398	0.579998
8400	-2623.634	-2729.551	105.9166	1.679737	0.730095	0.269905	0.6205205
8406	-2621.934	-2727.837	105.9034	1.619334	0.730095	0.269905	0.7563131
8412	-2625.392	-2731.248	105.8564	1.5015	0.790022	0.209978	0.9556605
8418	-2627.385	-2733.313	105.9282	1.52633	0.689377	0.310623	0.8470646
8424	-2634.815	-2740.764	105.9493	1.505222	0.822203	0.177797	0.8470646
8430	-2632.151	-2738.089	105.9376	1.418384	0.754842	0.245158	0.9577353
8436	-2633.272	-2739.144	105.8723	1.246013	0.754842	0.245158	1.181568
8442	-2637.833	-2743.46	105.6264	1.167696	0.745797	0.254203	1.443928
8448	-2637.752	-2743.375	105.6226	1.171563	0.810235	0.189765	1.443928
8454	-2623.64	-2729.103	105.4629	1.194192	0.795974	0.204026	1.546911
8460	-2623.825	-2729.456	105.6303	1.25528	0.795974	0.204026	1.373042
8466	-2631.724	-2737.653	105.9293	1.317235	0.810633	0.189367	1.066027
8472	-2621.883	-2727.73	105.8473	1.373631	0.754993	0.245007	1.089861
8478	-2631.508	-2737.36	105.8526	1.346524	0.767379	0.232621	1.109874
8484	-2628.428	-2734.404	105.9759	1.270413	0.812755	0.187245	1.066235
8490	-2622.854	-2728.695	105.8414	1.483678	0.753265	0.246735	0.9894403
8496	-2630.531	-2736.457	105.9259	1.500348	0.723178	0.276822	0.8806364
8502	-2629.579	-2735.427	105.8485	1.702825	0.799546	0.200454	0.7114068
8508	-2634.031	-2740.026	105.9946	1.599534	0.707769	0.292231	0.6261763
8514	-2637.228	-2743.186	105.9577	1.478083	0.753278	0.246722	0.8695321
8520	-2639.082	-2745.042	105.9607	1.481112	0.775734	0.224266	0.8623544
8526	-2634.783	-2740.759	105.9762	1.456546	0.707325	0.292675	0.8730818
8532	-2635.779	-2741.647	105.8686	1.752782	0.748989	0.251011	0.494295
8538	-2641.806	-2747.65	105.844	1.775016	0.646447	0.353553	0.5361318
8544	-2626.624	-2732.569	105.9457	1.413735	0.752385	0.247615	0.9540625
8550	-2630.139	-2736.052	105.9126	1.303759	0.694296	0.305704	1.094109
8556	-2627.913	-2733.881	105.9679	1.475771	0.767073	0.232927	0.8601513
8562	-2625.345	-2731.363	106.0181	1.426	0.727276	0.272724	0.8596414
8568	-2622.085	-2728.092	106.0072	1.522357	0.791466	0.208534	0.7459857
8574	-2620.647	-2726.634	105.9866	1.613054	0.692862	0.307138	0.6118725
8580	-2632.471	-2738.508	106.0367	1.57989	0.861783	0.138217	0.5513002
8586	-2626.154	-2731.942	105.7876	1.822688	0.761965	0.238035	0.4288571
8592	-2620.769	-2726.41	105.6406	1.969637	0.738542	0.261458	0.4288571
8598	-2634.189	-2739.799	105.6096	1.992598	0.865665	0.134335	0.4081444
8604	-2636.449	-2742.262	105.8134	1.803486	0.851928	0.148072	0.5491817
8610	-2623.037	-2728.848	105.8111	1.810229	0.801455	0.198545	0.4903434
8616	-2620.791	-2726.694	105.9026	1.715993	0.653076	0.346924	0.5390361
8622	-2623.438	-2729.326	105.8875	1.719854	0.730656	0.269344	0.5888611
8628	-2622.524	-2728.467	105.9424	1.654671	0.776107	0.223893	0.6187102
8634	-2628.086	-2734.136	106.0502	1.570751	0.776107	0.223893	0.5166797
8640	-2621.979	-2727.909	105.9294	1.640199	0.688162	0.311838	0.6787516
8646	-2624.671	-2730.671	105.9997	1.559242	0.784178	0.215822	0.6981686
8652	-2619.151	-2725.074	105.9234	1.694003	0.778038	0.221962	0.5466108
8658	-2623.27	-2729.168	105.8986	1.690019	0.697701	0.302299	0.639327
8664	-2628.881	-2734.883	106.0017	1.501315	0.767186	0.232814	0.7844001
8670	-2623.516	-2729.54	106.0243	1.432183	0.766661	0.233339	0.8446206
8676	-2626.795	-2732.695	105.9007	1.453024	0.727416	0.272584	0.9600948
8682	-2621.548	-2727.574	106.0258	1.367828	0.748954	0.251046	0.9174207
8688	-2622.329	-2728.306	105.9775	1.272986	0.800261	0.199739	1.062261
8694	-2626.25	-2732.292	106.0424	1.208069	0.692249	0.307751	1.062261
8700	-2619.328	-2725.17	105.8424	1.40805	0.805909	0.194091	1.062261
8706	-2618.104	-2724.075	105.9716	1.278857	0.681504	0.318496	1.062261
8712	-2619.818	-2725.764	105.9454	1.232536	0.63351	0.36649	1.129014
8718	-2624.835	-2730.766	105.9317	1.246233	0.681644	0.318356	1.129014
8724	-2617.642	-2723.325	105.6832	1.204244	0.831514	0.168486	1.371572
8730	-2615.579	-2721.463	105.8839	1.212668	0.725432	0.274568	1.200335
8736	-2620.372	-2726.235	105.8634	1.320401	0.786384	0.213616	1.123722
8742	-2621.913	-2727.888	105.9747	1.36619	0.786384	0.213616	0.9733791
8748	-2622.637	-2728.574	105.9374	1.268953	0.737646	0.262354	1.103275
8754	-2618.206	-2724.118	105.9119	1.307978	0.78562	0.21438	1.090853
8760	-2624.468	-2730.414	105.9468	1.279125	0.798092	0.201908	1.085281
8766	-2631.954	-2737.898	105.9435	1.286421	0.749413	0.250587	1.081518
8772	-2626.239	-2732.043	105.8043	1.245585	0.806521	0.193479	1.239894
8778	-2629.386	-2735.114	105.7281	1.265163	0.770176	0.229824	1.286721
8784	-2638.385	-2744.283	105.8982	1.72236	0.777444	0.222556	0.5219681
8790	-2629.106	-2735.131	106.0254	1.571276	0.801409	0.198591	0.6198634
8796	-2627.669	-2733.612	105.9429	1.663254	0.773012	0.226988	0.5926953
8802	-2633.639	-2739.482	105.8433	1.745527	0.688419	0.311581	0.6389171
8808	-2635.346	-2741.235	105.889	1.694627	0.821158	0.178842	0.6504559
8814	-2629.642	-2735.391	105.7486	1.866552	0.846334	0.153666	0.5583589
8820	-2626.972	-2732.925	105.9533	1.620278	0.782383	0.217617	0.6710586
8826	-2628.683	-2734.608	105.9251	1.625717	0.763308	0.236692	0.7122032
8832	-2625.744	-2731.732	105.9879	1.596179	0.818332	0.181668	0.6495162
8838	-2617.089	-2723.025	105.9359	1.648153	0.683615	0.316385	0.6495162
8844	-2620.151	-2726.03	105.879	1.730506	0.818369	0.181631	0.5815347
8850	-2620.96	-2726.873	105.913	1.706803	0.818369	0.181631	0.5291369
8856	-2628.462	-2734.268	105.8064	1.814345	0.644414	0.355586	0.4815156
8862	-2625.474	-2731.28	105.8064	1.814345	0.760196	0.239804	0.4815156
8868	-2623.67	-2729.434	105.7637	1.857118	0.765428	0.234572	0.4815156
8874	-2631.494	-2737.197	105.7028	1.918434	0.747371	0.252629	0.5113723
8880	-2628.101	-2733.741	105.6392	1.954417	0.71485	0.28515	0.3910595
8886	-2622.318	-2727.957	105.6383	1.946152	0.741722	0.258278	0.3759587
8892	-2622.958	-2728.621	105.6628	1.923205	0.672011	0.327989	0.3784599
8898	-2623.896	-2729.683	105.7868	1.824435	0.768373	0.231627	0.4318066
8904	-2626.956	-2732.803	105.8469	1.767597	0.695161	0.304839	0.4431892
8910	-2627.227	-2732.857	105.6304	1.961048	0.667095	0.332905	0.3872387
8916	-2620.135	-2725.72	105.5857	1.992756	0.674682	0.325318	0.3673744
8922	-2620.727	-2726.415	105.6882	1.903255	0.658549	0.341451	0.3872283
8928	-2619.549	-2725.078	105.5281	2.039741	0.746999	0.253001	0.3536745
8934	-2624.106	-2729.839	105.7328	1.876285	0.760412	0.239588	0.425483
8940	-2626.428	-2732.102	105.6733	1.931351	0.742178	0.257822	0.4139006
8946	-2625.088	-2730.859	105.7711	1.845079	0.742178	0.257822	0.4502168
8952	-2628.523	-2734.424	105.9015	1.346513	0.717901	0.282099	1.064561
8958	-2628.721	-2734.642	105.9207	1.308676	0.735123	0.264877	1.082052
8964	-2627.815	-2733.648	105.8337	1.289277	0.716251	0.283749	1.177533
8970	-2621.084	-2726.984	105.8996	1.364093	0.750375	0.249625	1.049742
8976	-2624.608	-2730.702	106.0934	1.36693	0.73562	0.26438	0.8399781
8982	-2639.403	-2745.3	105.8971	1.676665	0.732002	0.267998	0.6707361
8988	-2634.897	-2740.932	106.0354	1.538415	0.769523	0.230477	0.6707361
8994	-2636.935	-2743.017	106.0817	1.409126	0.688378	0.311622	0.800834
9000	-2632.569	-2738.578	106.0098	1.542035	0.733951	0.266049	0.7105786
9006	-2630.259	-2736.236	105.9773	1.621063	0.777484	0.222516	0.6154548
9012	-2621.738	-2727.741	106.0025	1.44957	0.774454	0.225546	0.850072
9018	-2627.152	-2733.201	106.0488	1.517128	0.719096	0.280904	0.6856062
9024	-2634.167	-2740.038	105.8703	1.631588	0.720658	0.279342	0.7858521
9030	-2627.996	-2733.987	105.9907	1.590184	0.796929	0.203071	0.6563949
9036	-2629.107	-2735.053	105.9461	1.462835	0.78537	0.21463	0.9003208
9042	-2623.791	-2729.761	105.9696	1.57698	0.80323	0.19677	0.7192649
9048	-2624.387	-2730.399	106.0119	1.319125	0.80323	0.19677	0.983463
9054	-2629.509	-2735.527	106.0184	1.476346	0.730056	0.269944	0.7955847
9060	-2631.595	-2737.583	105.9876	1.49104	0.771497	0.228503	0.8168836
9066	-2621.5	-2727.451	105.9516	1.592639	0.786418	0.213582	0.7230795
9072	-2617.825	-2723.91	106.0857	1.481736	0.790838	0.209162	0.6828493
9078	-2629.287	-2735.305	106.0175	1.473844	0.660741	0.339259	0.8001494
9084	-2631.35	-2737.353	106.0029	1.488505	0.698242	0.301758	0.8001494
9090	-2633.123	-2739.062	105.9383	1.54925	0.795905	0.204095	0.8052046
9096	-2629.248	-2735.165	105.9176	1.485291	0.795905	0.204095	0.9070794
9102	-2639.809	-2745.681	105.8721	1.664176	0.773651	0.226349	0.7356505
9108	-2641.782	-2747.681	105.8994	1.681576	0.812965	0.187035	0.6560389
9114	-2630.474	-2736.322	105.8484	1.720835	0.762661	0.237339	0.6794535
9120	-2627.704	-2733.574	105.8696	1.738857	0.68022	0.31978	0.5848935
9126	-2627.934	-2733.785	105.8513	1.769207	0.685316	0.314684	0.4781742
9132	-2624.248	-2729.934	105.6858	1.905558	0.779679	0.220321	0.3871538
9138	-2620.374	-2725.989	105.6149	1.983163	0.798204	0.201796	0.3995337
9144	-2613.211	-2718.968	105.7567	1.853465	0.774017	0.225983	0.4285509
9150	-2613.279	-2719.075	105.7955	1.823985	0.731868	0.268132	0.4688662
9156	-2622.487	-2728.383	105.896	1.630176	0.800179	0.199821	0.7512108
9162	-2637.166	-2742.334	105.1682	0.9883792	0.690296	0.309704	1.899958
9168	-2629.591	-2734.816	105.2246	0.9131493	0.783787	0.216213	1.912662
9174	-2629.646	-2734.805	105.1587	0.9790812	0.793266	0.206734	1.912662
9180	-2624.222	-2729.582	105.3602	0.9898703	0.75334	0.24666	1.766911
9186	-2621.277	-2726.838	105.5613	0.9471003	0.75634	0.24366	1.655017
9192	-2625.677	-2731.566	105.8897	1.31818	0.844813	0.155187	1.101851
9198	-2625.261	-2731.123	105.8621	1.452145	0.778897	0.221103	1.00039
9204	-2624.716	-2730.644	105.9282	1.586952	0.78352	0.21648	0.7672152
9210	-2615.512	-2721.54	106.0278	1.487355	0.72231	0.27769	0.7672152
9216	-2620.121	-2726.075	105.9535	1.561703	0.755182	0.244818	0.7672152
9222	-2623.979	-2729.834	105.8545	1.510966	0.815622	0.184378	0.9477432
9228	-2624.816	-2730.888	106.0719	1.365621	0.739469	0.260531	0.8674254
9234	-2620.493	-2726.458	105.965	1.365621	0.778117	0.221883	0.9838233
9240	-2621.031	-2726.949	105.9182	1.370991	0.803003	0.196997	1.025079
9246	-2622.408	-2728.447	106.0391	1.529175	0.786134	0.213866	0.6813713
9252	-2633.479	-2739.323	105.8437	1.38518	0.812701	0.187299	1.082482
9258	-2631.372	-2737.144	105.7723	1.311604	0.741377	0.258623	1.211175
9264	-2625.365	-2731.29	105.9249	1.381048	0.743559	0.256441	1.008594
9270	-2622.431	-2728.257	105.8267	1.351757	0.743559	0.256441	1.128503
9276	-2630.217	-2735.867	105.6499	1.311294	0.74379	0.25621	1.312799
9282	-2623.302	-2728.86	105.5581	1.173658	0.820717	0.179283	1.491246
9288	-2622.279	-2728.214	105.9349	1.4547	0.744375	0.255625	0.9218309
9294	-2620.468	-2726.384	105.9168	1.673338	0.744375	0.255625	0.6357317
9300	-2623.994	-2729.691	105.6966	1.085421	0.79348	0.20652	1.453191
9306	-2627.451	-2733.078	105.6265	1.176554	0.72711	0.27289	1.4371
9312	-2618.89	-2724.455	105.565	1.237664	0.819199	0.180801	1.437372
9318	-2622.679	-2728.507	105.8282	1.173096	0.742641	0.257359	1.280115
9324	-2622.67	-2728.367	105.6968	1.163595	0.700963	0.299037	1.392756
9330	-2619.393	-2725.199	105.8057	1.273497	0.74206	0.25794	1.215127
9336	-2619.829	-2725.652	105.8231	1.291755	0.752101	0.247899	1.18457
9342	-2621.634	-2727.611	105.9765	1.296802	0.693956	0.306044	1.040512
9348	-2618.306	-2724.427	106.1215	1.329834	0.794456	0.205544	0.8508859
9354	-2617.739	-2723.714	105.9753	1.347053	0.806087	0.193913	0.992229
9360	-2626.814	-2732.599	105.7848	1.223359	0.74584	0.25416	1.274551
9366	-2624.786	-2730.687	105.9012	1.259286	0.742313	0.257687	1.144558
9372	-2622.571	-2728.466	105.8955	1.260113	0.805486	0.194514	1.148942
9378	-2622.394	-2728.529	106.1351	1.266264	0.753734	0.246266	0.9088016
9384	-2625.243	-2731.292	106.0487	1.452422	0.687882	0.312118	0.7869491
9390	-2621.074	-2726.769	105.6951	1.178361	0.796669	0.203331	1.382558
9396	-2627.192	-2733.053	105.8611	1.163352	0.75418	0.24582	1.26106
9402	-2622.333	-2728.349	106.0165	1.342088	0.789848	0.210152	0.9549483
9408	-2627.696	-2733.541	105.8447	1.2441	0.762869	0.237131	1.206979
9414	-2623.798	-2729.663	105.8654	1.307573	0.809873	0.190127	1.133465
9420	-2629.958	-2735.737	105.7783	1.160887	0.822032	0.177968	1.330481
9426	-2624.726	-2730.176	105.4504	1.065689	0.822032	0.177968	1.64953
9432	-2636.727	-2742.296	105.5694	0.9466185	0.706708	0.293292	1.64953
9438	-2632.134	-2737.433	105.2995	1.032553	0.704999	0.295001	1.779408
9444	-2637.302	-2742.837	105.5355	1.066522	0.827204	0.172796	1.587355
9450	-2625.56	-2731.381	105.8212	1.152104	0.706657	0.293343	1.302996
9456	-2621.148	-2727.001	105.8527	1.141577	0.7425	0.2575	1.285933
9462	-2613.945	-2719.769	105.8238	1.140734	0.75178	0.24822	1.310051
9468	-2622.299	-2728.028	105.7291	1.16012	0.77781	0.22219	1.370187
9474	-2615.781	-2721.513	105.7325	1.126777	0.711825	0.288175	1.393638
9480	-2615.933	-2721.714	105.7805	1.289489	0.789182	0.210818	1.22297
9486	-2624.461	-2730.284	105.8229	1.247103	0.789182	0.210818	1.22297
9492	-2618.886	-2724.758	105.8716	1.275122	0.805924	0.194076	1.156804
9498	-2625.635	-2731.618	105.9826	1.354042	0.778719	0.221281	0.9777617
9504	-2626.078	-2732.074	105.9966	1.339971	0.829753	0.170247	0.9777617
9510	-2628.088	-2734.02	105.9313	1.326501	0.685602	0.314398	1.05533
9516	-2619.421	-2725.3	105.8794	1.486687	0.649869	0.350131	0.9470449
9522	-2620.591	-2726.484	105.8931	1.451794	0.807071	0.192929	0.9692403
9528	-2619.99	-2725.964	105.9742	1.321349	0.807071	0.192929	1.018862
9534	-2618.326	-2724.259	105.9331	1.522181	0.720427	0.279573	0.8461639
9540	-2619.816	-2725.868	106.0517	1.524009	0.714211	0.285789	0.6669027
9546	-2620.863	-2726.823	105.96	1.537491	0.781734	0.218266	0.7918624
9552	-2626.861	-2732.772	105.9108	1.457718	0.719452	0.280548	0.9445161
9558	-2619.481	-2725.494	106.0137	1.494156	0.707233	0.292767	0.7776431
9564	-2630.23	-2736.305	106.0752	1.489479	0.707233	0.292767	0.6878671
9570	-2620.162	-2726.089	105.927	1.683368	0.808803	0.191197	0.5783126
9576	-2629.363	-2735.259	105.8965	1.720073	0.810518	0.189482	0.5509615
9582	-2632.897	-2738.552	105.6545	1.950838	0.714327	0.285673	0.4155678
9588	-2630.693	-2736.465	105.7717	1.836952	0.754721	0.245279	0.4241059
9594	-2631.935	-2737.647	105.7117	1.909118	0.800917	0.199083	0.4824834
9600	-2637.766	-2743.369	105.6034	1.937437	0.724955	0.275045	0.3251235
9606	-2618.67	-2724.316	105.6453	1.943234	0.761607	0.238393	0.3823423
9612	-2618.928	-2724.474	105.5458	2.042668	0.761342	0.238658	0.3823423
9618	-2623.233	-2728.801	105.5681	2.020407	0.818341	0.181659	0.3823423
9624	-2626.265	-2731.854	105.5894	1.999056	0.665723	0.334277	0.3823423
9630	-2622.477	-2728.301	105.8248	1.794453	0.775171	0.224829	0.4676373
9636	-2624.279	-2730.062	105.7827	1.836545	0.780629	0.219371	0.4676373
9642	-2626.032	-2731.895	105.863	1.723419	0.764423	0.235577	0.6443763
9648	-2620.237	-2726.173	105.9355	1.650889	0.734734	0.265266	0.6443763
9654	-2618.755	-2724.655	105.9002	1.686208	0.737455	0.262545	0.6443763
9660	-2616.543	-2722.418	105.8743	1.615579	0.754797	0.245203	0.8020692
9666	-2622.772	-2728.671	105.8993	1.609111	0.754797	0.245203	0.7768298
9672	-2627.216	-2733.176	105.9599	1.650204	0.775704	0.224296	0.579238
9678	-2619.061	-2724.907	105.8458	1.753178	0.775704	0.224296	0.6136828
9684	-2620.722	-2726.668	105.9457	1.630136	0.648923	0.351077	0.6666845
9690	-2633.308	-2739.066	105.7583	1.214402	0.74855	0.25145	1.303437
9696	-2632.26	-2737.859	105.5989	1.125834	0.808636	0.191364	1.496493
9702	-2624.208	-2729.991	105.783	1.208652	0.835826	0.164174	1.288063
9708	-2623.312	-2728.841	105.5294	1.200081	0.747856	0.252144	1.492923
9714	-2624.272	-2729.938	105.6661	1.301923	0.844152	0.155848	1.307259
9720	-2628.032	-2734.02	105.9882	1.298053	0.676947	0.323053	1.027951
9726	-2629.468	-2735.288	105.8208	1.386021	0.793056	0.206944	1.102848
9732	-2632.348	-2738.216	105.8683	1.338555	0.688639	0.311361	1.102848
9738	-2621.365	-2727.372	106.0069	1.362748	0.706403	0.293597	0.9432547
9744	-2630.18	-2736.022	105.8416	1.778681	0.703312	0.296688	0.4763407
9750	-2628.835	-2734.534	105.6987	1.904971	0.625634	0.374366	0.4114361
9756	-2630.921	-2736.528	105.6065	1.994021	0.819516	0.180484	0.4046057
9762	-2630.902	-2736.525	105.6235	1.977034	0.749124	0.250876	0.4046057
9768	-2623.769	-2729.711	105.9419	1.668872	0.771288	0.228712	0.5768086
9774	-2617.013	-2722.941	105.9279	1.688984	0.796179	0.203821	0.549474
9780	-2617.363	-2723.301	105.9376	1.668354	0.731244	0.268756	0.5932936
9786	-2618.602	-2724.456	105.8544	1.743689	0.731244	0.268756	0.6159954
9792	-2624.411	-2730.397	105.9855	1.553398	0.753876	0.246124	0.7315495
9798	-2629.179	-2735.132	105.9528	1.48789	0.753876	0.246124	0.8636751
9804	-2632.208	-2737.619	105.4106	1.080615	0.779703	0.220297	1.667292
9810	-2628.801	-2734.527	105.7263	1.011417	0.670778	0.329222	1.486762
9816	-2630.298	-2735.793	105.4952	0.9656407	0.785989	0.214011	1.688935
9822	-2632.877	-2738.261	105.3839	0.9636958	0.80356	0.19644	1.768617
9828	-2620.411	-2725.918	105.5063	1.190207	0.760137	0.239863	1.517618
9834	-2624.166	-2729.989	105.8233	1.122049	0.75765	0.24235	1.325562
9840	-2630.785	-2736.606	105.8216	1.17808	0.797823	0.202177	1.281504
9846	-2623.005	-2728.77	105.7651	1.192351	0.797823	0.202177	1.315826
9852	-2620.929	-2726.748	105.8182	1.139268	0.741199	0.258801	1.315826
9858	-2628.449	-2734.171	105.7215	1.243012	0.735014	0.264986	1.310092
9864	-2641.846	-2747.714	105.8687	1.32129	0.747209	0.252791	1.118132
9870	-2637.449	-2743.252	105.8029	1.314961	0.810887	0.189113	1.181978
9876	-2635.211	-2741.007	105.7961	1.32178	0.803145	0.196855	1.181978
9882	-2621.778	-2727.679	105.9008	1.293801	0.803145	0.196855	1.114008
9888	-2627.909	-2733.708	105.799	1.422172	0.813314	0.186686	1.089645
9894	-2622.25	-2728.213	105.9627	1.527437	0.757151	0.242849	0.8017774
9900	-2621.143	-2727.132	105.9898	1.417205	0.758212	0.241788	0.9025628
9906	-2629.786	-2735.782	105.9963	1.464107	0.861959	0.138041	0.8398493
9912	-2625.052	-2730.876	105.8242	1.446221	0.711712	0.288288	1.04329
9918	-2616.154	-2722.044	105.8906	1.579861	0.752794	0.247206	0.8272023
9924	-2613.574	-2719.58	106.0062	1.478933	0.738513	0.261487	0.8083689
9930	-2617.144	-2723.077	105.9332	1.530306	0.687688	0.312312	0.8359514
9936	-2615.34	-2721.207	105.8675	1.596036	0.758897	0.241103	0.8359514
9942	-2621.132	-2727.116	105.9834	1.494003	0.757153	0.242847	0.818365
9948	-2619.371	-2725.254	105.8824	1.712289	0.774869	0.225131	0.6248302
9954	-2626.379	-2732.344	105.9649	1.565451	0.764123	0.235877	0.7448015
9960	-2622.488	-2728.469	105.9805	1.494711	0.764123	0.235877	0.8212548
9966	-2630.096	-2735.954	105.8579	1.405484	0.762739	0.237261	1.049989
9972	-2626.299	-2732.164	105.8655	1.356291	0.594802	0.405198	1.089063
9978	-2626.159	-2732.039	105.8802	1.221955	0.649775	0.350225	1.195561
9984	-2626.028	-2731.694	105.6656	1.051738	0.805832	0.194168	1.502087
9990	-2623.29	-2729.012	105.7219	1.06537	0.849433	0.150567	1.44917
9996	-2618.312	-2724.142	105.8295	1.218846	0.74212	0.25788	1.241154
10002	-2628.976	-2734.631	105.6552	1.126091	0.800667	0.199333	1.453754
10008	-2619.553	-2724.706	105.1535	1.081502	0.768649	0.231351	1.846467
10014	-2618.943	-2724.832	105.8893	1.225557	0.692123	0.307877	1.18461
10020	-2618.443	-2724.405	105.9616	1.326214	0.669733	0.330267	1.026445
10026	-2624.567	-2730.436	105.869	1.30207	0.781873	0.218127	1.135133
10032	-2618.623	-2724.296	105.6726	1.20106	0.684278	0.315722	1.382391
10038	-2618.662	-2724.677	106.0151	1.313958	0.788498	0.211502	0.9854125
10044	-2616.004	-2721.961	105.9567	1.386423	0.751505	0.248495	0.9710521
10050	-2623.349	-2729.115	105.7658	1.424314	0.797407	0.202593	1.118037
10056	-2619.853	-2725.835	105.9819	1.521679	0.756652	0.243348	0.7835855
10062	-2625.452	-2731.534	106.0824	1.470847	0.7022	0.2978	0.7080664
10068	-2622.178	-2728.164	105.9862	1.479485	0.819827	0.180173	0.8332239
10074	-2623.406	-2729.377	105.971	1.402028	0.74515	0.25485	0.9397459
10080	-2619.019	-2724.981	105.9624	1.29437	0.808701	0.191299	1.056294
10086	-2623.222	-2729.199	105.9772	1.28989	0.734061	0.265939	1.046466
10092	-2619.535	-2725.446	105.9105	1.377329	0.734061	0.265939	1.026435
10098	-2621.561	-2727.393	105.8313	1.343155	0.734319	0.265681	1.132099
10104	-2625.338	-2731.354	106.016	1.351901	0.659389	0.340611	0.9451243
10110	-2626.433	-2732.457	106.0242	1.460427	0.679818	0.320182	0.8089817
10116	-2621.312	-2727.327	106.0151	1.469549	0.736821	0.263179	0.8089817
10122	-2628.582	-2734.601	106.0191	1.573727	0.767426	0.232574	0.6292947
10128	-2621.39	-2727.415	106.0255	1.452916	0.830472	0.169528	0.8171055
10134	-2623.211	-2729.148	105.9371	1.561692	0.76148	0.23852	0.7901635
10140	-2621.886	-2727.796	105.9098	1.553138	0.76148	0.23852	0.8367073
10146	-2624.395	-2730.316	105.9212	1.390428	0.851971	0.148029	1.002999
10152	-2622.017	-2727.953	105.9364	1.641031	0.754356	0.245644	0.6633464
10158	-2621.453	-2727.443	105.9896	1.609978	0.792182	0.207818	0.6121258
10164	-2625.911	-2731.902	105.991	1.608509	0.803912	0.196088	0.6121258
10170	-2623.012	-2728.954	105.9425	1.620398	0.704238	0.295762	0.6911689
10176	-2625.65	-2731.644	105.9944	1.549578	0.704238	0.295762	0.7234121
10182	-2623.694	-2729.596	105.9013	1.720067	0.739637	0.260363	0.5059063
10188	-2626.232	-2732.272	106.04	1.542645	0.720324	0.279676	0.652629
10194	-2632.635	-2738.564	105.9296	1.670156	0.847704	0.152296	0.6116482
10200	-2630.059	-2735.931	105.8721	1.470586	0.790012	0.209988	0.9715598
10206	-2619.612	-2725.557	105.9443	1.427415	0.763009	0.236991	0.9411353
10212	-2623.091	-2729.006	105.9147	1.432826	0.809864	0.190136	0.9665368
10218	-2616.88	-2722.852	105.9715	1.376002	0.692474	0.307526	0.9665368
10224	-2618.514	-2724.373	105.8585	1.222882	0.726941	0.273059	1.213267
10230	-2619.736	-2725.555	105.8185	1.378184	0.798063	0.201937	1.112108
10236	-2624.024	-2729.892	105.8683	1.416542	0.814398	0.185602	1.029379
10242	-2621.968	-2727.93	105.9627	1.512658	0.723026	0.276974	0.8209986
10248	-2620.608	-2726.628	106.0199	1.426015	0.762805	0.237195	0.8574304
10254	-2620.749	-2725.596	104.8467	2.418176	0.737645	0.262355	0.1872626
10260	-2626.87	-2731.741	104.8711	2.37517	0.745372	0.254628	0.1818149
10266	-2628.565	-2733.515	104.95	2.37517	0.780238	0.219762	0.20685
10272	-2625.641	-2730.483	104.8428	2.412765	0.725843	0.274157	0.1845215
10278	-2621.467	-2726.585	105.1179	2.287642	0.745018	0.254982	0.2391151
10284	-2625.768	-2730.864	105.0962	2.259881	0.777089	0.222911	0.2182969
10290	-2622.618	-2727.675	105.0568	2.277115	0.777089	0.222911	0.2099724
10296	-2625.213	-2730.5	105.2868	2.158041	0.696228	0.303772	0.2585437
10302	-2633.275	-2738.494	105.219	2.199062	0.835896	0.164104	0.2449727
10308	-2632.488	-2737.891	105.4025	2.096401	0.775404	0.224596	0.2915258
10314	-2632.531	-2738.004	105.4731	2.082225	0.775404	0.224596	0.3394524
10320	-2635.409	-2741.425	106.0168	1.471573	0.737283	0.262717	0.8040624
10326	-2630.696	-2736.602	105.9059	1.645276	0.737283	0.262717	0.7115259
10332	-2628.62	-2734.651	106.0304	1.549826	0.79136	0.20864	0.6575683
10338	-2632.003	-2737.852	105.8491	1.731221	0.822435	0.177565	0.6575683
10344	-2622.973	-2728.84	105.867	1.751424	0.650201	0.349799	0.5399863
10350	-2620.028	-2725.894	105.8656	1.751676	0.804432	0.195568	0.5472258
10356	-2627.658	-2733.581	105.923	1.676064	0.762016	0.237984	0.6135205
10362	-2638.071	-2743.953	105.8818	1.696065	0.703114	0.296886	0.6626185
10368	-2633.517	-2739.438	105.9211	1.656768	0.733162	0.266838	0.6626185
10374	-2628.201	-2734.101	105.9007	1.683475	0.762772	0.237228	0.6492218
10380	-2630.52	-2736.422	105.9022	1.504684	0.798553	0.201447	0.902631
10386	-2640.4	-2746.448	106.0486	1.410604	0.734275	0.265725	0.8413234
10392	-2640.29	-2746.197	105.9067	1.41681	0.797704	0.202296	0.9911187
10398	-2636.691	-2742.517	105.8258	1.510937	0.622901	0.377099	0.9776468
10404	-2625.297	-2731.181	105.8845	1.556269	0.720659	0.279341	0.8635463
10410	-2623.28	-2729.279	105.999	1.490315	0.777241	0.222759	0.8029086
10416	-2626.092	-2732.052	105.96	1.472461	0.708577	0.291423	0.8733923
10422	-2627.507	-2733.527	106.0195	1.392381	0.691362	0.308638	0.8970366
10428	-2623.569	-2729.538	105.9695	1.456899	0.738073	0.261927	0.8804572
10434	-2628.958	-2734.956	105.9979	1.462291	0.738693	0.261307	0.8400826
10440	-2629.66	-2735.437	105.777	1.182278	0.819122	0.180878	1.314345
10446	-2628.835	-2734.701	105.8665	1.392374	0.717386	0.282614	1.054276
10452	-2628.914	-2734.821	105.9069	1.272836	0.8118	0.1882	1.127415
10458	-2635.247	-2741.218	105.9709	1.390411	0.771771	0.228229	0.9521674
10464	-2622.696	-2728.607	105.911	1.446963	0.783413	0.216587	0.9556894
10470	-2629.233	-2735.122	105.889	1.424366	0.69427	0.30573	1.001276
10476	-2627.766	-2733.772	106.0058	1.449327	0.736928	0.263072	0.8462646
10482	-2631.387	-2737.431	106.0436	1.442137	0.819914	0.180086	0.8075275
10488	-2629.062	-2735.011	105.9497	1.600708	0.758423	0.241577	0.7129281
10494	-2632.841	-2738.778	105.9367	1.600708	0.843057	0.156943	0.7340147
10500	-2629.737	-2735.729	105.9925	1.469562	0.799084	0.200916	0.8378296
10506	-2633.011	-2738.932	105.9213	1.540696	0.735174	0.264826	0.8378296
10512	-2629.699	-2735.562	105.8627	1.581552	0.739846	0.260154	0.8595003
10518	-2627.416	-2733.319	105.9027	1.683498	0.821282	0.178718	0.6448161
10524	-2628.367	-2734.4	106.033	1.508946	0.731914	0.268086	0.7267022
10530	-2630.07	-2736.093	106.0224	1.434655	0.766523	0.233477	0.8439961
10536	-2629.792	-2735.769	105.9769	1.460843	0.845332	0.154668	0.8671585
10542	-2629.984	-2735.713	105.7294	1.364236	0.745354	0.254646	1.202822
10548	-2633.36	-2738.866	105.506	1.19645	0.753109	0.246891	1.513179
10554	-2624.025	-2729.997	105.9715	1.515209	0.737886	0.262114	0.8062745
10560	-2636.703	-2742.546	105.8429	1.656874	0.738646	0.261354	0.7888668
10566	-2625.635	-2731.701	106.0662	1.430492	0.782189	0.217811	0.7929359
10572	-2638.701	-2744.769	106.0677	1.441511	0.770102	0.229898	0.7757061
10578	-2633.268	-2739.28	106.0118	1.515747	0.706805	0.293195	0.7490265
10584	-2630.443	-2736.312	105.8691	1.722549	0.815572	0.184428	0.6323222
10590	-2620.726	-2726.637	105.9115	1.682876	0.771362	0.228638	0.625704
10596	-2618.214	-2724.16	105.9457	1.592563	0.779558	0.220442	0.7325267
10602	-2622.261	-2728.135	105.8742	1.535444	0.715679	0.284321	0.8995446
10608	-2617.024	-2722.933	105.9085	1.467639	0.760955	0.239045	0.9363859
10614	-2615.894	-2721.85	105.9556	1.516532	0.73649	0.26351	0.82518
10620	-2616.463	-2722.372	105.909	1.627714	0.757638	0.242362	0.7350509
10626	-2624.444	-2730.444	105.9998	1.463861	0.730965	0.269035	0.8358079
10632	-2629.612	-2735.615	106.0026	1.422808	0.676003	0.323997	0.881542
10638	-2625.191	-2731.176	105.9845	1.534135	0.658055	0.341945	0.7623139
10644	-2621.527	-2727.418	105.891	1.603524	0.715865	0.284135	0.7959156
10650	-2623.831	-2729.822	105.9903	1.52027	0.715865	0.284135	0.7738164
10656	-2623.394	-2729.491	106.0965	1.374035	0.801761	0.198239	0.8271418
10662	-2631.083	-2737.057	105.9742	1.376496	0.791437	0.208563	0.96326
10668	-2624.903	-2730.702	105.7991	1.352162	0.792787	0.207213	1.152783
10674	-2620.957	-2726.97	106.0129	1.456447	0.711943	0.288057	0.8287195
10680	-2621.377	-2727.389	106.0115	1.449397	0.74834	0.25166	0.8391769
10686	-2624.412	-2730.364	105.9511	1.405308	0.74834	0.25166	0.9573035
10692	-2628.094	-2734.083	105.9887	1.245118	0.745847	0.254153	1.077937
10698	-2620.809	-2726.68	105.8713	1.216192	0.75536	0.24464	1.20806
10704	-2629.284	-2735.23	105.9466	1.348528	0.7293	0.2707	1.019296
10710	-2623.007	-2728.932	105.9242	1.486467	0.7293	0.2707	0.8983731
10716	-2636.953	-2742.983	106.0296	1.555128	0.727573	0.272427	0.6479589
10722	-2629.627	-2735.544	105.9165	1.363616	0.649908	0.350092	1.033975
10728	-2620.404	-2726.38	105.9765	1.334446	0.746767	0.253233	1.00369
10734	-2623.177	-2729.075	105.898	1.412955	0.694369	0.305631	1.00369
10740	-2630.986	-2736.921	105.9347	1.38695	0.764672	0.235328	0.9928948
10746	-2626.515	-2732.546	106.0303	1.524239	0.670596	0.329404	0.7058283
10752	-2630.132	-2736.187	106.0547	1.449717	0.807133	0.192867	0.7824684
10758	-2629.555	-2735.45	105.8949	1.494013	0.670338	0.329662	0.9224951
10764	-2624.912	-2730.629	105.7174	1.37837	0.727579	0.272421	1.201033
10770	-2628.01	-2733.783	105.7729	1.423596	0.728884	0.271116	1.112258
10776	-2628.421	-2734.337	105.916	1.249159	0.751901	0.248099	1.140411
10782	-2625.276	-2731.075	105.799	1.215739	0.74792	0.25208	1.269076
10788	-2624.854	-2730.816	105.9623	1.136162	0.748744	0.251256	1.198682
10794	-2623.907	-2729.665	105.7584	1.231362	0.732166	0.267834	1.289628
10800	-2616.905	-2722.345	105.4404	1.051631	0.782245	0.217755	1.666713
10806	-2621.71	-2727.21	105.5006	0.9914953	0.779924	0.220076	1.666713
10812	-2624.283	-2730.09	105.8064	1.354237	0.740833	0.259167	1.14442
10818	-2627.759	-2733.439	105.6807	1.342441	0.77167	0.22833	1.262151
10824	-2626.924	-2732.727	105.803	1.239585	0.696426	0.303574	1.245972
10830	-2618.879	-2724.683	105.8047	1.317627	0.771063	0.228937	1.178094
10836	-2627.902	-2733.636	105.7341	1.41878	0.68469	0.31531	1.151364
10842	-2625.715	-2731.627	105.9112	1.356886	0.669606	0.330394	1.045537
10848	-2629.777	-2735.681	105.9045	1.284497	0.770793	0.229207	1.119024
10854	-2629.376	-2735.107	105.7314	1.29152	0.770793	0.229207	1.262301
10860	-2633.384	-2738.772	105.3884	1.138388	0.788059	0.211941	1.641811
10866	-2627.68	-2733.529	105.8483	1.314255	0.764092	0.235908	1.142717
10872	-2629.453	-2734.999	105.5454	2.012895	0.733182	0.266818	0.3427232
10878	-2626.512	-2731.993	105.4815	2.047036	0.777043	0.222957	0.3142033
10884	-2623.449	-2729.224	105.7748	1.844106	0.739249	0.260751	0.4649515
10890	-2630.164	-2735.874	105.7096	1.909316	0.824066	0.175934	0.4649515
10896	-2631.87	-2737.681	105.8106	1.8064	0.824066	0.175934	0.4543096
10902	-2628.703	-2734.52	105.8163	1.804937	0.698585	0.301415	0.4896653
10908	-2630.632	-2736.335	105.7032	1.905137	0.784617	0.215383	0.4234111
10914	-2631.863	-2737.644	105.7818	1.839125	0.637452	0.362548	0.5173138
10920	-2623.12	-2728.872	105.7516	1.866839	0.71108	0.28892	0.4621675
10926	-2620.348	-2726.266	105.9185	1.630467	0.767544	0.232456	0.7153622
10932	-2625.426	-2731.346	105.9203	1.454218	0.683908	0.316092	0.9380688
10938	-2625.861	-2731.873	106.0126	1.477043	0.752572	0.247428	0.8023989
10944	-2632.876	-2738.73	105.8544	1.762181	0.756454	0.243546	0.551326
10950	-2630.617	-2736.569	105.9519	1.603106	0.769741	0.230259	0.7051805
10956	-2621.389	-2727.247	105.8589	1.751818	0.743496	0.256504	0.5770943
10962	-2635.858	-2741.66	105.8017	1.816875	0.737235	0.262765	0.5393135
10968	-2636.331	-2742.236	105.9042	1.716129	0.737235	0.262765	0.5246251
10974	-2634.036	-2739.998	105.9621	1.658998	0.648025	0.351975	0.5145795
10980	-2624.729	-2730.607	105.8781	1.742971	0.808832	0.191168	0.5145795
10986	-2622.882	-2728.76	105.8784	1.742971	0.808832	0.191168	0.5063485
10992	-2624.563	-2730.438	105.8753	1.746164	0.805115	0.194885	0.5027794
10998	-2627.124	-2732.904	105.7804	1.840198	0.80191	0.19809	0.4794868
11004	-2625.867	-2731.698	105.8314	1.789589	0.659573	0.340427	0.484423
11010	-2624.641	-2730.611	105.9699	1.613814	0.67419	0.32581	0.6502423
11016	-2622.372	-2728.389	106.0174	1.554485	0.662363	0.337637	0.6744766
11022	-2620.564	-2726.575	106.0113	1.575957	0.713513	0.286487	0.6423336
11028	-2623.438	-2729.4	105.9618	1.343182	0.708216	0.291784	1.009566
11034	-2619.81	-2725.741	105.9303	1.420418	0.718817	0.281183	0.9631735
11040	-2632.651	-2738.598	105.9468	1.592509	0.738062	0.261938	0.7309634
11046	-2619.398	-2725.401	106.0027	1.56944	0.774729	0.225271	0.6738839
11052	-2622.035	-2727.914	105.8791	1.714038	0.699994	0.300006	0.6286094
11058	-2630.143	-2736.057	105.9142	1.675048	0.699994	0.300006	0.6379679
11064	-2625.99	-2731.844	105.8546	1.206017	0.784004	0.215996	1.230824
11070	-2623.643	-2729.569	105.9255	1.199844	0.797871	0.202129	1.175452
11076	-2627.938	-2733.673	105.7342	1.16649	0.797036	0.202964	1.361136
11082	-2626.706	-2731.904	105.1978	0.9715432	0.790775	0.209225	1.891283
11088	-2630.533	-2735.897	105.3643	1.119342	0.753077	0.246923	1.672724
11094	-2626.875	-2732.73	105.855	1.190279	0.791592	0.208408	1.243708
11100	-2623.919	-2729.635	105.716	1.284829	0.775648	0.224352	1.280533
11106	-2623.744	-2729.543	105.7992	1.376458	0.775648	0.224352	1.131096
11112	-2626.155	-2731.82	105.6646	1.250681	0.710589	0.289411	1.349583
11118	-2629.475	-2735.045	105.5703	1.104996	0.803866	0.196134	1.533402
11124	-2633.777	-2739.337	105.5604	1.114871	0.774523	0.225477	1.533402
11130	-2623.286	-2729.262	105.9763	1.396221	0.731602	0.268398	0.9402511
11136	-2625.436	-2731.181	105.7451	1.221657	0.725846	0.274154	1.308291
11142	-2616.696	-2722.494	105.7976	1.189063	0.783429	0.216571	1.292142
11148	-2617.169	-2723.047	105.8785	1.146359	0.777183	0.222817	1.260753
11154	-2622.097	-2727.969	105.8721	1.302416	0.813571	0.186429	1.132047
11160	-2620.066	-2726.055	105.9881	1.401741	0.813571	0.186429	0.9214822
11166	-2619.552	-2725.553	106.001	1.420741	0.832151	0.167849	0.8858248
11172	-2627.429	-2733.338	105.9086	1.281003	0.834387	0.165613	1.118508
11178	-2629.429	-2735.375	105.9465	1.444016	0.900576	0.0994245	0.9207865
11184	-2618.42	-2724.394	105.9733	1.41762	0.718506	0.281494	0.9203241
11190	-2623.31	-2729.21	105.9	1.476226	0.718506	0.281494	0.9363108
11196	-2621.027	-2727.067	106.0404	1.373383	0.726365	0.273635	0.8948946
11202	-2620.594	-2726.58	105.9859	1.409261	0.733927	0.266073	0.9157279
11208	-2619.732	-2725.795	106.063	1.370709	0.706937	0.293063	0.8719589
11214	-2627.064	-2733.052	105.9887	1.291783	0.724148	0.275852	1.033563
11220	-2625.481	-2731.24	105.7598	1.330107	0.728144	0.271856	1.206034
11226	-2626.872	-2732.671	105.7987	1.244119	0.728144	0.271856	1.245794
11232	-2623.851	-2729.742	105.8909	1.356882	0.78501	0.21499	1.064867
11238	-2621.645	-2727.506	105.8606	1.387624	0.797093	0.202907	1.06444
11244	-2617.273	-2723.226	105.9535	1.346662	0.783118	0.216882	1.014382
11250	-2625.129	-2730.957	105.8275	1.339111	0.794062	0.205938	1.139146
11256	-2621.596	-2727.376	105.7807	1.385908	0.794062	0.205938	1.139146
11262	-2622.368	-2728.241	105.8729	1.267838	0.743216	0.256784	1.16202
11268	-2633.327	-2738.878	105.5507	1.285404	0.776591	0.223409	1.411647
11274	-2632.299	-2738.274	105.9749	1.596376	0.797048	0.202952	0.6755212
11280	-2618.933	-2724.888	105.9546	1.616748	0.816593	0.183407	0.6755212
11286	-2616.866	-2722.77	105.9035	1.684853	0.770884	0.229116	0.6400358
11292	-2623.441	-2729.172	105.731	1.23919	0.735652	0.264348	1.305519
11298	-2624.949	-2730.977	106.0273	1.195241	0.741634	0.258366	1.088378
11304	-2623.401	-2729.011	105.6099	1.24907	0.695423	0.304577	1.39384
11310	-2619.927	-2725.786	105.8591	1.233296	0.811322	0.188678	1.203913
11316	-2618.865	-2724.453	105.5879	1.125715	0.760316	0.239684	1.504861
11322	-2621.802	-2727.221	105.4194	1.219463	0.792383	0.207617	1.560317
11328	-2625.212	-2731.174	105.9614	1.344373	0.792383	0.207617	1.008769
11334	-2620.336	-2726.182	105.8463	1.304178	0.759115	0.240885	1.153452
11340	-2616.466	-2722.45	105.984	1.282518	0.726081	0.273919	1.047003
11346	-2619.797	-2725.751	105.9546	1.33712	0.806035	0.193965	1.022688
11352	-2624.385	-2730.234	105.8484	1.26926	0.739268	0.260732	1.182173
11358	-2632.797	-2738.715	105.918	1.235739	0.847674	0.152326	1.150572
11364	-2635.203	-2740.918	105.7151	1.243686	0.695882	0.304118	1.314741
11370	-2621.304	-2727.234	105.9292	1.25512	0.695882	0.304118	1.123249
11376	-2629.973	-2735.695	105.722	1.207273	0.819761	0.180239	1.338402
11382	-2629.713	-2734.897	105.1841	0.9872589	0.767713	0.232287	1.889872
11388	-2631.65	-2737.061	105.4114	0.9960638	0.799284	0.200716	1.726708
11394	-2629.277	-2735.082	105.8048	1.320428	0.818067	0.181933	1.175563
11400	-2623.249	-2728.767	105.5181	0.9857786	0.720566	0.279434	1.658262
11406	-2628.811	-2734.228	105.4165	1.065067	0.724181	0.275819	1.674181
11412	-2618.866	-2724.492	105.6263	1.194432	0.750845	0.249155	1.423504
11418	-2629.955	-2735.889	105.934	1.189206	0.804083	0.195917	1.177367
11424	-2620.997	-2726.964	105.9673	1.343689	0.756362	0.243638	1.003605
11430	-2628.047	-2734.102	106.055	1.410937	0.786153	0.213847	0.8329335
11436	-2617.643	-2723.642	105.9991	1.477417	0.75752	0.24248	0.8195967
11442	-2623.8	-2729.695	105.8946	1.299266	0.74904	0.25096	1.114631
11448	-2628.097	-2734.137	106.0402	1.374725	0.700401	0.299599	0.8935608
11454	-2626.66	-2732.451	105.7909	1.26585	0.717979	0.282021	1.23409
11460	-2631.42	-2737.134	105.7146	1.263001	0.746271	0.253729	1.299504
11466	-2627.319	-2733.059	105.7407	1.196366	0.643559	0.356441	1.332168
11472	-2626.725	-2732.749	106.0234	1.45647	0.643559	0.356441	0.8152729
11478	-2623.898	-2729.858	105.9602	1.451888	0.640695	0.359305	0.8968485
11484	-2633.644	-2739.562	105.9181	1.420751	0.833914	0.166086	0.975454
11490	-2631.167	-2737.108	105.9408	1.354818	0.807197	0.192803	1.01884
11496	-2622.344	-2728.276	105.9319	1.430416	0.767539	0.232461	0.951032
11502	-2624.41	-2730.4	105.9908	1.443533	0.680283	0.319717	0.8711861
11508	-2627.54	-2733.552	106.0121	1.389052	0.724721	0.275279	0.9090406
11514	-2626.823	-2732.933	106.1096	1.371435	0.791653	0.208347	0.8137801
11520	-2622.776	-2728.63	105.8537	1.497276	0.791653	0.208347	0.9629229
11526	-2628.858	-2734.809	105.9509	1.478747	0.697916	0.302084	0.8766241
11532	-2632.735	-2738.784	106.0488	1.52984	0.685126	0.314874	0.6609691
11538	-2635.822	-2741.816	105.9945	1.580526	0.693719	0.306281	0.6683116
11544	-2636.027	-2741.928	105.9005	1.705068	0.727715	0.272285	0.5945128
11550	-2636.083	-2742.044	105.9613	1.652246	0.793329	0.206671	0.5654455
11556	-2635.021	-2740.994	105.9733	1.6403	0.769646	0.230354	0.5654455
11562	-2633.148	-2739.05	105.9022	1.689461	0.831403	0.168597	0.6322835
11568	-2628.871	-2734.782	105.9104	1.66943	0.677145	0.322855	0.6585817
11574	-2628.779	-2734.746	105.9667	1.45125	0.819276	0.180724	0.89014
11580	-2634.778	-2740.808	106.0299	1.400814	0.729359	0.270641	0.8753918
11586	-2635.7	-2741.493	105.7934	1.297493	0.731875	0.268125	1.205136
11592	-2627.427	-2733.347	105.9201	1.291771	0.813326	0.186674	1.098255
11598	-2622.603	-2728.491	105.888	1.244169	0.763219	0.236781	1.169511
11604	-2618.9	-2724.802	105.9027	1.208852	0.689324	0.310676	1.187459
11610	-2619.698	-2725.478	105.7797	1.230379	0.689324	0.310676	1.27295
11616	-2619.367	-2724.951	105.5835	1.220488	0.785169	0.214831	1.436375
11622	-2612.755	-2718.751	105.9959	1.156881	0.756655	0.243345	1.151412
11628	-2619.287	-2725.192	105.9057	1.247074	0.697517	0.302483	1.151412
11634	-2619.14	-2725.213	106.0738	1.339646	0.650326	0.349674	0.8952596
11640	-2623.541	-2729.331	105.7897	1.223046	0.640976	0.359024	1.27074
11646	-2618.995	-2724.892	105.8972	1.223705	0.795885	0.204115	1.179349
11652	-2630.41	-2736.337	105.9267	1.625296	0.803779	0.196221	0.710272
11658	-2632.412	-2738.36	105.948	1.596962	0.734393	0.265607	0.7219022
11664	-2626.426	-2732.357	105.9311	1.617506	0.764191	0.235809	0.7158465
11670	-2625.157	-2730.856	105.699	1.204947	0.745993	0.254007	1.358552
11676	-2624.539	-2730.504	105.9652	1.308957	0.768809	0.231191	1.039684
11682	-2622.182	-2728.127	105.9456	1.304419	0.761639	0.238361	1.062737
11688	-2635.78	-2741.777	105.9973	1.235316	0.726605	0.273395	1.079043
11694	-2630.44	-2736.256	105.8158	1.234252	0.697812	0.302188	1.239733
11700	-2634.928	-2740.925	105.9967	1.172735	0.699549	0.300451	1.136615
11706	-2623.401	-2729.307	105.9058	1.343093	0.699549	0.300451	1.063761
11712	-2625.477	-2731.366	105.889	1.344548	0.729209	0.270791	1.078152
11718	-2633.761	-2739.696	105.9348	1.459358	0.81222	0.18778	0.9168108
11724	-2623.697	-2729.657	105.9594	1.402593	0.807693	0.192307	0.9514402
11730	-2630.962	-2736.865	105.9027	1.309473	0.816829	0.183171	1.097941
11736	-2626.519	-2732.38	105.8603	1.317149	0.837728	0.162272	1.129478
11742	-2625.171	-2731.196	106.0248	1.248362	0.769846	0.230154	1.040671
11748	-2621.485	-2727.467	105.9829	1.359579	0.717048	0.282952	0.9717533
11754	-2632.992	-2738.215	105.2238	0.8568886	0.834881	0.165119	1.951168
11760	-2626.903	-2732.1	105.1972	0.8479519	0.828295	0.171705	1.975021
11766	-2626.732	-2731.749	105.0175	1.07274	0.756444	0.243556	1.94478
11772	-2623.684	-2729.292	105.608	1.244632	0.771616	0.228384	1.398767
11778	-2623.905	-2729.667	105.7614	1.091317	0.80731	0.19269	1.398767
11784	-2624.654	-2730.549	105.8948	1.131978	0.643954	0.356046	1.259131
11790	-2626.792	-2732.331	105.5392	1.110476	0.582792	0.417208	1.552395
11796	-2628.239	-2734.083	105.8438	1.09205	0.599609	0.400391	1.333195
11802	-2625.868	-2731.419	105.5507	1.061114	0.782031	0.217969	1.580182
11808	-2624.192	-2729.701	105.5091	1.101937	0.765965	0.234035	1.580731
11814	-2628.693	-2734.57	105.8778	1.73922	0.684397	0.315603	0.5486927
11820	-2623.464	-2729.299	105.8347	1.782448	0.844689	0.155311	0.5478266
11826	-2628.454	-2734.336	105.8827	1.736303	0.79206	0.20794	0.5360695
11832	-2622.492	-2728.395	105.9029	1.706233	0.848931	0.151069	0.5827806
11838	-2622.698	-2728.565	105.8669	1.752036	0.730528	0.269472	0.5362407
11844	-2626.792	-2732.633	105.8409	1.777682	0.832172	0.167828	0.5390962
11850	-2625.539	-2731.533	105.9939	1.601581	0.754963	0.245037	0.6226944
11856	-2634.561	-2740.547	105.986	1.567624	0.80084	0.19916	0.7073812
11862	-2627.883	-2733.848	105.9641	1.589331	0.714346	0.285654	0.7077185
11868	-2632.341	-2738.302	105.9606	1.603121	0.792643	0.207357	0.6896994
11874	-2632.056	-2737.234	105.1776	0.9997563	0.742926	0.257074	1.885827
11880	-2625.947	-2731.187	105.2398	1.098403	0.825114	0.174886	1.775134
11886	-2633.595	-2739.249	105.6538	1.340835	0.770383	0.229617	1.285634
11892	-2636.002	-2741.829	105.8273	1.510033	0.815509	0.184491	0.9770269
11898	-2637.19	-2743.142	105.9526	1.525494	0.758792	0.241208	0.8175145
11904	-2630.533	-2736.422	105.8893	1.462591	0.759942	0.240058	0.961955
11910	-2638.346	-2743.867	105.5205	1.202545	0.810145	0.189855	1.497786
11916	-2633.969	-2739.788	105.819	1.17914	0.778947	0.221053	1.282753
11922	-2640.825	-2746.501	105.6764	1.211214	0.845835	0.154165	1.37146
11928	-2631.374	-2737.129	105.7552	1.208679	0.614507	0.385493	1.310618
11934	-2625.905	-2731.454	105.5482	0.9923303	0.76559	0.23441	1.631949
11940	-2636.517	-2742.233	105.7167	1.884095	0.749742	0.250258	0.4050712
11946	-2633.626	-2739.369	105.7437	1.877557	0.754528	0.245472	0.5091434
11952	-2628.752	-2734.526	105.7743	1.198566	0.775465	0.224535	1.30336
11958	-2627.513	-2733.251	105.7384	1.25163	0.716959	0.283041	1.28936
11964	-2629.638	-2735.634	105.9952	1.409713	0.759913	0.240087	0.9048218
11970	-2629.966	-2735.805	105.8399	1.311634	0.68186	0.31814	1.152483
11976	-2618.507	-2724.457	105.95	1.404676	0.757821	0.242179	0.9590731
11982	-2622.059	-2728.071	106.0123	1.379444	0.708559	0.291441	0.91947
11988	-2623.562	-2729.534	105.9727	1.245959	0.714027	0.285973	1.091971
11994	-2631.151	-2737.062	105.9112	1.238313	0.714027	0.285973	1.154309
12000	-2636.42	-2742.316	105.8962	1.18333	0.772849	0.227151	1.214888
12006	-2633.247	-2739.238	105.9906	1.151452	0.753408	0.246592	1.160856
12012	-2634.431	-2740.243	105.8112	1.218172	0.804813	0.195187	1.256999
12018	-2638.962	-2744.812	105.8503	1.179055	0.657934	0.342066	1.256999
12024	-2626.807	-2732.581	105.7746	1.290065	0.758935	0.241065	1.227468
12030	-2620.443	-2726.21	105.7671	1.232179	0.758935	0.241065	1.281786
12036	-2630.949	-2736.903	105.9545	1.422191	0.757764	0.242236	0.9357538
12042	-2635.095	-2741.107	106.0112	1.465872	0.749917	0.250083	0.8188158
12048	-2631.934	-2737.917	105.9833	1.493837	0.72013	0.27987	0.8188158
12054	-2621.899	-2727.861	105.9625	1.571967	0.660506	0.339494	0.7384823
12060	-2622.343	-2728.202	105.8594	1.339089	0.766167	0.233833	1.11048
12066	-2619.025	-2725.053	106.0277	1.366792	0.781989	0.218011	0.9164808
12072	-2635.261	-2741.126	105.8649	1.280925	0.646667	0.353333	1.157528
12078	-2636.124	-2742.099	105.9747	1.360575	0.72208	0.27792	0.9790812
12084	-2629.114	-2735.054	105.9396	1.244802	0.749431	0.250569	1.123195
12090	-2627.815	-2733.777	105.9624	1.42534	0.654372	0.345628	0.9238213
12096	-2633.288	-2739.232	105.9442	1.406306	0.691581	0.308419	0.9633807
12102	-2622.046	-2728.037	105.9906	1.3257	0.809801	0.190199	0.998282
12108	-2624.073	-2730.046	105.9733	1.47862	0.754491	0.245509	0.8501602
12114	-2626.142	-2732.158	106.016	1.479385	0.771677	0.228323	0.7947486
12120	-2624.13	-2730.097	105.9666	1.453389	0.70059	0.29941	0.8877933
12126	-2619.817	-2725.855	106.0383	1.444047	0.751598	0.248402	0.8120425
12132	-2617.005	-2722.991	105.9854	1.433637	0.822537	0.177463	0.8888996
12138	-2615.304	-2721.137	105.8329	1.255743	0.730824	0.269176	1.207057
12144	-2624.932	-2730.647	105.7145	1.374143	0.751969	0.248031	1.207057
12150	-2623.296	-2729.195	105.8993	1.534104	0.741629	0.258371	0.8722657
12156	-2628.764	-2734.586	105.8228	1.455463	0.774104	0.225896	1.035728
12162	-2627.934	-2733.882	105.9479	1.525251	0.716715	0.283285	0.82379
12168	-2623.6	-2729.523	105.9238	1.427807	0.784947	0.215053	0.9622409
12174	-2627.152	-2733.085	105.9333	1.676928	0.7106	0.2894	0.5787307
12180	-2630.57	-2736.423	105.8534	1.764203	0.728108	0.271892	0.5450889
12186	-2627.255	-2733.148	105.8932	1.727185	0.792966	0.207034	0.4770891
12192	-2624.232	-2730.03	105.7974	1.822985	0.677994	0.322006	0.4770891
12198	-2614.788	-2720.605	105.8162	1.80467	0.790727	0.209273	0.4830008
12204	-2624.293	-2730.009	105.7157	1.894285	0.854228	0.145772	0.4280943
12210	-2620.742	-2726.494	105.7517	1.858284	0.766588	0.233412	0.4280943
12216	-2623.292	-2728.776	105.4838	2.025724	0.772712	0.227288	0.299137
12222	-2615.655	-2721.293	105.6382	1.952297	0.683735	0.316265	0.38559
12228	-2620.498	-2726.157	105.6591	1.925383	0.777331	0.222669	0.3760217
12234	-2635.112	-2740.738	105.6252	1.960112	0.70307	0.29693	0.3773878
12240	-2624.018	-2729.565	105.5476	1.989213	0.710662	0.289338	0.321413
12246	-2636.941	-2742.608	105.6668	1.904995	0.865876	0.134124	0.3584984
12252	-2627.313	-2733.363	106.0509	1.307454	0.809329	0.190671	0.9551798
12258	-2620.117	-2726.138	106.0205	1.371811	0.752626	0.247374	0.9188171
12264	-2625.086	-2730.967	105.8811	1.382309	0.771533	0.228467	1.050025
12270	-2625.679	-2731.8	106.1212	1.374385	0.696289	0.303711	0.794499
12276	-2619.01	-2724.924	105.9135	1.549444	0.782598	0.217402	0.8366248
12282	-2623.094	-2729.129	106.035	1.498582	0.782598	0.217402	0.7398185
12288	-2628.766	-2734.834	106.0689	1.332367	0.794008	0.205992	0.9089901
12294	-2621.804	-2727.639	105.8358	1.347613	0.687957	0.312043	1.124047
12300	-2633.936	-2739.938	106.0016	1.405905	0.807651	0.192349	0.9019585
12306	-2624.291	-2730.261	105.9695	1.557231	0.807651	0.192349	0.7503528
12312	-2632.363	-2738.012	105.6488	1.124265	0.800564	0.199436	1.460017
12318	-2629.685	-2735.597	105.9117	1.258322	0.724668	0.275332	1.136092
12324	-2633.261	-2739.232	105.9717	1.395824	0.719285	0.280715	0.9455749
12330	-2629.388	-2735.255	105.8668	1.318832	0.670996	0.329004	1.122062
12336	-2621.129	-2727.177	106.0482	1.406296	0.683126	0.316874	0.8470817
12342	-2624.637	-2730.522	105.8844	1.398251	0.791943	0.208057	1.031461
12348	-2628.789	-2734.704	105.9145	1.21607	0.698535	0.301465	1.17094
12354	-2638.199	-2743.939	105.7391	1.20748	0.852909	0.147091	1.324532
12360	-2618.23	-2724.128	105.8979	1.181794	0.670961	0.329039	1.214708
12366	-2623.213	-2728.884	105.6709	1.344472	0.740042	0.259958	1.2686
12372	-2620.773	-2726.584	105.8115	1.249894	0.694734	0.305266	1.230192
12378	-2619.503	-2725.421	105.9176	1.329107	0.733229	0.266771	1.06581
12384	-2624.418	-2730.223	105.8053	1.189911	0.741128	0.258872	1.285096
12390	-2629.427	-2734.988	105.5608	1.102551	0.628111	0.371889	1.542287
12396	-2624.666	-2730.097	105.4314	1.220213	0.808472	0.191528	1.5509
12402	-2616.923	-2722.612	105.6889	1.265539	0.722496	0.277504	1.318235
12408	-2617.881	-2723.786	105.9054	1.196783	0.707249	0.292751	1.195485
12414	-2622.426	-2728.464	106.0382	1.317799	0.752472	0.247528	0.9577008
12420	-2620.532	-2726.611	106.0787	1.303777	0.775735	0.224265	0.9295796
12426	-2623.637	-2729.431	105.7948	1.270779	0.691747	0.308253	1.226643
12432	-2614.031	-2720.033	106.0015	1.547287	0.780094	0.219906	0.7156504
12438	-2620.316	-2726.285	105.9687	1.614043	0.714605	0.285395	0.652368
12444	-2619.356	-2725.362	106.0055	1.556365	0.787396	0.212604	0.6929839
12450	-2620.289	-2726.248	105.9598	1.644322	0.745298	0.254702	0.59902
12456	-2620.57	-2726.532	105.9627	1.617726	0.801616	0.198384	0.6572902
12462	-2623.689	-2729.64	105.9516	1.542861	0.829323	0.170677	0.7959979
12468	-2620.542	-2726.506	105.9636	1.530882	0.754087	0.245913	0.7959979
12474	-2624.157	-2730.123	105.9658	1.433832	0.795986	0.204014	0.9107715
12480	-2616.958	-2722.936	105.9786	1.367823	0.820324	0.179676	0.9676503
12486	-2623.476	-2729.404	105.9281	1.518353	0.745638	0.254362	0.8568423
12492	-2629.776	-2735.742	105.9664	1.544998	0.733037	0.266963	0.7726591
12498	-2626.273	-2732.269	105.9958	1.490263	0.74171	0.25829	0.8071444
12504	-2621.286	-2727.206	105.9197	1.608787	0.750373	0.249627	0.7476122
12510	-2621.413	-2727.359	105.9459	1.551764	0.741827	0.258173	0.7916417
12516	-2614.944	-2720.914	105.9702	1.551764	0.805044	0.194956	0.7574573
12522	-2626.833	-2732.779	105.9458	1.552221	0.795318	0.204682	0.7911393
12528	-2621.302	-2727.32	106.0178	1.480209	0.753368	0.246632	0.7911393
12534	-2623.356	-2729.321	105.9649	1.536088	0.819366	0.180634	0.7871546
12540	-2625.014	-2730.877	105.8639	1.618646	0.720898	0.279102	0.8118191
12546	-2629.931	-2735.846	105.9147	1.680722	0.785921	0.214079	0.6230313
12552	-2628.481	-2734.38	105.8987	1.685576	0.710227	0.289773	0.6491319
12558	-2627.419	-2733.291	105.8716	1.712662	0.710227	0.289773	0.6491319
12564	-2622.41	-2728.312	105.9027	1.624322	0.744242	0.255758	0.7499447
12570	-2619.068	-2724.968	105.9002	1.684531	0.778331	0.221669	0.647961
12576	-2627.744	-2733.621	105.8765	1.696958	0.812372	0.187628	0.6712474
12582	-2622.989	-2728.941	105.9519	1.621478	0.672455	0.327545	0.6715322
12588	-2620.823	-2726.794	105.9707	1.439597	0.84053	0.15947	0.8987962
12594	-2632.26	-2737.31	105.0499	0.8670603	0.683358	0.316642	2.060265
12600	-2629.213	-2735.212	105.9993	1.447565	0.734377	0.265623	0.8562758
12606	-2630.768	-2736.713	105.9459	1.455479	0.699902	0.300098	0.9088282
12612	-2625.418	-2731.333	105.9154	1.472815	0.715463	0.284537	0.9233057
12618	-2628.22	-2734.168	105.9476	1.448104	0.703989	0.296011	0.9150526
12624	-2619.909	-2725.849	105.9393	1.54919	0.745691	0.254309	0.8039602
12630	-2627.626	-2733.594	105.9675	1.408837	0.823677	0.176323	0.9361966
12636	-2624.208	-2730.138	105.9294	1.427346	0.691053	0.308947	0.9568973
12642	-2618.716	-2724.623	105.9077	1.577823	0.800276	0.199724	0.8078975
12648	-2617.717	-2723.667	105.9503	1.452197	0.728927	0.271073	0.9075811
12654	-2630.531	-2736.471	105.9397	1.169863	0.752138	0.247862	1.189124
12660	-2633.085	-2739.147	106.0615	1.501745	0.781787	0.218213	0.690482
12666	-2629.597	-2735.534	105.9365	1.614207	0.800391	0.199609	0.7123764
12672	-2623.289	-2729.237	105.9478	1.673404	0.662229	0.337771	0.5120814
12678	-2622.71	-2728.688	105.9784	1.61362	0.620164	0.379836	0.631261
12684	-2621.364	-2727.388	106.024	1.571138	0.74402	0.25598	0.6235875
12690	-2623.508	-2729.514	106.0057	1.571834	0.762291	0.237709	0.6631465
12696	-2621.496	-2727.443	105.9467	1.641391	0.793948	0.206052	0.6405464
12702	-2620.96	-2726.976	106.0159	1.589268	0.658257	0.341743	0.5957734
12708	-2628.522	-2734.483	105.961	1.659704	0.687292	0.312708	0.5198643
12714	-2626.171	-2732.17	105.9998	1.597027	0.796836	0.203164	0.6193442
12720	-2628.859	-2734.847	105.9883	1.569705	0.796836	0.203164	0.6999286
12726	-2637.248	-2743.255	106.007	1.550994	0.803634	0.196366	0.6999286
12732	-2621.413	-2727.36	105.9467	1.649002	0.826246	0.173754	0.6222275
12738	-2628.903	-2734.825	105.9218	1.643875	0.716475	0.283525	0.6861424
12744	-2620.47	-2726.41	105.9396	1.663606	0.771413	0.228587	0.6018379
12750	-2620.707	-2726.672	105.9648	1.63842	0.858809	0.141191	0.6018379
12756	-2631.181	-2737.14	105.9589	1.633432	0.821986	0.178014	0.6306335
12762	-2625.351	-2731.205	105.8542	1.766317	0.84599	0.15401	0.4780604
12768	-2623.01	-2728.91	105.8995	1.685265	0.821435	0.178565	0.6479746
12774	-2616.18	-2722.007	105.8271	1.792427	0.765935	0.234065	0.4697661
12780	-2622.917	-2728.843	105.9251	1.691105	0.772322	0.227678	0.552933
12786	-2620.605	-2726.56	105.9554	1.662066	0.772322	0.227678	0.5463688
12792	-2635.725	-2741.578	105.853	1.766226	0.682228	0.317772	0.5342356
12798	-2634.197	-2739.907	105.7096	1.911706	0.73249	0.26751	0.4920086
12804	-2628.802	-2734.652	105.8502	1.771145	0.747281	0.252719	0.4920086
12810	-2631.084	-2736.917	105.8333	1.781726	0.85907	0.14093	0.4454439
12816	-2625.407	-2731.2	105.793	1.828474	0.746622	0.253378	0.4954483
12822	-2630.114	-2735.984	105.8702	1.592539	0.83498	0.16502	0.8368983
12828	-2627.434	-2733.433	105.9991	1.559798	0.792356	0.207644	0.6983265
12834	-2626.788	-2732.7	105.9121	1.665486	0.763556	0.236444	0.6631577
12840	-2623.291	-2729.201	105.91	1.639961	0.723931	0.276069	0.7136616
12846	-2623.104	-2729.081	105.9774	1.528622	0.723931	0.276069	0.7802135
12852	-2628.266	-2733.841	105.5753	1.055934	0.717692	0.282308	1.565921
12858	-2629.613	-2735.401	105.7875	1.174153	0.795133	0.204867	1.312384
12864	-2623.12	-2728.571	105.4507	1.171318	0.682767	0.317233	1.572677
12870	-2628.674	-2734.504	105.8304	1.457892	0.835037	0.164963	1.025971
12876	-2628.04	-2733.917	105.8774	1.549228	0.723122	0.276878	0.880199
12882	-2628.321	-2734.275	105.9535	1.581076	0.727822	0.272178	0.7383029
12888	-2628.603	-2734.581	105.9785	1.548992	0.770242	0.229758	0.7491639
12894	-2617.316	-2723.296	105.9797	1.555851	0.776425	0.223575	0.7368625
12900	-2617.039	-2723.042	106.0033	1.551698	0.785332	0.214668	0.7051435
12906	-2619.702	-2725.673	105.9717	1.633429	0.717117	0.282883	0.5960426
12912	-2634.649	-2740.63	105.9813	1.527765	0.737558	0.262442	0.7759375
12918	-2637.571	-2743.467	105.8958	1.709088	0.737558	0.262442	0.5965789
12924	-2628.616	-2734.545	105.929	1.69156	0.838716	0.161284	0.5216612
12930	-2622.33	-2728.259	105.9288	1.662105	0.826666	0.173334	0.6340107
12936	-2617.741	-2723.491	105.75	1.867891	0.744711	0.255289	0.4588
12942	-2620.024	-2725.822	105.7983	1.822055	0.786632	0.213368	0.4764662
12948	-2627.663	-2733.489	105.8255	1.79397	0.659839	0.340161	0.4693465
12954	-2633.292	-2739.141	105.8483	1.259042	0.651316	0.348684	1.191062
12960	-2617.122	-2723.051	105.9289	1.300936	0.829984	0.170016	1.081664
12966	-2625.105	-2730.933	105.8281	1.401739	0.720123	0.279877	1.081664
12972	-2629.095	-2734.732	105.6367	1.5665	0.780455	0.219545	1.106197
12978	-2622.193	-2728.183	105.9902	1.367405	0.746578	0.253422	0.9560051
12984	-2623.726	-2729.643	105.9171	1.290812	0.696646	0.303354	1.101879
12990	-2623.483	-2729.442	105.9597	1.24821	0.659456	0.340544	1.101879
12996	-2628.42	-2734.173	105.7535	1.328854	0.728184	0.271816	1.212475
13002	-2627.408	-2733.209	105.8006	1.358589	0.754465	0.245535	1.145772
13008	-2631.242	-2737.107	105.8645	1.288072	0.736548	0.263452	1.151576
13014	-2628.081	-2733.647	105.5667	1.182105	0.698063	0.301937	1.478395
13020	-2629.332	-2735.13	105.7977	1.221707	0.791069	0.208931	1.265208
13026	-2631.542	-2737.233	105.6914	1.138537	0.704576	0.295424	1.416375
13032	-2632.914	-2738.51	105.5953	1.206731	0.767349	0.232651	1.437892
13038	-2626.669	-2732.367	105.6986	1.069639	0.791955	0.208045	1.463652
13044	-2624.75	-2730.243	105.4929	1.058058	0.744106	0.255894	1.624435
13050	-2625.159	-2730.866	105.707	1.2107	0.717763	0.282237	1.34765
13056	-2628.188	-2734.106	105.9181	1.230533	0.717763	0.282237	1.155089
13062	-2628.392	-2734.333	105.9411	1.335524	0.841188	0.158812	1.037311
13068	-2628.827	-2734.846	106.0181	1.466862	0.77569	0.22431	0.8085841
13074	-2638.571	-2744.522	105.951	1.618723	0.782948	0.217052	0.678629
13080	-2637.946	-2743.899	105.953	1.617093	0.677377	0.322623	0.677828
13086	-2637.227	-2743.049	105.8215	1.792282	0.779322	0.220678	0.564578
13092	-2623.173	-2729.135	105.9616	1.644632	0.784358	0.215642	0.5925955
13098	-2631.177	-2737.098	105.9218	1.684373	0.806869	0.193131	0.5925955
13104	-2619.257	-2725.207	105.95	1.645185	0.777854	0.222146	0.6234591
13110	-2627.403	-2733.002	105.5988	1.353092	0.635381	0.364619	1.320259
13116	-2623.07	-2728.772	105.7018	1.248311	0.771036	0.228964	1.321706
13122	-2622.08	-2727.786	105.7065	1.369051	0.674376	0.325624	1.218229
13128	-2623.444	-2729.185	105.7413	1.39838	0.779368	0.220632	1.162971
13134	-2626.036	-2731.905	105.8685	1.271176	0.698921	0.301079	1.162971
13140	-2633.571	-2739.363	105.7919	1.367596	0.708717	0.291283	1.145486
13146	-2627.389	-2733.433	106.0436	1.338389	0.765374	0.234626	0.9300654
13152	-2631.48	-2737.56	106.0795	1.302532	0.748246	0.251754	0.9300654
13158	-2636.441	-2742.203	105.7616	1.270283	0.813403	0.186597	1.254873
13164	-2640.991	-2746.317	105.3264	1.050057	0.87022	0.12978	1.748464
13170	-2636.011	-2741.522	105.5106	0.9885405	0.743046	0.256954	1.661672
13176	-2642.278	-2747.156	104.8788	0.7952138	0.714698	0.285302	2.218776
13182	-2643.294	-2748.274	104.9803	0.9876125	0.786712	0.213288	2.026534
13188	-2638.541	-2743.977	105.4364	0.9286624	0.765887	0.234113	1.756428
13194	-2634.458	-2739.846	105.3885	0.9132406	0.772412	0.227588	1.800477
13200	-2639.873	-2745.103	105.2301	1.071657	0.778547	0.221453	1.800477
13206	-2635.99	-2741.308	105.3182	0.9834676	0.696469	0.303531	1.800477
13212	-2629.937	-2735.122	105.1852	1.067181	0.779999	0.220001	1.834514
13218	-2628.813	-2734.344	105.5307	0.9532282	0.701316	0.298684	1.672511
13224	-2625.597	-2730.664	105.0667	0.9531734	0.784539	0.215461	1.991894
13230	-2626.649	-2732	105.3509	0.9331918	0.784384	0.215616	1.812689
13236	-2636.173	-2741.604	105.4306	0.9744064	0.806738	0.193262	1.728439
13242	-2634.036	-2739.393	105.3572	1.09585	0.580194	0.419806	1.694464
13248	-2625.391	-2731.156	105.7653	1.315043	0.725756	0.274244	1.214156
13254	-2617.733	-2723.532	105.7982	1.255884	0.743562	0.256438	1.236364
13260	-2625.351	-2731.024	105.6733	1.275289	0.792396	0.207604	1.322932
13266	-2619.101	-2724.83	105.7289	1.031002	0.801728	0.198272	1.470015
13272	-2625.279	-2730.96	105.6815	1.059321	0.801728	0.198272	1.484423
13278	-2621.759	-2727.603	105.8433	1.121085	0.624022	0.375978	1.310221
13284	-2612.311	-2717.795	105.4843	1.093543	0.693364	0.306636	1.604931
13290	-2619.158	-2724.8	105.6418	1.04114	0.740978	0.259022	1.527755
13296	-2621.294	-2727.152	105.858	1.189633	0.719791	0.280209	1.241745
13302	-2624.649	-2730.67	106.0218	1.284053	0.719198	0.280802	1.008725
13308	-2622.923	-2728.834	105.9111	1.140388	0.76273	0.23727	1.238525
13314	-2621.661	-2727.408	105.7471	1.247383	0.807491	0.192509	1.285691
13320	-2624.739	-2730.624	105.8855	1.194392	0.801698	0.198302	1.214568
13326	-2623.919	-2729.273	105.3547	0.9639267	0.781673	0.218327	1.788772
13332	-2625.41	-2730.886	105.476	1.049619	0.696823	0.303177	1.642628
13338	-2627.968	-2733.483	105.5153	1.010337	0.821225	0.178775	1.642628
13344	-2636.731	-2742.421	105.6897	1.260583	0.815601	0.184399	1.321596
13350	-2632.665	-2738.184	105.5188	1.148747	0.721302	0.278698	1.539171
13356	-2627.637	-2733.415	105.7781	1.280592	0.816826	0.183174	1.232453
13362	-2630.074	-2735.882	105.8081	1.276058	0.75074	0.24926	1.210949
13368	-2635.449	-2741.46	106.0108	1.275375	0.784369	0.215631	1.028055
13374	-2639.83	-2745.063	105.2338	0.9269417	0.776354	0.223646	1.89707
13380	-2626.351	-2731.56	105.2086	0.9459116	0.697759	0.302241	1.901347
13386	-2625.2	-2731.018	105.8181	1.268254	0.683238	0.316762	1.209067
13392	-2633.258	-2739.059	105.8011	1.210837	0.672304	0.327696	1.271405
13398	-2635.358	-2741.208	105.8505	1.048572	0.703275	0.296725	1.362416
13404	-2636.422	-2742.418	105.9952	1.356943	0.777405	0.222595	0.9617421
13410	-2642.694	-2748.678	105.9837	1.2982	0.819546	0.180454	1.032165
13416	-2641.248	-2746.885	105.6364	1.253726	0.773514	0.226486	1.36948
13422	-2631.238	-2736.959	105.7214	1.168693	0.78296	0.21704	1.36948
13428	-2624.59	-2730.069	105.479	1.090419	0.819387	0.180613	1.611036
13434	-2625.781	-2731.332	105.5517	1.167011	0.632503	0.367497	1.501066
13440	-2626.137	-2731.639	105.5023	1.167222	0.632503	0.367497	1.537694
13446	-2623.154	-2729.017	105.8629	1.315638	0.707568	0.292432	1.128489
13452	-2632.992	-2738.495	105.5032	2.06595	0.752328	0.247672	0.3552208
13458	-2627.202	-2732.751	105.5481	2.011817	0.752328	0.247672	0.3444878
13464	-2627.95	-2733.501	105.5515	2.030882	0.812367	0.187633	0.3729684
13470	-2622.699	-2728.347	105.6479	1.934565	0.769777	0.230223	0.3729684
13476	-2622.343	-2727.971	105.628	1.958027	0.695902	0.304098	0.3784011
13482	-2625.342	-2730.97	105.628	1.958027	0.78089	0.21911	0.3784011
13488	-2618.702	-2724.323	105.621	1.958027	0.767066	0.232934	0.3681209
13494	-2624.853	-2730.395	105.542	2.024242	0.767066	0.232934	0.3517167
13500	-2629.173	-2734.817	105.6438	1.934952	0.690316	0.309684	0.3677066
13506	-2627.639	-2733.25	105.611	1.978397	0.683544	0.316456	0.3837791
13512	-2625.006	-2730.694	105.6879	1.914292	0.710602	0.289398	0.408169
13518	-2617.968	-2723.793	105.8248	1.795617	0.797095	0.202905	0.5228628
13524	-2621.401	-2727.285	105.884	1.736412	0.797095	0.202905	0.5228628
13530	-2622.559	-2728.379	105.8203	1.80017	0.759255	0.240745	0.5228628
13536	-2619.043	-2724.772	105.7289	1.890792	0.686998	0.313002	0.4704593
13542	-2621.463	-2727.333	105.8701	1.7311	0.693293	0.306707	0.6074783
13548	-2624.007	-2729.885	105.8785	1.730828	0.758849	0.241151	0.5821345
13554	-2632.561	-2738.449	105.8883	1.707973	0.764317	0.235683	0.6209156
13560	-2633	-2738.749	105.7489	1.87251	0.706077	0.293923	0.5046434
13566	-2627.495	-2733.316	105.8211	1.800209	0.747262	0.252738	0.4901094
13572	-2628.61	-2734.44	105.83	1.7886	0.640818	0.359182	0.5387551
13578	-2621.527	-2727.358	105.8316	1.78704	0.782962	0.217038	0.5387551
13584	-2623.801	-2729.74	105.9386	1.648967	0.803312	0.196688	0.6417404
13590	-2626.175	-2732	105.825	1.796413	0.699007	0.300993	0.5036174
13596	-2619.888	-2725.675	105.7871	1.833751	0.695729	0.304271	0.4819246
13602	-2621.239	-2727.054	105.8157	1.805708	0.787028	0.212972	0.5026305
13608	-2613.292	-2719.161	105.8687	1.743981	0.744822	0.255178	0.5694556
13614	-2618.386	-2724.439	106.053	1.509146	0.778372	0.221628	0.6925386
13620	-2619.4	-2725.329	105.9284	1.471114	0.687829	0.312171	0.9108343
13626	-2628.881	-2734.946	106.065	1.375258	0.722666	0.277334	0.8641973
13632	-2624.908	-2730.885	105.9771	1.618127	0.786494	0.213506	0.6234601
13638	-2621.418	-2727.338	105.9206	1.593699	0.786494	0.213506	0.7685378
13644	-2615.402	-2721.355	105.9526	1.61837	0.800985	0.199015	0.6761957
13650	-2626.38	-2732.404	106.024	1.305673	0.790135	0.209865	0.9848665
13656	-2622.701	-2728.59	105.8892	1.268221	0.776087	0.223913	1.147321
13662	-2615.637	-2721.516	105.8796	1.277849	0.830791	0.169209	1.147321
13668	-2618.839	-2724.737	105.8975	1.198858	0.79039	0.20961	1.200514
13674	-2620.128	-2725.885	105.7569	1.126722	0.79039	0.20961	1.37455
13680	-2623.75	-2729.439	105.689	1.094465	0.744405	0.255595	1.452096
13686	-2621.164	-2726.926	105.7613	1.249122	0.686398	0.313602	1.27262
13692	-2620.907	-2726.777	105.8698	1.1703	0.822749	0.177251	1.248033
13698	-2625.449	-2730.764	105.315	1.108697	0.666247	0.333753	1.715255
13704	-2626.194	-2731.817	105.6235	0.9376234	0.817466	0.182534	1.617076
13710	-2625.902	-2731.628	105.7267	1.040019	0.76461	0.23539	1.464813
13716	-2619.732	-2725.672	105.9401	1.226123	0.73946	0.26054	1.139462
13722	-2620.052	-2725.99	105.9371	1.343632	0.678844	0.321156	1.033315
13728	-2615.831	-2721.748	105.9176	1.324158	0.766803	0.233197	1.07048
13734	-2626.227	-2732.295	106.0677	1.151249	0.723977	0.276023	1.091745
13740	-2637.401	-2743.079	105.6782	1.189258	0.886022	0.113978	1.387234
13746	-2638.671	-2744.412	105.7412	1.179663	0.886022	0.113978	1.345155
13752	-2641.609	-2747.33	105.7208	1.16795	0.73145	0.26855	1.370524
13758	-2639.71	-2745.67	105.9599	1.211139	0.702287	0.297713	1.135177
13764	-2632.95	-2738.723	105.7729	1.366129	0.812609	0.187391	1.16355
13770	-2631.383	-2736.834	105.4513	1.271851	0.754371	0.245629	1.497715
13776	-2624.687	-2730.655	105.9676	1.125086	0.766247	0.233753	1.203634
13782	-2622.925	-2728.944	106.019	1.370197	0.644918	0.355082	0.9222098
13788	-2626.305	-2732.209	105.9041	1.127922	0.770587	0.229413	1.254757
13794	-2624.198	-2730.147	105.9488	1.174707	0.744719	0.255281	1.177054
13800	-2624.252	-2729.947	105.6956	1.181167	0.794339	0.205661	1.379932
13806	-2620.003	-2725.665	105.6619	1.13843	0.598606	0.401394	1.439201
13812	-2626.578	-2732.084	105.5061	1.070694	0.61859	0.38141	1.605706
13818	-2624.102	-2729.557	105.4554	1.058774	0.746493	0.253507	1.6509
13824	-2623.657	-2729.408	105.7512	1.075931	0.646951	0.353049	1.418604
13830	-2626.697	-2732.101	105.4042	1.02031	0.746915	0.253085	1.714685
13836	-2627.915	-2733.534	105.6183	1.076678	0.784712	0.215288	1.51876
13842	-2628.788	-2734.356	105.5676	1.160647	0.784712	0.215288	1.493872
13848	-2619.456	-2725.263	105.8062	1.370082	0.784712	0.215288	1.130524
13854	-2621.591	-2727.558	105.9676	1.370082	0.79575	0.20425	0.9767106
13860	-2627.183	-2732.945	105.7628	1.370082	0.746981	0.253019	1.168878
13866	-2626.248	-2731.933	105.6851	1.288928	0.798507	0.201493	1.302391
13872	-2619.838	-2725.62	105.7812	1.11236	0.779734	0.220266	1.366718
13878	-2618.501	-2724.195	105.694	1.256715	0.646567	0.353433	1.321214
13884	-2624.158	-2729.893	105.7353	1.408681	0.770443	0.229557	1.15918
13890	-2618.753	-2724.66	105.9076	1.390962	0.812912	0.187088	1.015975
13896	-2622.465	-2728.162	105.6971	1.259967	0.74566	0.25434	1.31616
13902	-2625.908	-2731.581	105.6721	1.239904	0.828928	0.171072	1.352155
13908	-2634.211	-2740.071	105.8608	1.50307	0.709863	0.290137	0.9494336
13914	-2632.977	-2738.871	105.894	1.414437	0.702464	0.297536	1.00614
13920	-2636.366	-2742.271	105.9047	1.643291	0.688871	0.311129	0.7169827
13926	-2640.965	-2746.917	105.9521	1.578578	0.739543	0.260457	0.7443453
13932	-2632.984	-2738.741	105.7574	1.225286	0.785559	0.214441	1.295338
13938	-2632.868	-2738.609	105.7405	1.242233	0.844089	0.155911	1.295338
13944	-2631.739	-2737.433	105.6937	1.375512	0.680405	0.319595	1.223577
13950	-2613.893	-2719.685	105.7922	1.277001	0.741388	0.258612	1.223577
13956	-2617.659	-2723.367	105.708	1.253106	0.826741	0.173259	1.31289
13962	-2618.735	-2724.35	105.6149	1.185102	0.803528	0.196472	1.439462
13968	-2615.892	-2721.687	105.7946	1.116527	0.791953	0.208047	1.352868
13974	-2614.246	-2719.86	105.6141	1.297038	0.731203	0.268797	1.352868
13980	-2621.213	-2726.917	105.7043	1.304949	0.731203	0.268797	1.273621
13986	-2621.357	-2727.348	105.9909	1.310543	0.629753	0.370247	1.013091
13992	-2618.8	-2724.713	105.9122	1.243341	0.723562	0.276438	1.148972
13998	-2621.453	-2727.276	105.823	1.210028	0.727555	0.272445	1.25394
14004	-2617.462	-2723.093	105.6312	1.182853	0.791264	0.208736	1.42864
14010	-2622.034	-2727.74	105.7055	1.290264	0.799552	0.200448	1.284705
14016	-2625.213	-2730.917	105.7041	1.344543	0.813695	0.186305	1.240893
14022	-2637.962	-2743.778	105.8161	1.267299	0.769081	0.230919	1.211587
14028	-2637.055	-2742.837	105.7822	1.442948	0.798238	0.201762	1.086008
14034	-2633.538	-2739.324	105.786	1.256428	0.756089	0.243911	1.246134
14040	-2627.237	-2733.122	105.8853	1.179783	0.756089	0.243911	1.22713
14046	-2636.65	-2742.1	105.4494	1.13934	0.807138	0.192862	1.596984
14052	-2625.596	-2731.103	105.5075	1.2212	0.732658	0.267342	1.493552
14058	-2623.533	-2729.485	105.9522	1.275121	0.703806	0.296194	1.08392
14064	-2631.598	-2737.482	105.884	1.349533	0.746837	0.253163	1.078139
14070	-2632.759	-2738.019	105.2597	2.171062	0.805534	0.194466	0.2512098
14076	-2624.124	-2729.45	105.3263	2.145037	0.781105	0.218895	0.2736212
14082	-2630.266	-2735.755	105.4891	2.03833	0.760116	0.239884	0.3132686
14088	-2629.682	-2734.95	105.2685	2.180825	0.628815	0.371185	0.2609706
14094	-2647.256	-2753.035	105.7785	1.493104	0.799108	0.200892	1.042125
14100	-2637.934	-2742.91	104.9767	2.326781	0.653899	0.346101	0.1994229
14106	-2632.186	-2737.076	104.8904	2.39467	0.687367	0.312633	0.1934868
14112	-2633.299	-2738.326	105.0268	2.30416	0.720195	0.279805	0.2089153
14118	-2627.074	-2732.277	105.203	2.207899	0.720195	0.279805	0.241563
14124	-2627.133	-2732.981	105.8482	1.246321	0.81603	0.18397	1.202075
14130	-2628.782	-2734.354	105.5716	1.225959	0.723442	0.276558	1.44134
14136	-2625.65	-2731.242	105.5921	1.173134	0.783496	0.216504	1.465958
14142	-2619.161	-2724.993	105.8319	1.156088	0.822211	0.177789	1.291044
14148	-2624.661	-2730.341	105.6802	1.16459	0.712264	0.287736	1.404861
14154	-2620.761	-2726.404	105.6426	1.202223	0.712264	0.287736	1.404861
14160	-2621.607	-2727.435	105.828	1.127167	0.718599	0.281401	1.317627
14166	-2625.328	-2730.555	105.2263	1.199418	0.769136	0.230864	1.713785
14172	-2625.205	-2730.775	105.5699	0.9201784	0.700242	0.299758	1.668091
14178	-2625.935	-2731.435	105.5002	0.9616386	0.700242	0.299758	1.688262
14184	-2631.854	-2737.285	105.4312	1.073443	0.83544	0.16456	1.657703
14190	-2626.386	-2731.885	105.4995	1.123615	0.733097	0.266903	1.571924
14196	-2631.191	-2736.601	105.4104	1.090519	0.695496	0.304504	1.66039
14202	-2632.47	-2738.085	105.6143	1.073008	0.683878	0.316122	1.524495
14208	-2634.905	-2740.466	105.5609	1.15834	0.79216	0.20784	1.500612
14214	-2635.574	-2741.292	105.7175	1.138332	0.653276	0.346724	1.396334
14220	-2630.791	-2736.732	105.9406	1.286002	0.662786	0.337214	1.084609
14226	-2629.621	-2735.546	105.9254	1.294518	0.718975	0.281025	1.090801
14232	-2631.701	-2737.542	105.8409	1.215298	0.738565	0.261435	1.234543
14238	-2624.526	-2730.437	105.9109	1.40763	0.703659	0.296341	0.9960652
14244	-2624.6	-2730.474	105.8738	1.377439	0.71063	0.28937	1.061594
14250	-2624.624	-2730.574	105.9502	1.230026	0.772676	0.227324	1.126938
14256	-2623.252	-2729.085	105.8332	1.298767	0.772676	0.227324	1.169668
14262	-2622.543	-2728.427	105.8841	1.334969	0.695966	0.304034	1.091624
14268	-2624.191	-2730.088	105.8975	1.27019	0.715491	0.284509	1.138189
14274	-2623.849	-2729.658	105.8084	1.359308	0.654693	0.345307	1.138189
14280	-2623.726	-2729.584	105.8581	1.21031	0.669554	0.330446	1.224289
14286	-2622.277	-2728.16	105.8834	1.287205	0.769304	0.230696	1.135592
14292	-2615.126	-2720.944	105.8175	1.251288	0.794536	0.205464	1.223973
14298	-2628.671	-2734.551	105.8795	1.218191	0.736848	0.263152	1.19935
14304	-2616.818	-2722.37	105.5522	1.211305	0.706937	0.293063	1.467276
14310	-2623.498	-2729.342	105.8445	1.253209	0.817965	0.182035	1.199354
14316	-2622.732	-2728.548	105.8157	1.333236	0.796173	0.203827	1.154849
14322	-2616.85	-2722.691	105.8408	1.177383	0.797766	0.202234	1.266249
14328	-2624.789	-2730.641	105.8517	1.225668	0.779759	0.220241	1.216652
14334	-2632.244	-2737.98	105.7363	1.341135	0.779759	0.220241	1.216652
14340	-2624.836	-2730.734	105.8986	1.178843	0.78795	0.21205	1.216652
14346	-2624.421	-2730.291	105.8702	1.201832	0.657688	0.342312	1.221241
14352	-2621.005	-2726.599	105.594	1.091137	0.727944	0.272056	1.526094
14358	-2631.738	-2737.522	105.784	1.179219	0.727944	0.272056	1.311137
14364	-2621.741	-2727.498	105.7569	1.14304	0.770756	0.229244	1.361688
14370	-2621.436	-2727.157	105.7211	1.162266	0.734812	0.265188	1.374743
14376	-2621.705	-2727.476	105.7706	1.255609	0.741801	0.258199	1.259597
14382	-2625.362	-2730.92	105.5584	1.326651	0.723647	0.276353	1.373475
14388	-2620.127	-2726.025	105.8974	1.281514	0.733567	0.266433	1.128148
14394	-2624.062	-2729.845	105.7824	1.331792	0.723934	0.276066	1.185147
14400	-2631.14	-2736.89	105.7499	1.353845	0.777061	0.222939	1.194144
14406	-2628.693	-2734.527	105.8344	1.285332	0.765701	0.234299	1.18031
14412	-2627.245	-2733.275	106.0301	1.395215	0.732536	0.267464	0.8816862
14418	-2623.003	-2728.948	105.9447	1.568581	0.755551	0.244449	0.7699938
14424	-2625.825	-2731.779	105.9533	1.600325	0.804238	0.195762	0.7074862
14430	-2631.608	-2737.607	105.999	1.612905	0.766469	0.233531	0.5725185
14436	-2644.302	-2750.34	106.0382	1.497445	0.826746	0.173254	0.7366773
14442	-2635.54	-2741.531	105.9901	1.602345	0.843587	0.156413	0.6304509
14448	-2634.606	-2740.526	105.9206	1.694981	0.859053	0.140947	0.5562283
14454	-2630.867	-2736.811	105.9438	1.568623	0.802734	0.197266	0.7712046
14460	-2628.839	-2734.903	106.0642	1.537544	0.722902	0.277098	0.6060501
14466	-2625.852	-2731.786	105.9335	1.626734	0.666506	0.333494	0.6959421
14472	-2630.072	-2736.135	106.063	1.448566	0.784999	0.215001	0.7723798
14478	-2624.07	-2730.119	106.0489	1.453839	0.719427	0.280573	0.7847152
14484	-2618.128	-2724.13	106.002	1.490853	0.787139	0.212861	0.7981653
14490	-2621.371	-2727.292	105.921	1.656641	0.697024	0.302976	0.6629139
14496	-2624.328	-2730.159	105.8313	1.782667	0.77591	0.22409	0.5638402
14502	-2618.227	-2724.085	105.8583	1.757478	0.765935	0.234065	0.5551899
14508	-2629.074	-2734.976	105.9021	1.704627	0.716958	0.283042	0.590925
14514	-2641.446	-2747.446	106.0008	1.570797	0.742304	0.257696	0.6750133
14520	-2630.185	-2736.187	106.0024	1.59649	0.740503	0.259497	0.6138438
14526	-2640.746	-2746.747	106.0014	1.556945	0.673163	0.326837	0.6992442
14532	-2634.573	-2740.332	105.7592	1.29257	0.803033	0.196967	1.238292
14538	-2625.726	-2731.5	105.7746	1.312766	0.727959	0.272041	1.208219
14544	-2623.936	-2729.906	105.9699	1.289043	0.759349	0.240651	1.054229
14550	-2626.256	-2732.177	105.9211	1.337512	0.759762	0.240238	1.054578
14556	-2626.542	-2732.456	105.9146	1.344024	0.728109	0.271891	1.054578
14562	-2630.565	-2736.654	106.0889	1.395182	0.718509	0.281491	0.8097224
14568	-2628.754	-2734.741	105.987	1.336074	0.797455	0.202545	0.9915041
14574	-2632.81	-2738.448	105.6384	1.360222	0.80998	0.19002	1.282315
14580	-2628.851	-2734.702	105.8514	1.324075	0.75285	0.24715	1.131232
14586	-2625.986	-2731.915	105.9291	1.292973	0.720626	0.279374	1.088846
14592	-2623.647	-2729.418	105.7715	1.167199	0.763438	0.236562	1.330866
14598	-2623.498	-2729.452	105.954	1.275014	0.691206	0.308794	1.082375
14604	-2626.553	-2732.311	105.7576	1.338111	0.713297	0.286703	1.201049
14610	-2631.743	-2737.664	105.9206	1.67302	0.813639	0.186361	0.6275327
14616	-2627.486	-2733.508	106.0212	1.515271	0.730886	0.269114	0.7354648
14622	-2630.9	-2736.847	105.9472	1.671034	0.737561	0.262439	0.5415018
14628	-2637.069	-2743.089	106.0197	1.538091	0.812374	0.187626	0.7003408
14634	-2633.347	-2739.297	105.9493	1.62784	0.804567	0.195433	0.6640218
14640	-2644.025	-2749.71	105.6856	1.33377	0.798832	0.201168	1.265296
14646	-2642.818	-2748.525	105.7074	1.314959	0.741757	0.258243	1.262772
14652	-2631.754	-2737.717	105.9637	1.41742	0.815433	0.184567	0.9309911
14658	-2625.651	-2731.609	105.9582	1.456913	0.716347	0.283653	0.893356
14664	-2623.331	-2729.332	106.0002	1.456151	0.78217	0.21783	0.8447814
14670	-2625.325	-2731.252	105.9265	1.455726	0.729911	0.270089	0.9298241
14676	-2623.439	-2729.398	105.9591	1.263691	0.776687	0.223313	1.088177
14682	-2622.834	-2728.724	105.8898	1.175694	0.785749	0.214251	1.226755
14688	-2629.413	-2735.176	105.7634	1.302056	0.766277	0.233723	1.226755
14694	-2627.591	-2733.48	105.8888	1.453213	0.794153	0.205847	0.9722014
14700	-2627.979	-2733.921	105.9425	1.420132	0.692718	0.307282	0.9507312
14706	-2624.625	-2730.527	105.9012	1.448109	0.770008	0.229992	0.964627
14712	-2627.386	-2733.396	106.0101	1.501431	0.805174	0.194826	0.7724667
14718	-2635.907	-2741.884	105.9765	1.522756	0.805174	0.194826	0.7895572
14724	-2628.455	-2734.2	105.7459	1.428213	0.820189	0.179811	1.132447
14730	-2617.993	-2723.767	105.7745	1.315246	0.683683	0.316317	1.206189
14736	-2626.503	-2732.327	105.8241	1.256576	0.657873	0.342127	1.213849
14742	-2623.321	-2729.121	105.7997	1.281053	0.89012	0.10988	1.213849
14748	-2622.966	-2728.867	105.9011	1.417895	0.684963	0.315037	0.9955988
14754	-2622.996	-2728.919	105.923	1.322506	0.711441	0.288559	1.066963
14760	-2622.887	-2728.724	105.8374	1.372004	0.75616	0.24384	1.100515
14766	-2635.944	-2741.944	105.9999	1.494609	0.646911	0.353089	0.7958841
14772	-2625.809	-2731.821	106.0125	1.402499	0.646911	0.353089	0.8934734
14778	-2621.03	-2727.031	106.0007	1.396991	0.768676	0.231324	0.9128709
14784	-2621.291	-2727.219	105.9276	1.488377	0.823918	0.176082	0.8923881
14790	-2620.354	-2726.341	105.9873	1.385236	0.754925	0.245075	0.9401724
14796	-2618.991	-2724.934	105.9429	1.388153	0.808856	0.191144	0.9834371
14802	-2622.762	-2728.749	105.9871	1.577019	0.717183	0.282817	0.6889934
14808	-2616.496	-2722.452	105.9562	1.62303	0.840541	0.159459	0.6596636
14814	-2619.555	-2725.582	106.0279	1.569798	0.699318	0.300682	0.6171703
14820	-2619.208	-2725.124	105.9162	1.685862	0.717503	0.282497	0.6049809
14826	-2624.159	-2730.114	105.9544	1.647658	0.725744	0.274256	0.6049809
14832	-2619.953	-2725.909	105.9565	1.639009	0.80108	0.19892	0.6228234
14838	-2624.517	-2730.4	105.8832	1.672882	0.764233	0.235767	0.7032892
14844	-2618.029	-2724.064	106.0352	1.51824	0.7604	0.2396	0.7076918
14850	-2630.063	-2736.069	106.0066	1.382705	0.812381	0.187619	0.922141
14856	-2630.946	-2736.931	105.9856	1.432364	0.657767	0.342233	0.8901228
14862	-2625.459	-2731.497	106.0388	1.461132	0.809254	0.190746	0.7886386
14868	-2629.909	-2735.86	105.9509	1.591264	0.871026	0.128974	0.7263467
14874	-2630.8	-2736.671	105.871	1.746702	0.699675	0.300325	0.5449817
14880	-2626.052	-2731.991	105.9395	1.68002	0.775708	0.224292	0.5321269
14886	-2626.741	-2732.653	105.9117	1.708904	0.678283	0.321717	0.5207376
14892	-2628.002	-2733.815	105.8136	1.805809	0.806075	0.193925	0.533033
14898	-2627.843	-2733.77	105.9271	1.692246	0.831588	0.168412	0.533033
14904	-2627.098	-2733.042	105.9443	1.668613	0.762136	0.237864	0.5683393
14910	-2624.687	-2730.558	105.8708	1.745949	0.769471	0.230529	0.5502234
14916	-2615.992	-2721.876	105.8838	1.692314	0.769471	0.230529	0.6660772
14922	-2620.495	-2726.431	105.9358	1.648921	0.678815	0.321185	0.6480743
14928	-2623.363	-2729.279	105.9159	1.62553	0.762008	0.237992	0.7275049
14934	-2621.346	-2727.309	105.9631	1.525188	0.697425	0.302575	0.8042696
14940	-2621.548	-2727.545	105.9969	1.548276	0.770074	0.229926	0.7215174
14946	-2623.351	-2729.258	105.9068	1.553792	0.823619	0.176381	0.8396109
14952	-2619.834	-2725.798	105.9645	1.429754	0.755588	0.244412	0.9167118
14958	-2632.413	-2738.447	106.0335	1.374774	0.724771	0.275229	0.9011331
14964	-2628.115	-2734.079	105.9638	1.294807	0.884788	0.115212	1.054563
14970	-2619.568	-2725.379	105.8112	1.433471	0.763974	0.236026	1.067781
14976	-2633.53	-2739.484	105.9534	1.495345	0.695055	0.304945	0.8540744
14982	-2621.153	-2727.127	105.9739	1.451982	0.76965	0.23035	0.8809976
14988	-2628.556	-2734.424	105.8677	1.206478	0.706184	0.293816	1.219369
14994	-2627.679	-2733.598	105.9194	1.676318	0.742498	0.257502	0.6221591
15000	-2628.822	-2734.793	105.971	1.57037	0.779723	0.220277	0.7276901
15006	-2635.812	-2741.881	106.0691	1.532552	0.86687	0.13313	0.6061882
15012	-2628.81	-2734.71	105.8996	1.702028	0.719598	0.280402	0.6061882
15018	-2631.691	-2737.613	105.9215	1.693306	0.729783	0.270217	0.5600251
15024	-2626.837	-2732.692	105.855	1.763168	0.810593	0.189407	0.5417889
15030	-2627.287	-2733.092	105.8049	1.801128	0.739651	0.260349	0.5930798
15036	-2630.949	-2736.786	105.8371	1.7824	0.773161	0.226839	0.5323476
15042	-2621.537	-2727.357	105.8193	1.802018	0.666718	0.333282	0.5096741
15048	-2620.883	-2726.957	106.0744	1.493763	0.819682	0.180318	0.6815128
15054	-2615.949	-2721.922	105.9725	1.613418	0.719908	0.280092	0.6453933
15060	-2621.781	-2727.717	105.9358	1.642184	0.770592	0.229408	0.662253
15066	-2620.801	-2726.784	105.9829	1.581329	0.78889	0.21111	0.6887424
15072	-2620.414	-2726.305	105.8913	1.697369	0.717555	0.282445	0.6393011
15078	-2625.724	-2731.735	106.0117	1.590974	0.719101	0.280899	0.6031703
15084	-2614.476	-2720.394	105.918	1.305395	0.844864	0.155136	1.087614
15090	-2626.204	-2731.973	105.7688	1.251854	0.801808	0.198192	1.264194
15096	-2628.38	-2734.252	105.8726	1.332747	0.749254	0.250746	1.104208
15102	-2624.754	-2730.672	105.918	1.386304	0.762482	0.237518	1.010281
15108	-2625.954	-2731.79	105.8359	1.372328	0.82373	0.17627	1.101531
15114	-2629.055	-2734.916	105.8612	1.347102	0.704588	0.295412	1.101531
15120	-2631.759	-2737.582	105.8222	1.210857	0.702271	0.297729	1.253881
15126	-2636.692	-2742.492	105.8009	1.553833	0.698945	0.301055	0.9589836
15132	-2628.473	-2734.478	106.0041	1.504304	0.772743	0.227257	0.7768475
15138	-2623.565	-2729.507	105.9425	1.468348	0.794886	0.205114	0.8981605
15144	-2621.875	-2727.738	105.8629	1.390092	0.77222	0.22778	1.059898
15150	-2626.783	-2732.715	105.932	1.408353	0.802935	0.197065	0.9739027
15156	-2632.676	-2738.688	106.0118	1.484823	0.756965	0.243035	0.7930441
15162	-2625.191	-2731.091	105.9	1.695986	0.729553	0.270447	0.6215135
15168	-2629.641	-2735.415	105.7746	1.846524	0.790796	0.209204	0.4875056
15174	-2629.733	-2735.545	105.8119	1.809047	0.773464	0.226536	0.5159089
15180	-2625.484	-2731.415	105.9306	1.67977	0.709557	0.290443	0.5780868
15186	-2621.358	-2727.164	105.8061	1.815147	0.771837	0.228163	0.4885507
15192	-2628.855	-2734.724	105.869	1.7504	0.749059	0.250941	0.5329567
15198	-2622.53	-2728.515	105.9844	1.628296	0.749059	0.250941	0.5693155
15204	-2623.515	-2729.274	105.7589	1.854504	0.705226	0.294774	0.4390193
15210	-2634.211	-2740.056	105.8447	1.775842	0.70801	0.29199	0.478559
15216	-2638.052	-2743.79	105.7378	1.862102	0.708331	0.291669	0.4031634
15222	-2632.17	-2737.997	105.8273	1.793399	0.727401	0.272599	0.4807501
15228	-2628.06	-2733.799	105.7392	1.881553	0.776521	0.223479	0.4807501
15234	-2635.337	-2741.21	105.8728	1.721119	0.623442	0.376558	0.6267212
15240	-2627.396	-2733.151	105.7548	1.863524	0.752272	0.247728	0.4616411
15246	-2627.075	-2732.828	105.7523	1.863524	0.752272	0.247728	0.4487958
15252	-2625.139	-2730.795	105.6564	1.935641	0.811299	0.188701	0.3883074
15258	-2630.534	-2736.37	105.836	1.781997	0.781782	0.218218	0.4595069
15264	-2636.883	-2742.479	105.5962	1.959116	0.766598	0.233402	0.3394946
15270	-2634.765	-2740.618	105.8528	1.768675	0.799258	0.200742	0.5025669
15276	-2629.92	-2735.758	105.8381	1.778244	0.784785	0.215215	0.5525656
15282	-2628.032	-2733.953	105.9212	1.663441	0.784785	0.215215	0.6482348
15288	-2626.375	-2732.219	105.8439	1.725215	0.686503	0.313497	0.679703
15294	-2628.227	-2734.209	105.9818	1.463911	0.755335	0.244665	0.8577384
15300	-2622.827	-2728.78	105.9536	1.496768	0.641936	0.358064	0.8520441
15306	-2621.424	-2727.408	105.9837	1.434687	0.856225	0.143775	0.8897116
15312	-2628.911	-2734.588	105.677	1.466832	0.737215	0.262785	1.159303
15318	-2626.596	-2732.689	106.0926	1.305882	0.650088	0.349912	0.9119927
15324	-2629.965	-2735.433	105.4683	1.192777	0.79141	0.20859	1.543932
15330	-2621.616	-2727.461	105.8446	1.266529	0.814815	0.185185	1.187819
15336	-2620.777	-2726.652	105.8742	1.367599	0.774348	0.225652	1.070401
15342	-2629.669	-2735.381	105.7114	1.314241	0.745556	0.254444	1.260058
15348	-2626.128	-2732.007	105.879	1.362783	0.818978	0.181022	1.070503
15354	-2619.218	-2725.07	105.8512	1.29555	0.818443	0.181557	1.156769
15360	-2611.708	-2717.554	105.846	1.301063	0.77938	0.22062	1.15643
15366	-2615.522	-2721.426	105.9036	1.243497	0.761045	0.238955	1.15643
15372	-2623.182	-2728.964	105.7811	1.36567	0.734454	0.265546	1.156688
15378	-2634.054	-2739.428	105.3742	1.20336	0.740945	0.259055	1.605106
15384	-2630.348	-2736.062	105.7145	1.275421	0.695844	0.304156	1.289466
15390	-2628.374	-2734.103	105.7293	1.153718	0.78401	0.21599	1.375031
15396	-2630.588	-2736.311	105.723	1.18466	0.78401	0.21599	1.35561
15402	-2629.902	-2735.718	105.8155	1.38996	0.75397	0.24603	1.104126
15408	-2624.852	-2730.629	105.7767	1.346431	0.774301	0.225699	1.177393
15414	-2627.526	-2733.302	105.7767	1.346431	0.708668	0.291332	1.177393
15420	-2625.761	-2731.64	105.8788	1.398952	0.808121	0.191879	1.036207
15426	-2622.134	-2728.176	106.0423	1.346916	0.77619	0.22381	0.9221766
15432	-2624.908	-2730.871	105.9624	1.426884	0.767594	0.232406	0.9221766
15438	-2623.78	-2729.669	105.8894	1.499864	0.648556	0.351444	0.9221766
15444	-2617.797	-2723.802	106.005	1.490569	0.648556	0.351444	0.7944798
15450	-2622.103	-2728.108	106.005	1.490569	0.8114	0.1886	0.7944798
15456	-2618.587	-2724.535	105.9483	1.474475	0.730126	0.269874	0.88464
15462	-2617.915	-2723.905	105.9902	1.582603	0.791393	0.208607	0.6726536
15468	-2626.107	-2732.094	105.9872	1.585541	0.791497	0.208503	0.6726536
15474	-2624.031	-2729.865	105.8341	1.499519	0.70079	0.29921	0.9808285
15480	-2624.611	-2730.556	105.9449	1.579274	0.722182	0.277818	0.754171
15486	-2624.456	-2730.363	105.907	1.617174	0.722182	0.277818	0.754171
15492	-2624.502	-2730.322	105.8199	1.688445	0.750915	0.249085	0.7769679
15498	-2625.768	-2731.55	105.7815	1.815594	0.759796	0.240204	0.6187966
15504	-2620.961	-2726.65	105.689	1.900828	0.7507	0.2493	0.3844786
15510	-2622.506	-2728.255	105.749	1.866107	0.804299	0.195701	0.4455702
15516	-2621.275	-2727.067	105.7922	1.822848	0.729102	0.270898	0.4455702
15522	-2627.762	-2733.621	105.8596	1.755243	0.852577	0.147423	0.5599443
15528	-2624.272	-2730.116	105.8437	1.771065	0.625248	0.374752	0.5599443
15534	-2624.715	-2730.57	105.8548	1.758955	0.792884	0.207116	0.564641
15540	-2623.513	-2729.396	105.8828	1.730924	0.676927	0.323073	0.564641
15546	-2623.387	-2729.246	105.859	1.762076	0.799663	0.200337	0.4853012
15552	-2625.814	-2731.612	105.7975	1.821293	0.799663	0.200337	0.5372909
15558	-2617.663	-2723.564	105.9013	1.716245	0.737774	0.262226	0.545412
15564	-2622.68	-2728.559	105.8792	1.734189	0.778953	0.221047	0.5662729
15570	-2619.094	-2724.994	105.9004	1.718977	0.709069	0.290931	0.532797
15576	-2628.364	-2734.165	105.8009	1.81651	0.579406	0.420594	0.5462913
15582	-2622.312	-2728.034	105.7224	1.890759	0.809138	0.190862	0.4384007
15588	-2626.388	-2732.054	105.6662	1.947995	0.777602	0.222398	0.4419149
15594	-2619.408	-2725.145	105.7369	1.859339	0.76782	0.23218	0.395922
15600	-2622.273	-2728.144	105.8702	1.749481	0.773916	0.226084	0.4708939
15606	-2627.419	-2733.307	105.8879	1.733469	0.761802	0.238198	0.4928805
15612	-2629.049	-2734.82	105.7707	1.847221	0.823557	0.176443	0.4591336
15618	-2632.794	-2738.54	105.746	1.871968	0.72873	0.27127	0.4591336
15624	-2635.085	-2740.778	105.6928	1.922603	0.800992	0.199008	0.4470669
15630	-2628.879	-2734.672	105.7933	1.822786	0.806774	0.193226	0.5538297
15636	-2630.422	-2736.175	105.7528	1.860052	0.768068	0.231932	0.4372055
15642	-2622.949	-2728.573	105.6238	1.967595	0.738511	0.261489	0.387173
15648	-2619.977	-2725.727	105.7496	1.862632	0.74881	0.25119	0.4352338
15654	-2626.418	-2732.054	105.6352	1.973568	0.746932	0.253068	0.424436
15660	-2625.116	-2730.782	105.6667	1.946595	0.728326	0.271674	0.4386379
15666	-2621.466	-2727.112	105.646	1.964262	0.708182	0.291818	0.4288145
15672	-2620.539	-2726.121	105.5821	2.017005	0.763968	0.236032	0.4015281
15678	-2623.411	-2729.073	105.6621	1.933397	0.74227	0.25773	0.3944968
15684	-2617.822	-2723.42	105.5979	2.004992	0.786784	0.213216	0.4097962
15690	-2620.855	-2726.567	105.7115	1.899357	0.757389	0.242611	0.4306575
15696	-2616.46	-2722.21	105.7503	1.861421	0.757389	0.242611	0.4333379
15702	-2632.016	-2737.687	105.6709	1.941234	0.792699	0.207301	0.4348466
15708	-2623.814	-2729.49	105.6763	1.941234	0.74364	0.25636	0.4568987
15714	-2622.16	-2727.835	105.6749	1.925852	0.813626	0.186374	0.40499
15720	-2619.749	-2725.624	105.8759	1.742991	0.789158	0.210842	0.4647242
15726	-2618.671	-2724.537	105.866	1.753776	0.709468	0.290532	0.4711157
15732	-2619.513	-2725.311	105.798	1.820575	0.711666	0.288334	0.4626693
15738	-2615.628	-2721.431	105.8033	1.815173	0.711666	0.288334	0.4622449
15744	-2629.463	-2735.22	105.7574	1.858317	0.783414	0.216586	0.4483402
15750	-2627.043	-2732.724	105.6815	1.929462	0.673387	0.326613	0.4308518
15756	-2625.287	-2731.072	105.785	1.835026	0.816593	0.183407	0.473447
15762	-2631.086	-2736.945	105.8589	1.762569	0.826249	0.173751	0.4973538
15768	-2624.087	-2729.784	105.6974	1.911978	0.813153	0.186847	0.4261357
15774	-2618.52	-2724.195	105.6747	1.911978	0.727575	0.272425	0.3794598
15780	-2622.713	-2728.479	105.7666	1.853174	0.723524	0.276476	0.4711578
15786	-2622.412	-2728.287	105.8754	1.744378	0.845401	0.154599	0.4711578
15792	-2622.111	-2727.931	105.8207	1.799007	0.745052	0.254948	0.4711578
15798	-2615.039	-2720.847	105.8081	1.81162	0.731593	0.268407	0.4711578
15804	-2617.847	-2723.517	105.6693	1.950282	0.731593	0.268407	0.469881
15810	-2611.205	-2717.02	105.8154	1.806051	0.751282	0.248718	0.5031356
15816	-2622.445	-2728.207	105.7617	1.858233	0.752634	0.247366	0.4723774
15822	-2624.269	-2730.049	105.7803	1.840684	0.786189	0.213811	0.5149958
15828	-2631.23	-2737.11	105.8802	1.740548	0.752198	0.247802	0.5196835
15834	-2623.755	-2729.626	105.8706	1.644937	0.81457	0.18543	0.7667543
15840	-2621.412	-2727.324	105.9124	1.517388	0.733233	0.266767	0.8764702
15846	-2629.316	-2735.285	105.969	1.431634	0.810981	0.189019	0.9096578
15852	-2632.532	-2738.452	105.9205	1.378166	0.833672	0.166328	1.015784
15858	-2629.739	-2735.756	106.0163	1.34491	0.691963	0.308037	0.9522094
15864	-2626.908	-2732.795	105.8874	1.33233	0.691963	0.308037	1.091009
15870	-2620.067	-2726.101	106.0344	1.301212	0.728628	0.271372	0.9787854
15876	-2628.537	-2734.463	105.9261	1.266533	0.685829	0.314171	1.115737
15882	-2636.719	-2742.144	105.4253	1.264607	0.616583	0.383417	1.522532
15888	-2629.764	-2735.221	105.4572	1.083788	0.653136	0.346864	1.631616
15894	-2623.308	-2728.79	105.4818	1.022757	0.779746	0.220254	1.657775
15900	-2627.302	-2732.819	105.5175	1.067685	0.802265	0.197735	1.59957
15906	-2631.075	-2736.372	105.2972	0.9701533	0.771765	0.228235	1.82418
15912	-2630.189	-2735.889	105.7	1.18496	0.746972	0.253028	1.373478
15918	-2627.844	-2733.607	105.7625	1.16002	0.822828	0.177172	1.343788
15924	-2627.423	-2733.295	105.8718	1.327923	0.693666	0.306334	1.109309
15930	-2628.749	-2734.519	105.7694	1.302945	0.769612	0.230388	1.220981
15936	-2621.517	-2727.302	105.7857	1.22058	0.769612	0.230388	1.276056
15942	-2626.502	-2732.453	105.9515	1.240759	0.719282	0.280718	1.116057
15948	-2626.202	-2731.918	105.7161	1.341616	0.810968	0.189032	1.23328
15954	-2625.079	-2730.93	105.8506	1.209784	0.727695	0.272305	1.231082
15960	-2632.474	-2738.412	105.9386	1.26723	0.76316	0.23684	1.103737
15966	-2627.972	-2733.92	105.9488	1.524684	0.789468	0.210532	0.8234335
15972	-2629.77	-2735.839	106.0695	1.450577	0.835662	0.164338	0.7601671
15978	-2624.999	-2730.768	105.7693	1.309906	0.753845	0.246155	1.215122
15984	-2623.61	-2729.532	105.9222	1.449694	0.798091	0.201909	0.9409132
15990	-2629.113	-2735.123	106.0101	1.338313	0.755047	0.244953	0.9656393
15996	-2632.654	-2738.552	105.8982	1.240083	0.746124	0.253876	1.164142
16002	-2639.293	-2745.222	105.9295	1.208188	0.703209	0.296791	1.164714
16008	-2630.185	-2735.982	105.7962	1.128107	0.8464	0.1536	1.342343
16014	-2627.127	-2733.09	105.9628	1.275317	0.8464	0.1536	1.073903
16020	-2625.846	-2731.67	105.8236	1.371062	0.8464	0.1536	1.113929
16026	-2620.665	-2726.213	105.5487	1.265395	0.775217	0.224783	1.428637
16032	-2623.032	-2728.679	105.6462	1.188401	0.687353	0.312647	1.412812
16038	-2625.324	-2731.195	105.8715	1.398345	0.716161	0.283839	1.043809
16044	-2629.857	-2735.734	105.8766	1.465309	0.769603	0.230397	0.9723291
16050	-2626.204	-2732.124	105.9196	1.471842	0.745616	0.254384	0.9198169
16056	-2625.865	-2731.801	105.9354	1.665345	0.779403	0.220597	0.6087952
16062	-2619.258	-2725.164	105.9064	1.598506	0.751628	0.248372	0.7818015
16068	-2618.562	-2724.54	105.9774	1.561763	0.771193	0.228807	0.7312176
16074	-2624.563	-2730.523	105.9598	1.599542	0.772311	0.227689	0.6976203
16080	-2626.204	-2732.173	105.9684	1.603523	0.767233	0.232767	0.6742736
16086	-2624.12	-2730.042	105.9218	1.507964	0.7891	0.2109	0.8765597
16092	-2623.932	-2729.858	105.9261	1.410319	0.636311	0.363689	0.9779071
16098	-2625.858	-2731.759	105.9008	1.512065	0.678345	0.321655	0.8959181
16104	-2625.946	-2731.75	105.8041	1.397297	0.765566	0.234434	1.107778
16110	-2625.741	-2731.598	105.8567	1.344705	0.771766	0.228234	1.107778
16116	-2626.469	-2732.294	105.826	1.356176	0.750429	0.249571	1.125231
16122	-2629.164	-2734.861	105.6976	1.265998	0.812847	0.187153	1.310808
16128	-2627.853	-2733.522	105.6691	1.154153	0.806276	0.193724	1.421531
16134	-2626.553	-2732.159	105.6067	1.13243	0.691267	0.308733	1.485664
16140	-2628.615	-2734.082	105.4671	1.069385	0.691267	0.308733	1.634869
16146	-2621.781	-2727.507	105.7257	1.149769	0.743619	0.256381	1.380988
16152	-2639.47	-2745.316	105.8455	1.670446	0.859434	0.140566	0.7662098
16158	-2633.581	-2739.603	106.0217	1.530303	0.766472	0.233528	0.7101553
16164	-2627.866	-2733.418	105.5522	1.230827	0.804939	0.195061	1.452413
16170	-2636.341	-2742.271	105.93	1.245095	0.794243	0.205757	1.13159
16176	-2638.397	-2744.316	105.9187	1.256384	0.754228	0.245772	1.13159
16182	-2637.424	-2743.318	105.8943	1.18763	0.754228	0.245772	1.212826
16188	-2627.21	-2733.117	105.9075	1.269172	0.75838	0.24162	1.130177
16194	-2626.407	-2732.401	105.9936	1.317917	0.731898	0.268102	1.003146
16200	-2625.819	-2731.739	105.9197	1.577443	0.764481	0.235519	0.7924108
16206	-2623.519	-2729.509	105.9899	1.568171	0.704148	0.295852	0.6997379
16212	-2630.079	-2736.105	106.0264	1.531686	0.700802	0.299198	0.6997379
16218	-2628.396	-2734.327	105.9319	1.685028	0.717602	0.282398	0.5492141
16224	-2635.651	-2741.525	105.8745	1.735743	0.80033	0.19967	0.5787515
16230	-2620.068	-2726.012	105.9445	1.622419	0.783341	0.216659	0.6837672
16236	-2622.048	-2728.007	105.9589	1.614502	0.716221	0.283779	0.6715032
16242	-2621.024	-2726.918	105.8936	1.679807	0.722303	0.277697	0.6715032
16248	-2632.889	-2738.718	105.8291	1.773823	0.816989	0.183011	0.6025986
16254	-2631.4	-2737.301	105.9012	1.596166	0.771509	0.228491	0.7920368
16260	-2629.8	-2735.722	105.9227	1.672262	0.798778	0.201222	0.6241339
16266	-2630.553	-2736.53	105.9763	1.554657	0.770874	0.229126	0.7439615
16272	-2633.715	-2739.697	105.9819	1.47837	0.726043	0.273957	0.8400306
16278	-2623.421	-2729.489	106.068	1.478069	0.758505	0.241495	0.7200483
16284	-2624.194	-2730.199	106.0054	1.497727	0.763176	0.236824	0.7842609
16290	-2623.514	-2729.514	105.9998	1.545683	0.840622	0.159378	0.7209828
16296	-2628.644	-2734.6	105.9564	1.608324	0.821653	0.178347	0.6878989
16302	-2626.092	-2732.052	105.9606	1.604065	0.820351	0.179649	0.6878989
16308	-2628.7	-2734.728	106.0276	1.571123	0.796345	0.203655	0.6143674
16314	-2627.138	-2733.079	105.9403	1.676817	0.772082	0.227918	0.5481675
16320	-2627.911	-2733.794	105.8833	1.733825	0.753615	0.246385	0.5481675
16326	-2628.861	-2734.819	105.9574	1.499805	0.751564	0.248436	0.8437771
16332	-2621.999	-2728.014	106.0158	1.273249	0.821848	0.178152	1.025251
16338	-2625.745	-2731.467	105.721	1.189263	0.727695	0.272305	1.353505
16344	-2625.011	-2730.789	105.7779	1.174468	0.782217	0.217783	1.319908
16350	-2634.553	-2740.187	105.6337	1.059092	0.770586	0.229414	1.520388
16356	-2622.988	-2728.512	105.5238	1.172696	0.792059	0.207941	1.517612
16362	-2630.548	-2736.235	105.6865	1.237334	0.710386	0.289614	1.342749
16368	-2626.25	-2732.231	105.9817	1.310861	0.839642	0.160358	1.021806
16374	-2627.139	-2733.073	105.9333	1.261539	0.831471	0.168529	1.113752
16380	-2624.918	-2730.819	105.9009	1.293965	0.831471	0.168529	1.113752
16386	-2627.667	-2733.673	106.0065	1.400732	0.806755	0.193245	0.9022705
16392	-2618.714	-2724.517	105.8024	1.296324	0.806755	0.193245	1.198455
16398	-2624.978	-2730.747	105.7689	1.26301	0.801838	0.198162	1.254872
16404	-2627.582	-2733.461	105.8783	1.252638	0.659324	0.340676	1.170592
16410	-2624.477	-2730.098	105.621	1.159601	0.814643	0.185357	1.45426
16416	-2622.814	-2728.711	105.8971	1.27659	0.634839	0.365161	1.132802
16422	-2630.499	-2736.541	106.0424	1.241261	0.786467	0.213533	1.030467
16428	-2618.488	-2724.377	105.8888	1.373782	0.71111	0.28889	1.050767
16434	-2622.162	-2728.173	106.011	1.300214	0.762475	0.237525	1.003395
16440	-2615.57	-2721.605	106.0345	1.405428	0.773215	0.226785	0.8645863
16446	-2623.653	-2729.729	106.0758	1.272344	0.772648	0.227352	0.9658966
16452	-2618.18	-2724.215	106.0342	1.463872	0.757798	0.242202	0.7911271
16458	-2629.316	-2735.285	105.9691	1.590513	0.757798	0.242202	0.69705
16464	-2621.516	-2727.233	105.7169	1.215295	0.753233	0.246767	1.336072
16470	-2622.91	-2728.724	105.8139	1.273686	0.753233	0.246767	1.207995
16476	-2624.582	-2730.315	105.7324	1.35524	0.827431	0.172569	1.207995
16482	-2617.633	-2723.467	105.8334	1.2536	0.73585	0.26415	1.208465
16488	-2626.491	-2732.513	106.0212	1.26414	0.837088	0.162912	1.028869
16494	-2614.902	-2720.818	105.9162	1.209584	0.736966	0.263034	1.175107
16500	-2619.977	-2725.568	105.5916	1.216861	0.736966	0.263034	1.43295
16506	-2628.352	-2734.321	105.9687	1.257764	0.779475	0.220525	1.084754
16512	-2621	-2726.829	105.8283	1.523954	0.761197	0.238803	0.961588
16518	-2622.453	-2728.266	105.8125	1.513775	0.674129	0.325871	0.9882852
16524	-2620.12	-2726.043	105.9228	1.576599	0.780994	0.219006	0.789305
16530	-2616.341	-2722.27	105.9288	1.627378	0.760656	0.239344	0.7031178
16536	-2614.416	-2720.321	105.9041	1.518431	0.760656	0.239344	0.8848826
16542	-2617.693	-2723.572	105.879	1.543541	0.801778	0.198222	0.8848826
16548	-2625.573	-2731.25	105.6778	1.515601	0.808916	0.191084	1.115088
16554	-2627.356	-2733.312	105.9553	1.547798	0.697516	0.302484	0.7841758
16560	-2629.758	-2735.703	105.9448	1.487617	0.811407	0.188593	0.8734028
16566	-2622.003	-2727.895	105.8917	1.354857	0.763369	0.236631	1.065961
16572	-2631.052	-2736.847	105.7946	1.584978	0.763369	0.236631	0.9326844
16578	-2619.563	-2725.561	105.9984	1.491196	0.794215	0.205785	0.8025048
16584	-2619.595	-2725.643	106.0482	1.449684	0.681216	0.318784	0.7913218
16590	-2621.464	-2727.328	105.864	1.733202	0.681216	0.318784	0.6182988
16596	-2622.322	-2728.285	105.963	1.629186	0.735604	0.264396	0.6308966
16602	-2617.155	-2723.129	105.9743	1.55262	0.703229	0.296771	0.7500484
16608	-2619.909	-2725.971	106.0621	1.341918	0.775807	0.224193	0.905906
16614	-2623.378	-2729.324	105.946	1.557565	0.663753	0.336247	0.7835355
16620	-2630.54	-2736.538	105.9982	1.530056	0.69007	0.30993	0.7480515
16626	-2634.771	-2740.701	105.9292	1.530157	0.813036	0.186964	0.8411689
16632	-2627.894	-2733.515	105.6212	1.371198	0.721537	0.278463	1.287402
16638	-2629.252	-2735.072	105.8197	1.297588	0.721537	0.278463	1.182465
16644	-2626.303	-2731.987	105.6839	1.267535	0.721537	0.278463	1.32066
16650	-2620.263	-2726.097	105.8339	1.320495	0.73139	0.26861	1.149949
16656	-2627.873	-2733.912	106.0394	1.357952	0.794996	0.205004	0.9132711
16662	-2618.347	-2724.236	105.8888	1.700314	0.766257	0.233743	0.6382591
16668	-2627.239	-2733.158	105.9188	1.700314	0.836583	0.163417	0.535498
16674	-2623.105	-2728.89	105.7855	1.833533	0.799437	0.200563	0.4661878
16680	-2626.18	-2732.045	105.8649	1.748807	0.818634	0.181366	0.5647474
16686	-2628.557	-2734.368	105.8109	1.810009	0.725208	0.274792	0.4839761
16692	-2622.624	-2728.532	105.9072	1.713894	0.772954	0.227046	0.5134808
16698	-2619.204	-2725.057	105.8534	1.764954	0.69036	0.30964	0.540262
16704	-2625.382	-2731.377	105.9952	1.596045	0.69036	0.30964	0.6332302
16710	-2628.336	-2734.314	105.9777	1.624674	0.799511	0.200489	0.6041594
16716	-2629.729	-2735.6	105.8711	1.74334	0.663695	0.336305	0.5616456
16722	-2627.872	-2733.756	105.8835	1.724333	0.713555	0.286445	0.5872554
16728	-2628.906	-2734.844	105.9384	1.680334	0.68433	0.31567	0.5382227
16734	-2621.25	-2727.043	105.7931	1.828197	0.753605	0.246395	0.4912566
16740	-2631.438	-2737.436	105.9983	1.59845	0.707084	0.292916	0.6194873
16746	-2632.927	-2738.956	106.0291	1.432171	0.784171	0.215829	0.8387431
16752	-2619.021	-2724.867	105.8467	1.344841	0.737955	0.262045	1.11679
16758	-2625.548	-2731.459	105.9106	1.626941	0.73909	0.26091	0.7336858
16764	-2631.679	-2737.679	106.0001	1.567669	0.798496	0.201504	0.6822432
16770	-2624.743	-2730.709	105.9659	1.593407	0.723325	0.276675	0.6975858
16776	-2628.001	-2734.004	106.0031	1.386524	0.735272	0.264728	0.9217808
16782	-2628.695	-2734.479	105.7834	1.366744	0.769056	0.230944	1.153719
16788	-2630.396	-2736.074	105.6783	1.345832	0.816043	0.183957	1.261322
16794	-2616.457	-2722.039	105.582	1.166927	0.82919	0.17081	1.478303
16800	-2628.875	-2734.834	105.959	1.504548	0.788429	0.211571	0.8358847
16806	-2630.631	-2736.498	105.8674	1.583008	0.760968	0.239032	0.8519979
16812	-2625.158	-2730.804	105.6459	1.187368	0.772113	0.227887	1.413802
16818	-2620.054	-2725.981	105.9274	1.222075	0.772113	0.227887	1.154307
16824	-2620.728	-2726.687	105.9591	1.334673	0.739942	0.260058	1.020603
16830	-2619.2	-2725.137	105.9368	1.356973	0.736408	0.263592	1.020603
16836	-2620.255	-2726.215	105.9601	1.288198	0.721242	0.278758	1.064299
16842	-2621.136	-2727.12	105.9844	1.567229	0.787742	0.212258	0.7108448
16848	-2624.166	-2730.079	105.9135	1.685204	0.760822	0.239178	0.6144067
16854	-2620.465	-2726.407	105.9419	1.672816	0.764209	0.235791	0.5605109
16860	-2629.433	-2735.109	105.6759	1.141242	0.713084	0.286916	1.426251
16866	-2627.378	-2732.878	105.5005	1.174624	0.672279	0.327721	1.533532
16872	-2633.324	-2738.981	105.6563	1.161875	0.73927	0.26073	1.425496
16878	-2625.571	-2731.32	105.7486	1.270325	0.812272	0.187728	1.26563
16884	-2623.674	-2729.428	105.7532	1.181646	0.812272	0.187728	1.333991
16890	-2617.241	-2723.067	105.8265	1.186372	0.790952	0.209048	1.27067
16896	-2623.275	-2729.118	105.8431	1.326011	0.761031	0.238969	1.13693
16902	-2619.109	-2725.144	106.0355	1.424391	0.770163	0.229837	0.8404905
16908	-2632.225	-2738.189	105.9641	1.44659	0.7365	0.2635	0.8983686
16914	-2622.32	-2728.296	105.9756	1.396436	0.729927	0.270073	0.9407555
16920	-2621.229	-2727.125	105.8961	1.413607	0.730319	0.269681	1.004879
16926	-2631.869	-2737.752	105.8829	1.351016	0.769455	0.230545	1.077805
16932	-2623.094	-2728.982	105.8879	1.346048	0.699887	0.300113	1.077805
16938	-2630.785	-2736.604	105.8192	1.378898	0.766544	0.233456	1.110764
16944	-2628.295	-2734.334	106.0386	1.488797	0.741895	0.258105	0.7492877
16950	-2626.308	-2732.266	105.958	1.492042	0.798461	0.201539	0.8524537
16956	-2629.628	-2735.596	105.9682	1.513289	0.78487	0.21513	0.8131823
16962	-2621.934	-2727.958	106.0242	1.457226	0.669186	0.330814	0.8131823
16968	-2624.908	-2730.951	106.043	1.334999	0.793969	0.206031	0.9344011
16974	-2621.787	-2727.851	106.0638	1.297166	0.70826	0.29174	0.9524809
16980	-2625.458	-2731.161	105.7032	1.348206	0.765979	0.234021	1.238597
16986	-2624.642	-2730.43	105.7875	1.342481	0.800116	0.199884	1.171459
16992	-2627.507	-2733.438	105.9309	1.378213	0.715824	0.284176	1.005486
16998	-2634.675	-2740.759	106.0839	1.296596	0.795255	0.204745	0.9317139
17004	-2627.313	-2733.218	105.9056	1.332129	0.843111	0.156889	1.074269
17010	-2625.673	-2731.49	105.8164	1.369686	0.768901	0.231099	1.121643
17016	-2623.191	-2729.191	105.9996	1.446975	0.766897	0.233103	0.8566568
17022	-2627.795	-2733.783	105.9874	1.477678	0.799978	0.200022	0.8340208
17028	-2632.371	-2738.399	106.0274	1.374678	0.691199	0.308801	0.908058
17034	-2635.914	-2741.969	106.0552	1.392955	0.761591	0.238409	0.8548176
17040	-2627.96	-2733.909	105.9496	1.642009	0.709277	0.290723	0.6324474
17046	-2627.749	-2733.638	105.8895	1.716081	0.770514	0.229486	0.5944296
17052	-2629.804	-2735.593	105.7886	1.832173	0.647371	0.352629	0.5194737
17058	-2618.622	-2724.551	105.929	1.668201	0.715034	0.284966	0.6183565
17064	-2619.118	-2725.08	105.962	1.593418	0.783861	0.216139	0.7043821
17070	-2627.233	-2732.95	105.7171	1.90342	0.783861	0.216139	0.4789695
17076	-2625.364	-2731.05	105.6863	1.924241	0.834691	0.165309	0.4297136
17082	-2629.046	-2734.824	105.7777	1.832837	0.674972	0.325028	0.4297136
17088	-2629.342	-2735.285	105.9431	1.660139	0.703574	0.296426	0.6016574
17094	-2625.795	-2731.715	105.9202	1.656837	0.821733	0.178267	0.6642542
17100	-2629.075	-2735.007	105.9319	1.683954	0.799131	0.200869	0.554751
17106	-2635.144	-2741.102	105.9585	1.626782	0.861145	0.138855	0.646868
17112	-2625.648	-2731.672	106.0236	1.454316	0.792585	0.207415	0.8177065
17118	-2621.264	-2727.309	106.0447	1.427664	0.806736	0.193264	0.8248979
17124	-2623.822	-2729.764	105.9424	1.54323	0.716893	0.283107	0.8077895
17130	-2626.453	-2732.405	105.9521	1.398607	0.695058	0.304942	0.9632287
17136	-2623.692	-2729.716	106.0247	1.390909	0.727586	0.272414	0.8928628
17142	-2622.11	-2728.086	105.9754	1.581372	0.724414	0.275586	0.702049
17148	-2626.371	-2732.424	106.0531	1.475911	0.697333	0.302667	0.7468848
17154	-2628.638	-2734.714	106.0754	1.420516	0.696247	0.303753	0.7940871
17160	-2632.77	-2738.623	105.8527	1.449569	0.754752	0.245248	1.01232
17166	-2631.976	-2738.009	106.0325	1.404911	0.748275	0.251725	0.8675485
17172	-2622.338	-2728.306	105.9674	1.47001	0.722377	0.277623	0.8675485
17178	-2620.534	-2726.513	105.9784	1.500829	0.735526	0.264474	0.8160201
17184	-2624.732	-2730.487	105.7548	1.325293	0.770464	0.229536	1.214386
17190	-2615.267	-2721.139	105.8719	1.314313	0.770464	0.229536	1.121547
17196	-2616.153	-2721.991	105.8378	1.215919	0.749455	0.250545	1.236655
17202	-2621.134	-2726.915	105.7808	1.216555	0.798199	0.201801	1.283413
17208	-2621.608	-2727.364	105.7562	1.265404	0.731356	0.268644	1.263417
17214	-2630.17	-2735.982	105.8121	1.269092	0.796461	0.203539	1.213431
17220	-2630.022	-2735.767	105.7446	1.182761	0.772451	0.227549	1.339951
17226	-2629.104	-2735.077	105.9729	1.144197	0.741459	0.258541	1.182659
17232	-2631.534	-2737.201	105.667	1.120137	0.783856	0.216144	1.449267
17238	-2628.147	-2733.846	105.6997	1.204652	0.77385	0.22615	1.358257
17244	-2622.47	-2728.324	105.8542	1.237969	0.717217	0.282783	1.204098
17250	-2632.929	-2738.78	105.8511	1.264838	0.737102	0.262898	1.183651
17256	-2629.902	-2735.671	105.7689	1.345563	0.792201	0.207799	1.184933
17262	-2630.324	-2736.153	105.829	1.158674	0.728272	0.271728	1.291315
17268	-2639.619	-2745.314	105.6951	1.161833	0.625365	0.374635	1.395444
17274	-2627.502	-2732.723	105.2214	1.010557	0.80877	0.19123	1.848511
17280	-2631.431	-2737.051	105.6197	1.069137	0.813706	0.186294	1.523343
17286	-2632.712	-2737.977	105.2649	1.026551	0.745087	0.254913	1.807594
17292	-2624.488	-2730.107	105.6191	1.046386	0.678026	0.321974	1.540706
17298	-2622.375	-2728.048	105.6732	1.265644	0.801989	0.198011	1.330793
17304	-2625.318	-2731.16	105.8423	1.258971	0.801989	0.198011	1.196269
17310	-2623.72	-2729.503	105.7836	1.342814	0.718329	0.281671	1.17458
17316	-2625.876	-2731.544	105.6688	1.188187	0.806621	0.193379	1.395447
17322	-2621.807	-2727.756	105.9492	1.571132	0.81431	0.18569	0.7598175
17328	-2626.903	-2732.944	106.0416	1.449796	0.770433	0.229567	0.800131
17334	-2635.116	-2740.473	105.3572	1.047606	0.738648	0.261352	1.728523
17340	-2624.462	-2730.119	105.6566	1.050803	0.738648	0.261352	1.509495
17346	-2627.27	-2732.854	105.5847	1.010845	0.703395	0.296605	1.59205
17352	-2626.523	-2732.603	106.0801	1.46733	0.749421	0.250579	0.7178826
17358	-2627.756	-2733.62	105.8644	1.742663	0.733554	0.266446	0.5897608
17364	-2626.565	-2732.448	105.883	1.713731	0.774731	0.225269	0.6197321
17370	-2623.403	-2729.277	105.8736	1.728463	0.775417	0.224583	0.605203
17376	-2619.594	-2725.497	105.9026	1.709971	0.650009	0.349991	0.569583
17382	-2620.566	-2726.502	105.9357	1.673804	0.765663	0.234337	0.5814971
17388	-2613.326	-2719.299	105.9725	1.615247	0.789591	0.210409	0.6413803
17394	-2618.99	-2724.779	105.7892	1.830528	0.7702	0.2298	0.529888
17400	-2615.467	-2721.322	105.8547	1.766431	0.75989	0.24011	0.5129581
17406	-2614.491	-2720.417	105.9265	1.678851	0.75989	0.24011	0.5951132
17412	-2618.963	-2724.829	105.8658	1.751358	0.748831	0.251169	0.5477369
17418	-2621.332	-2727.174	105.8426	1.778218	0.816793	0.183207	0.4815071
17424	-2630.501	-2736.381	105.8799	1.740634	0.710776	0.289224	0.5219287
17430	-2633.243	-2739.134	105.8903	1.464297	0.800669	0.199331	0.9591502
17436	-2626.644	-2732.633	105.9881	1.333191	0.783532	0.216468	0.9932704
17442	-2618.856	-2724.75	105.8936	1.427771	0.779552	0.220448	0.9932704
17448	-2624.736	-2730.742	106.0058	1.507657	0.807321	0.192679	0.7697774
17454	-2627.389	-2733.289	105.9006	1.638926	0.822873	0.177127	0.730622
17460	-2636.259	-2742.24	105.9808	1.462108	0.632137	0.367863	0.8610899
17466	-2625.782	-2731.694	105.9126	1.403095	0.630754	0.369246	0.9989047
17472	-2624.73	-2730.595	105.8653	1.754278	0.820348	0.179652	0.5314908
17478	-2627.528	-2733.349	105.8211	1.7938	0.785631	0.214369	0.5597166
17484	-2624.521	-2730.259	105.7383	1.883075	0.689698	0.310302	0.4944859
17490	-2623.263	-2729.152	105.8888	1.727218	0.83125	0.16875	0.554028
17496	-2616.278	-2721.996	105.7174	1.888293	0.746837	0.253163	0.4163165
17502	-2621.551	-2727.404	105.8535	1.767319	0.775686	0.224314	0.5184805
17508	-2626.763	-2732.632	105.869	1.743968	0.775686	0.224314	0.567922
17514	-2623.675	-2729.624	105.9486	1.663542	0.696892	0.303108	0.5714566
17520	-2621.593	-2727.5	105.9063	1.714978	0.738568	0.261432	0.5093046
17526	-2628.428	-2734.326	105.8981	1.722769	0.756413	0.243587	0.5176616
17532	-2619.111	-2725.002	105.8911	1.726344	0.803194	0.196806	0.5463846
17538	-2628.279	-2734.054	105.7751	1.846198	0.732951	0.267049	0.4903638
17544	-2619.088	-2724.917	105.8299	1.790968	0.732951	0.267049	0.4823423
17550	-2626.798	-2732.486	105.688	1.921367	0.791682	0.208318	0.4263026
17556	-2624.213	-2729.92	105.7071	1.90266	0.767927	0.232073	0.4274734
17562	-2624.66	-2730.308	105.6477	1.947042	0.768491	0.231509	0.3931095
17568	-2624.499	-2730.296	105.7975	1.820567	0.776859	0.223141	0.4597247
17574	-2629.937	-2735.957	106.0196	1.528935	0.733849	0.266151	0.7159952
17580	-2628.949	-2734.878	105.9292	1.619387	0.724305	0.275695	0.7159952
17586	-2635.039	-2740.992	105.9531	1.595449	0.724305	0.275695	0.7159952
17592	-2622.374	-2728.282	105.9079	1.699134	0.741211	0.258789	0.5899571
17598	-2623.743	-2729.575	105.8314	1.789657	0.787873	0.212127	0.5153714
17604	-2630.636	-2736.455	105.8192	1.779263	0.787873	0.212127	0.4003532
17610	-2627.052	-2732.873	105.8218	1.797677	0.79274	0.20726	0.4689037
17616	-2626.741	-2732.557	105.816	1.797677	0.839734	0.160266	0.4402726
17622	-2637.185	-2743.126	105.9409	1.424933	0.652927	0.347073	0.9473746
17628	-2645.629	-2751.511	105.8819	1.329449	0.652927	0.347073	1.098735
17634	-2630.613	-2736.497	105.884	1.327343	0.660338	0.339662	1.098735
17640	-2621.131	-2726.935	105.8041	1.216398	0.807295	0.192705	1.264335
17646	-2628.231	-2733.633	105.4024	1.125863	0.747598	0.252402	1.640744
17652	-2627.411	-2732.767	105.3557	1.066867	0.768694	0.231306	1.71602
17658	-2625.933	-2731.566	105.6325	1.126946	0.710315	0.289685	1.470293
17664	-2628.85	-2734.539	105.6891	1.070379	0.861757	0.138243	1.470293
17670	-2627.102	-2732.654	105.5523	1.06855	0.746044	0.253956	1.573533
17676	-2625.67	-2731.139	105.4689	0.9650604	0.741314	0.258686	1.708014
17682	-2624.198	-2729.738	105.5407	1.149402	0.781412	0.218588	1.522405
17688	-2624.178	-2729.736	105.5587	1.075524	0.79896	0.20104	1.56371
17694	-2621.556	-2727.207	105.6512	1.152247	0.79896	0.20104	1.436787
17700	-2633.795	-2739.713	105.9178	1.503694	0.73461	0.26539	0.8860652
17706	-2629.577	-2735.524	105.947	1.444921	0.743447	0.256553	0.9192981
17712	-2633.484	-2739.28	105.7962	1.418826	0.719766	0.280234	1.095331
17718	-2627.681	-2733.683	106.0019	1.436116	0.719766	0.280234	0.8668636
17724	-2633.762	-2739.736	105.974	1.487421	0.719766	0.280234	0.8386225
17730	-2633.364	-2738.998	105.6343	1.104152	0.795699	0.204301	1.486163
17736	-2621.979	-2727.788	105.8095	1.185515	0.777751	0.222249	1.285323
17742	-2621.027	-2727.036	106.0093	1.274192	0.744613	0.255387	1.030696
17748	-2627.69	-2733.765	106.0744	1.401964	0.739242	0.260758	0.8197602
17754	-2626.662	-2732.577	105.9146	1.567391	0.739242	0.260758	0.8124691
17760	-2630.151	-2736.072	105.9209	1.456817	0.736996	0.263004	0.9346539
17766	-2629.944	-2735.917	105.9733	1.24965	0.732466	0.267534	1.088011
17772	-2630.042	-2735.869	105.8273	1.486256	0.836448	0.163552	1.001046
17778	-2630.154	-2736.074	105.9201	1.269071	0.664844	0.335156	1.118896
17784	-2627.864	-2733.684	105.8198	1.191181	0.631125	0.368875	1.272209
17790	-2624.548	-2730.403	105.8545	1.276247	0.71327	0.28673	1.170723
17796	-2630.497	-2736.254	105.7573	1.398846	0.71327	0.28673	1.148452
17802	-2618.885	-2724.711	105.8263	1.207149	0.722465	0.277535	1.253573
17808	-2619.307	-2725.114	105.8068	1.132965	0.722465	0.277535	1.330059
17814	-2614.066	-2719.913	105.8472	1.26126	0.766369	0.233631	1.190105
17820	-2619.003	-2724.881	105.8789	1.208797	0.70417	0.29583	1.207907
17826	-2631.069	-2736.897	105.8282	1.188844	0.765862	0.234138	1.267196
17832	-2629.023	-2734.823	105.7993	1.217692	0.772679	0.227321	1.267196
17838	-2635.514	-2741.042	105.5282	1.254605	0.796906	0.203094	1.452602
17844	-2617.766	-2723.727	105.9609	1.370375	0.752951	0.247049	0.98325
17850	-2627.01	-2732.911	105.9011	1.554148	0.764633	0.235367	0.8462116
17856	-2624.731	-2730.72	105.9893	1.522548	0.78707	0.21293	0.7720361
17862	-2621.87	-2727.819	105.9491	1.644373	0.812638	0.187362	0.6278726
17868	-2626.678	-2732.699	106.0214	1.287324	0.819485	0.180515	1.005892
17874	-2620.966	-2726.949	105.9829	1.353196	0.737337	0.262663	0.9783278
17880	-2628.579	-2734.57	105.9914	1.42816	0.838273	0.161727	0.8883048
17886	-2624.34	-2730.273	105.9336	1.403356	0.747472	0.252528	0.97745
17892	-2626.584	-2732.577	105.9924	1.366827	0.747472	0.252528	0.9543494
17898	-2624.011	-2730.039	106.0277	1.331474	0.812699	0.187301	0.9543494
17904	-2625.655	-2731.462	105.8073	1.813476	0.764119	0.235881	0.5183365
17910	-2624.404	-2730.203	105.7991	1.816933	0.751236	0.248764	0.4494801
17916	-2628.331	-2734.081	105.7508	1.869665	0.751236	0.248764	0.477534
17922	-2623.302	-2728.97	105.6686	1.936182	0.794732	0.205268	0.4140895
17928	-2624.134	-2729.712	105.5783	2.003226	0.789984	0.210016	0.3716499
17934	-2627.481	-2733.176	105.6949	1.321045	0.756675	0.243325	1.268094
17940	-2629.711	-2735.334	105.623	1.967432	0.863302	0.136698	0.3855618
17946	-2630.823	-2736.734	105.9116	1.709899	0.775195	0.224805	0.5013485
17952	-2626.436	-2732.217	105.7808	1.839555	0.755221	0.244779	0.5243597
17958	-2634.249	-2739.973	105.7234	1.891182	0.782554	0.217446	0.4435339
17964	-2629.129	-2734.897	105.7678	1.841513	0.720935	0.279065	0.4260616
17970	-2626.346	-2732.103	105.7573	1.856966	0.77927	0.22073	0.4423605
17976	-2624.129	-2729.893	105.7644	1.856966	0.714683	0.285317	0.4929787
17982	-2619.88	-2725.683	105.8034	1.816841	0.777914	0.222086	0.4753672
17988	-2633.093	-2738.975	105.8822	1.727019	0.777914	0.222086	0.582275
17994	-2632.229	-2738.226	105.9969	1.606339	0.732457	0.267543	0.6017714
18000	-2631.29	-2737.149	105.8593	1.746956	0.677312	0.322688	0.5923794
18006	-2638.37	-2744.324	105.9531	1.634001	0.677312	0.322688	0.6427607
18012	-2634.589	-2740.591	106.0012	1.509266	0.658107	0.341893	0.7738898
18018	-2641.602	-2747.676	106.074	1.436562	0.739239	0.260761	0.7738898
18024	-2632.778	-2737.984	105.2056	1.066805	0.791076	0.208924	1.820707
18030	-2625.868	-2730.697	104.8285	0.9024187	0.849065	0.150935	2.181946
18036	-2628.833	-2733.028	104.1946	0.9608079	0.805562	0.194438	2.547068
18042	-2623.658	-2729.611	105.9525	1.441868	0.76909	0.23091	0.9165949
18048	-2620.39	-2726.157	105.7666	1.355231	0.838389	0.161611	1.178562
18054	-2623.524	-2729.562	106.0376	1.307398	0.754407	0.245593	0.9691078
18060	-2622.645	-2728.205	105.5605	1.329052	0.717041	0.282959	1.369887
18066	-2618.556	-2724.384	105.8272	1.327558	0.775719	0.224281	1.149637
18072	-2624.444	-2730.169	105.7254	1.227817	0.73846	0.26154	1.319253
18078	-2624.317	-2730.364	106.0467	1.235032	0.73846	0.26154	1.032421
18084	-2624.14	-2730.048	105.9082	1.392796	0.73846	0.26154	1.013546
18090	-2637.883	-2743.829	105.9457	1.647633	0.746052	0.253948	0.6282825
18096	-2624.504	-2730.448	105.9434	1.618038	0.73758	0.26242	0.6937578
18102	-2624.127	-2730.051	105.9245	1.602722	0.750486	0.249514	0.7495931
18108	-2625.812	-2731.781	105.9693	1.606146	0.705742	0.294258	0.6674333
18114	-2621.925	-2727.886	105.9612	1.512398	0.762132	0.237868	0.8232601
18120	-2612.574	-2718.532	105.9574	1.514753	0.710086	0.289914	0.8251719
18126	-2619.717	-2725.58	105.863	1.458701	0.745695	0.254305	0.9929108
18132	-2629.335	-2735.342	106.0068	1.391182	0.786702	0.213298	0.9125854
18138	-2630.524	-2736.293	105.7695	1.296384	0.833679	0.166321	1.226444
18144	-2627.362	-2733.111	105.7484	1.370956	0.791149	0.208851	1.180664
18150	-2630.425	-2736.432	106.0075	1.451899	0.740513	0.259487	0.8410804
18156	-2632.044	-2738.023	105.9788	1.551881	0.740513	0.259487	0.7443657
18162	-2629.941	-2735.881	105.9395	1.426491	0.791598	0.208402	0.9472111
18168	-2626.018	-2731.925	105.9077	1.305009	0.791598	0.208402	1.097449
18174	-2616.666	-2722.489	105.8239	1.275968	0.804636	0.195364	1.19747
18180	-2623.033	-2728.783	105.7496	1.193079	0.746074	0.253926	1.327696
18186	-2627.849	-2733.798	105.949	1.265022	0.840615	0.159385	1.096198
18192	-2630.557	-2736.353	105.796	1.234452	0.764482	0.235518	1.256108
18198	-2625.949	-2731.775	105.8264	1.346673	0.724791	0.275209	1.133346
18204	-2631.62	-2737.59	105.9699	1.321706	0.741124	0.258876	1.022721
18210	-2630.313	-2736.239	105.9257	1.404847	0.778271	0.221729	0.9839094
18216	-2626.039	-2732.061	106.0223	1.446301	0.782248	0.217752	0.8295685
18222	-2617.08	-2722.996	105.9154	1.620747	0.785592	0.214408	0.7359096
18228	-2618.048	-2723.983	105.9346	1.512603	0.825146	0.174854	0.8559227
18234	-2626.214	-2732.265	106.0516	1.420954	0.804201	0.195799	0.8245748
18240	-2624.777	-2730.747	105.9701	1.611445	0.726794	0.273206	0.6549029
18246	-2618.23	-2724.105	105.8744	1.7079	0.711463	0.288537	0.6532915
18252	-2622.219	-2727.921	105.7021	1.915544	0.747616	0.252384	0.4573588
18258	-2623.45	-2729.192	105.7418	1.861148	0.798066	0.201934	0.4099162
18264	-2631.325	-2737.049	105.7247	1.87008	0.719875	0.280125	0.3932605
18270	-2622.274	-2727.951	105.6772	1.91976	0.719875	0.280125	0.3972226
18276	-2633.176	-2739.057	105.8811	1.740276	0.719875	0.280125	0.5060179
18282	-2616.137	-2721.984	105.8469	1.772722	0.783984	0.216016	0.5311092
18288	-2624.292	-2730.243	105.9503	1.669541	0.766934	0.233066	0.5288728
18294	-2622.279	-2728.198	105.9185	1.699039	0.766934	0.233066	0.5458379
18300	-2627.489	-2733.322	105.8326	1.784153	0.765981	0.234019	0.4528249
18306	-2623.71	-2729.353	105.6424	1.971047	0.746765	0.253235	0.4392403
18312	-2614.69	-2720.29	105.6005	1.984413	0.810831	0.189169	0.3767338
18318	-2621.953	-2727.552	105.5991	1.991928	0.683131	0.316869	0.3864731
18324	-2623.09	-2728.632	105.542	2.024123	0.778814	0.221186	0.3515199
18330	-2624.461	-2730.01	105.5485	2.027031	0.784497	0.215503	0.3633571
18336	-2637.839	-2743.414	105.5751	1.952224	0.715877	0.284123	0.3132238
18342	-2627.334	-2733.024	105.6904	1.90839	0.777852	0.222148	0.4009323
18348	-2625.961	-2731.803	105.842	1.777751	0.690622	0.309378	0.4714507
18354	-2627.361	-2732.963	105.6025	1.985456	0.764427	0.235573	0.3814533
18360	-2626.422	-2732.1	105.6777	1.928418	0.676272	0.323728	0.417341
18366	-2622.884	-2728.627	105.743	1.863093	0.773671	0.226329	0.417341
18372	-2621.051	-2726.722	105.671	1.936714	0.750131	0.249869	0.4214954
18378	-2623.756	-2729.425	105.6687	1.938967	0.670398	0.329602	0.4214954
18384	-2626.521	-2731.972	105.4504	2.086936	0.783273	0.216727	0.3219555
18390	-2626.721	-2732.221	105.4994	2.032178	0.745941	0.254059	0.316821
18396	-2628.367	-2733.868	105.501	2.030541	0.745941	0.254059	0.316821
18402	-2625.512	-2730.884	105.3715	2.108458	0.697978	0.302022	0.2789493
18408	-2624.012	-2729.322	105.3099	2.152208	0.766924	0.233076	0.2681673
18414	-2622.826	-2728.061	105.2354	2.208959	0.721969	0.278031	0.2583083
18420	-2620.396	-2725.463	105.0677	2.26652	0.721969	0.278031	0.2101058
18426	-2624.905	-2729.885	104.9796	2.339365	0.707906	0.292094	0.2046925
18432	-2626.436	-2731.496	105.0601	2.258855	0.691389	0.308611	0.2046925
18438	-2622.76	-2727.613	104.8531	2.393725	0.742312	0.257688	0.1819828
18444	-2629.358	-2734.269	104.9109	2.360383	0.725846	0.274154	0.1892189
18450	-2625.612	-2730.554	104.9419	2.329442	0.726327	0.273673	0.1892189
18456	-2626.654	-2731.679	105.0253	2.313064	0.778241	0.221759	0.211596
18462	-2633.486	-2739.324	105.8379	1.783217	0.692459	0.307541	0.4876079
18468	-2639.302	-2745.115	105.8128	1.808618	0.712766	0.287234	0.4944613
18474	-2628.302	-2734.14	105.8372	1.780726	0.80557	0.19443	0.4588684
18480	-2630.41	-2736.265	105.8546	1.765859	0.775997	0.224003	0.523269
18486	-2622.545	-2728.419	105.8744	1.73465	0.767171	0.232829	0.5829558
18492	-2633.16	-2739.139	105.9786	1.600425	0.752763	0.247237	0.6601522
18498	-2643.968	-2749.937	105.969	1.63449	0.697949	0.302051	0.6008758
18504	-2627.268	-2732.995	105.7265	1.894345	0.775606	0.224394	0.4820683
18510	-2630.523	-2736.42	105.8964	1.72442	0.814548	0.185452	0.4820683
18516	-2626.084	-2732.048	105.9639	1.651665	0.809308	0.190692	0.5564003
18522	-2623.238	-2729.09	105.8519	1.769268	0.780297	0.219703	0.4878582
18528	-2634.795	-2740.737	105.942	1.656287	0.735606	0.264394	0.6156071
18534	-2626.57	-2732.525	105.9549	1.626084	0.744472	0.255528	0.6561227
18540	-2626.67	-2732.713	106.0421	1.524408	0.815435	0.184565	0.6845963
18546	-2622.047	-2728.03	105.9836	1.612308	0.816296	0.183704	0.6217838
18552	-2619.721	-2725.691	105.9694	1.516972	0.76288	0.23712	0.8066981
18558	-2616.769	-2722.716	105.9478	1.581642	0.814645	0.185355	0.7462822
18564	-2622.846	-2728.855	106.0091	1.520302	0.754283	0.245717	0.7462822
18570	-2628.69	-2734.568	105.8779	1.365102	0.84948	0.15052	1.069296
18576	-2627.19	-2733.131	105.9409	1.320644	0.803251	0.196749	1.051825
18582	-2635.193	-2741.055	105.862	1.23784	0.883506	0.116494	1.197525
18588	-2624.426	-2730.286	105.8602	1.212138	0.718257	0.281743	1.220967
18594	-2622.975	-2728.642	105.6669	1.157906	0.812971	0.187029	1.420378
18600	-2617.793	-2723.556	105.7628	1.143788	0.767055	0.232945	1.356439
18606	-2616.871	-2722.66	105.7891	1.197401	0.773403	0.226597	1.292257
18612	-2632.605	-2738.358	105.7529	1.295644	0.751289	0.248711	1.241029
18618	-2626.776	-2732.782	106.0062	1.21879	0.699316	0.300684	1.086155
18624	-2624	-2729.94	105.9403	1.4103	0.80993	0.19007	0.9633666
18630	-2633.991	-2739.998	106.0074	1.364798	0.790737	0.209263	0.9405293
18636	-2632.624	-2738.597	105.9731	1.3247	0.761536	0.238464	1.016696
18642	-2628.881	-2734.851	105.9707	1.182496	0.809532	0.190468	1.151079
18648	-2629.58	-2735.426	105.8457	1.201363	0.691703	0.308297	1.242241
18654	-2627.616	-2733.35	105.7343	1.25543	0.728749	0.271251	1.289638
18660	-2628.924	-2733.986	105.0621	1.037587	0.735943	0.264057	1.938392
18666	-2627.785	-2733.437	105.652	1.005664	0.744226	0.255774	1.546481
18672	-2625.71	-2731.084	105.3739	1.053626	0.721383	0.278617	1.712523
18678	-2629.298	-2734.381	105.083	0.8692883	0.73352	0.26648	2.036864
18684	-2623.464	-2728.671	105.2062	0.9296879	0.700499	0.299501	1.913975
18690	-2622.141	-2728.124	105.9827	1.412939	0.823691	0.176309	0.9151918
18696	-2628.729	-2734.36	105.6311	1.275418	0.83885	0.16115	1.356474
18702	-2629.306	-2735.153	105.8465	1.340618	0.792814	0.207186	1.120743
18708	-2626.31	-2732.281	105.9714	1.385163	0.825226	0.174774	0.9571194
18714	-2621.126	-2727.175	106.049	1.457057	0.689498	0.310502	0.7801755
18720	-2620.32	-2726.285	105.9652	1.621642	0.748278	0.251722	0.6433919
18726	-2634.104	-2739.934	105.8299	1.791548	0.81946	0.18054	0.4990946
18732	-2621.799	-2727.715	105.916	1.634161	0.793869	0.206131	0.7132257
18738	-2620.595	-2726.568	105.9726	1.590363	0.724369	0.275631	0.6910823
18744	-2615.834	-2721.822	105.9884	1.465107	0.766614	0.233386	0.848327
18750	-2630.575	-2736.442	105.8671	1.349874	0.809577	0.190423	1.093521
18756	-2631.724	-2737.475	105.7505	1.325356	0.746909	0.253091	1.217982
18762	-2638.058	-2744.017	105.9583	1.507255	0.806771	0.193229	0.833463
18768	-2626.302	-2732.266	105.9639	1.62357	0.834422	0.165578	0.6419212
18774	-2634.208	-2740.267	106.0584	1.451557	0.733277	0.266723	0.7746942
18780	-2618.543	-2724.504	105.9617	1.492595	0.775796	0.224204	0.8473663
18786	-2623.231	-2729.208	105.9775	1.448091	0.742692	0.257308	0.8814256
18792	-2620.814	-2726.805	105.9905	1.477442	0.761848	0.238152	0.8304633
18798	-2628.269	-2734.22	105.9512	1.400389	0.761848	0.238152	0.9623104
18804	-2635.965	-2741.782	105.8171	1.42677	0.703849	0.296151	1.06848
18810	-2632.871	-2738.619	105.7484	1.100502	0.741016	0.258984	1.401733
18816	-2635.483	-2741.186	105.7036	1.117087	0.870903	0.129097	1.423504
18822	-2628.404	-2734.052	105.6487	1.172074	0.810548	0.189452	1.423504
18828	-2620.902	-2726.568	105.666	1.154769	0.756477	0.243523	1.423504
18834	-2621.201	-2726.832	105.631	1.18807	0.712478	0.287522	1.424796
18840	-2629.91	-2735.627	105.7168	1.10223	0.712478	0.287522	1.424796
18846	-2623.141	-2728.816	105.6751	1.184666	0.73994	0.26006	1.393282
18852	-2634.273	-2739.953	105.6799	1.142582	0.679643	0.320357	1.422129
18858	-2628.744	-2734.368	105.6234	1.305486	0.771644	0.228356	1.338691
18864	-2622.035	-2727.81	105.7744	1.195264	0.771644	0.228356	1.305901
18870	-2624.526	-2730.394	105.8677	1.073571	0.739835	0.260165	1.328785
18876	-2626.79	-2732.653	105.8625	1.216085	0.732972	0.267028	1.215636
18882	-2631.601	-2737.495	105.8941	1.283223	0.79296	0.20704	1.129523
18888	-2630.146	-2736.039	105.8923	1.281189	0.797473	0.202527	1.133012
18894	-2626.987	-2732.85	105.8629	1.312847	0.736952	0.263048	1.130961
18900	-2630.955	-2736.557	105.6022	1.217672	0.709632	0.290368	1.424137
18906	-2634.342	-2740.236	105.8943	1.17736	0.709632	0.290368	1.221496
18912	-2631.234	-2736.99	105.7565	1.315216	0.661106	0.338894	1.221496
18918	-2630.974	-2736.714	105.7395	1.332179	0.819477	0.180523	1.221496
18924	-2629.007	-2734.72	105.7128	1.241539	0.761639	0.238361	1.318338
18930	-2628.17	-2733.936	105.7666	1.187753	0.7965	0.2035	1.318338
18936	-2630.691	-2736.487	105.7961	1.148094	0.753182	0.246818	1.32645
18942	-2635.675	-2741.655	105.98	1.101402	0.726634	0.273366	1.213242
18948	-2624.14	-2729.756	105.616	1.111012	0.761862	0.238138	1.494796
18954	-2625.63	-2731.37	105.7394	1.071979	0.831264	0.168736	1.430725
18960	-2629.208	-2735.044	105.8366	1.588225	0.787934	0.212066	0.8822504
18966	-2630.312	-2736.288	105.9755	1.473823	0.682711	0.317289	0.8533215
18972	-2631.588	-2737.324	105.7367	1.259736	0.808216	0.191784	1.284128
18978	-2631.249	-2736.263	105.0139	1.05743	0.833252	0.166748	1.95749
18984	-2624.177	-2730.16	105.9833	1.42	0.781749	0.218251	0.9066581
18990	-2624.175	-2730.149	105.9745	1.455725	0.787452	0.212548	0.8759839
18996	-2624.212	-2730.044	105.8324	1.361505	0.798982	0.201018	1.114613
19002	-2626.402	-2732.368	105.966	1.375454	0.784985	0.215015	0.9728048
19008	-2626.653	-2732.437	105.7842	1.273563	0.761098	0.238902	1.23323
19014	-2621.676	-2727.175	105.4988	1.02305	0.834912	0.165088	1.645351
19020	-2633.04	-2738.933	105.8936	1.202057	0.849662	0.150338	1.201116
19026	-2629.255	-2734.541	105.2866	0.9204841	0.667659	0.332341	1.865531
19032	-2634.815	-2739.586	104.7707	0.8233226	0.662275	0.337725	2.270237
19038	-2625.912	-2731	105.0887	0.9320866	0.638208	0.361792	1.99133
19044	-2631.38	-2737.176	105.7963	1.104363	0.804932	0.195068	1.361133
19050	-2637.502	-2743.382	105.8805	1.226261	0.782506	0.217494	1.191577
19056	-2640.059	-2745.844	105.7851	1.169674	0.757182	0.242818	1.317935
19062	-2628.64	-2734.576	105.9369	1.310457	0.779882	0.220118	1.065189
19068	-2618.733	-2724.365	105.6326	1.216699	0.794051	0.205949	1.401357
19074	-2620.215	-2726.14	105.9253	1.232056	0.76245	0.23755	1.147399
19080	-2628.181	-2734.24	106.0594	1.356406	0.821339	0.178661	0.8925827
19086	-2621.934	-2727.974	106.0401	1.308732	0.851561	0.148439	0.9651193
19092	-2619.547	-2725.412	105.8642	1.472124	0.683577	0.316423	0.9780084
19098	-2624.102	-2730.058	105.9565	1.515222	0.683577	0.316423	0.8256653
19104	-2619.376	-2725.282	105.9061	1.59611	0.774598	0.225402	0.7855288
19110	-2624.597	-2730.33	105.7328	1.880884	0.847283	0.152717	0.4401762
19116	-2619.329	-2725.103	105.7743	1.83938	0.800685	0.199315	0.4401762
19122	-2624.018	-2729.944	105.9257	1.692644	0.800685	0.199315	0.5407847
19128	-2622.613	-2728.467	105.8542	1.758813	0.683903	0.316097	0.5678368
19134	-2620.534	-2726.401	105.867	1.691508	0.750978	0.249022	0.6990841
19140	-2624.066	-2729.864	105.7976	1.812524	0.781659	0.218341	0.579049
19146	-2613.1	-2718.98	105.8807	1.717844	0.777154	0.222846	0.6148731
19152	-2613.16	-2719.139	105.9794	1.619093	0.777154	0.222846	0.6148731
19158	-2614.474	-2720.358	105.8839	1.688101	0.840187	0.159813	0.6742575
19164	-2624.724	-2730.751	106.0272	1.455628	0.67315	0.32685	0.81137
19170	-2618.188	-2724.187	105.9993	1.499232	0.689954	0.310046	0.7904784
19176	-2615.824	-2721.748	105.9239	1.381513	0.767911	0.232089	1.009131
19182	-2619.537	-2725.48	105.9427	1.467169	0.785736	0.214264	0.8993679
19188	-2625.427	-2731.381	105.9541	1.472152	0.661326	0.338674	0.8806124
19194	-2626.352	-2732.353	106.0009	1.515784	0.797789	0.202211	0.7650612
19200	-2625.319	-2731.288	105.969	1.620727	0.73013	0.26987	0.6367915
19206	-2625.991	-2731.833	105.842	1.774627	0.78774	0.21226	0.5508885
19212	-2614.943	-2720.778	105.8347	1.786419	0.680732	0.319268	0.5127305
19218	-2617.819	-2723.603	105.7844	1.834109	0.680125	0.319875	0.5395855
19224	-2614.889	-2720.595	105.7058	1.91567	0.755053	0.244947	0.5025104
19230	-2617.572	-2723.15	105.5783	2.030349	0.757646	0.242354	0.4240221
19236	-2626.609	-2732.359	105.7497	1.870994	0.792557	0.207443	0.519913
19242	-2623.066	-2728.71	105.644	1.122003	0.791154	0.208846	1.465373
19248	-2625.036	-2730.639	105.6028	1.083793	0.667883	0.332117	1.525006
19254	-2627.208	-2732.741	105.533	1.153589	0.788399	0.211601	1.525006
19260	-2627.476	-2733.533	106.0577	1.339068	0.771963	0.228037	0.9138734
19266	-2627.681	-2733.608	105.927	1.517941	0.743981	0.256019	0.8586736
19272	-2620.779	-2726.627	105.8488	1.419156	0.777988	0.222012	1.045615
19278	-2616.974	-2722.971	105.9969	1.357343	0.769136	0.230864	0.9595583
19284	-2623.293	-2729.318	106.0248	1.359341	0.716495	0.283505	0.9277326
19290	-2629.094	-2735.028	105.9343	1.298197	0.763181	0.236819	1.079154
19296	-2628.967	-2734.826	105.8596	1.372853	0.787075	0.212925	1.079154
19302	-2630.768	-2736.647	105.8784	1.464878	0.849834	0.150166	0.9709095
19308	-2625.345	-2731.22	105.875	1.688908	0.690953	0.309047	0.6894405
19314	-2622.983	-2728.864	105.8814	1.73603	0.71915	0.28085	0.5461884
19320	-2631.383	-2737.347	105.9646	1.549692	0.756488	0.243512	0.7684622
19326	-2634.84	-2740.67	105.8294	1.427054	0.838375	0.161625	1.056654
19332	-2627.027	-2733.047	106.0201	1.29786	0.752426	0.247574	0.996682
19338	-2624.69	-2730.52	105.8295	1.47458	0.755926	0.244074	1.010523
19344	-2625.42	-2731.306	105.8863	1.72799	0.761899	0.238101	0.5624011
19350	-2629.228	-2735.004	105.7761	1.365165	0.706723	0.293277	1.161551
19356	-2635.196	-2740.777	105.5804	1.282968	0.738679	0.261321	1.390444
19362	-2617.422	-2723.356	105.9336	1.662861	0.786163	0.213837	0.6203694
19368	-2619.804	-2725.669	105.8646	1.519172	0.786163	0.213837	0.9281253
19374	-2621.038	-2727.033	105.9947	1.377844	0.711566	0.288434	0.9401715
19380	-2631.114	-2736.951	105.8366	1.434435	0.844834	0.155166	1.042715
19386	-2630.05	-2736.06	106.01	1.260998	0.756594	0.243406	1.042715
19392	-2634.716	-2740.484	105.7677	1.296788	0.825241	0.174759	1.227568
19398	-2626.757	-2732.656	105.8984	1.448377	0.816206	0.183794	0.9673464
19404	-2626.676	-2732.378	105.7012	1.41707	0.677929	0.322071	1.181623
19410	-2623.407	-2729.267	105.8602	1.299509	0.780543	0.219457	1.145268
19416	-2625.301	-2731.249	105.9482	1.394361	0.711398	0.288602	0.9716289
19422	-2626.888	-2732.797	105.9086	1.519009	0.714146	0.285854	0.8789923
19428	-2632.391	-2738.383	105.9919	1.435734	0.727853	0.272147	0.8789923
19434	-2624.387	-2730.359	105.9717	1.446179	0.814553	0.185447	0.890242
19440	-2625.634	-2731.615	105.9817	1.516886	0.792939	0.207061	0.7904246
19446	-2625.558	-2731.546	105.9874	1.578177	0.739646	0.260354	0.6862917
19452	-2622.213	-2728.151	105.9379	1.621374	0.739646	0.260354	0.6977029
19458	-2619.936	-2725.963	106.0268	1.56436	0.739646	0.260354	0.633443
19464	-2629.335	-2735.312	105.9765	1.635829	0.713879	0.286121	0.5707578
19470	-2622.866	-2728.851	105.9851	1.608706	0.811851	0.188149	0.626892
19476	-2625.239	-2731.207	105.9677	1.626174	0.751136	0.248864	0.626892
19482	-2636.355	-2742.229	105.8741	1.701187	0.808894	0.191106	0.6678194
19488	-2624.752	-2730.684	105.9321	1.603524	0.795769	0.204231	0.7367722
19494	-2625.645	-2731.434	105.7883	1.772592	0.815292	0.184708	0.6948641
19500	-2630.869	-2736.776	105.9072	1.673501	0.689833	0.310167	0.6567699
19506	-2620.308	-2726.233	105.9252	1.684108	0.720708	0.279292	0.5821958
19512	-2625.24	-2731.182	105.9421	1.652139	0.679252	0.320748	0.6260132
19518	-2626.129	-2732.117	105.9883	1.531874	0.714521	0.285479	0.7600364
19524	-2615.251	-2721.158	105.9073	1.678985	0.817433	0.182567	0.6446829
19530	-2620.081	-2725.998	105.9161	1.699931	0.683771	0.316229	0.5537653
19536	-2626.193	-2732.131	105.9372	1.662619	0.809219	0.190781	0.6115174
19542	-2622.989	-2728.886	105.8969	1.723839	0.777409	0.222591	0.4814705
19548	-2624.524	-2730.35	105.826	1.789469	0.770068	0.229932	0.4470038
19554	-2618.337	-2724.163	105.8266	1.794237	0.760868	0.239132	0.4829416
19560	-2632.443	-2738.445	106.0017	1.61641	0.709949	0.290051	0.5420942
19566	-2635.97	-2741.892	105.9221	1.680086	0.749133	0.250867	0.6047658
19572	-2635.811	-2741.627	105.8166	1.797403	0.812783	0.187217	0.5634883
19578	-2627.943	-2733.803	105.8608	1.760407	0.798735	0.201265	0.5121455
19584	-2610.335	-2716.075	105.7406	1.872813	0.746236	0.253764	0.4392502
19590	-2620.697	-2726.512	105.815	1.805559	0.897438	0.102562	0.5222298
19596	-2611.929	-2717.778	105.8495	1.769758	0.833382	0.166618	0.4675616
19602	-2619.042	-2724.688	105.6455	1.949374	0.646913	0.353087	0.3933757
19608	-2610.414	-2716.106	105.6921	1.880692	0.792395	0.207605	0.3597224
19614	-2616.77	-2722.437	105.6673	1.918494	0.705143	0.294857	0.3781009
19620	-2618.556	-2724.076	105.5203	2.025948	0.789258	0.210742	0.3302369
19626	-2617.56	-2723.151	105.591	1.979836	0.817772	0.182228	0.3572425
19632	-2626.412	-2731.896	105.4836	2.044563	0.768215	0.231785	0.3139433
19638	-2626.314	-2731.846	105.5317	2.053018	0.802063	0.197937	0.3764672
19644	-2637.324	-2742.393	105.0686	2.263652	0.747851	0.252149	0.2093756
19650	-2631.346	-2736.44	105.0942	2.263652	0.766871	0.233129	0.218973
19656	-2638.146	-2743.28	105.1339	2.262489	0.766871	0.233129	0.2349831
19662	-2633.104	-2738.353	105.2497	2.188924	0.766871	0.233129	0.2552488
19668	-2631.437	-2736.701	105.2641	2.208576	0.752031	0.247969	0.2743927
19674	-2632.75	-2737.976	105.2255	2.191659	0.746424	0.253576	0.2445229
19680	-2631.136	-2736.484	105.3484	2.155363	0.821953	0.178047	0.2949603
19686	-2621.215	-2726.841	105.6264	1.946549	0.751744	0.248256	0.3600183
19692	-2621.784	-2727.408	105.6247	1.950769	0.694017	0.305983	0.3633094
19698	-2622.775	-2728.367	105.5924	1.989828	0.694325	0.305675	0.372738
19704	-2624.281	-2729.694	105.4137	2.088795	0.773671	0.226329	0.2940354
19710	-2620.054	-2725.595	105.5414	2.011814	0.745904	0.254096	0.3372371
19716	-2613.23	-2718.846	105.6159	1.955418	0.745904	0.254096	0.3579166
19722	-2619.16	-2724.553	105.3932	2.083253	0.771383	0.228617	0.2767192
19728	-2623.934	-2729.586	105.6515	1.937337	0.748151	0.251849	0.3828975
19734	-2620.041	-2725.885	105.8439	1.760175	0.79251	0.20749	0.5990102
19740	-2629.941	-2735.472	105.5314	2.011953	0.728504	0.271496	0.3275241
19746	-2626.799	-2732.428	105.6293	1.970624	0.780117	0.219883	0.4033362
19752	-2636.874	-2742.58	105.7057	1.915599	0.734589	0.265411	0.4903695
19758	-2638.995	-2744.927	105.9325	1.612475	0.860752	0.139248	0.7219147
19764	-2636.561	-2742.523	105.9619	1.654589	0.833287	0.166713	0.5514233
19770	-2635.199	-2741.15	105.9507	1.662734	0.732742	0.267258	0.5662352
19776	-2628.958	-2734.924	105.9661	1.629654	0.73686	0.26314	0.6220746
19782	-2624.232	-2730.185	105.9534	1.602686	0.815036	0.184964	0.7032668
19788	-2630.665	-2736.56	105.895	1.686813	0.815036	0.184964	0.6542858
19794	-2623.967	-2729.856	105.889	1.729954	0.746561	0.253439	0.5359674
19800	-2625.499	-2731.455	105.9562	1.655485	0.741472	0.258528	0.573363
19806	-2627.233	-2733.18	105.9471	1.655485	0.743279	0.256721	0.6035403
19812	-2622.475	-2728.518	106.0429	1.490857	0.7556	0.2444	0.7395684
19818	-2621.53	-2727.486	105.9566	1.476488	0.756429	0.243571	0.8726163
19824	-2629.441	-2735.41	105.9692	1.439455	0.689435	0.310565	0.9006411
19830	-2626.1	-2732.197	106.0972	1.311507	0.689435	0.310565	0.9006411
19836	-2620.524	-2726.558	106.0336	1.361186	0.777824	0.222176	0.9161344
19842	-2626.911	-2732.89	105.9789	1.599095	0.820655	0.179345	0.6622481
19848	-2632.731	-2738.696	105.9651	1.600066	0.833757	0.166243	0.6871095
19854	-2631.649	-2737.544	105.895	1.694202	0.773293	0.226707	0.6380725
19860	-2630.598	-2736.521	105.9232	1.665937	0.807333	0.192667	0.6380725
19866	-2621.743	-2727.723	105.9806	1.552661	0.759625	0.240375	0.740411
19872	-2641.119	-2747.127	106.008	1.444648	0.810674	0.189326	0.8492856
19878	-2630.02	-2736.014	105.9937	1.477469	0.810903	0.189097	0.8263352
19884	-2628.506	-2734.36	105.8535	1.703425	0.748155	0.251845	0.70169
19890	-2628.734	-2734.584	105.8503	1.606424	0.798626	0.201374	0.8444162
19896	-2623.113	-2729.073	105.9597	1.618188	0.754828	0.245172	0.6624249
19902	-2617.563	-2723.471	105.9083	1.689446	0.774645	0.225355	0.6170534
19908	-2630.002	-2736.027	106.0251	1.528494	0.760181	0.239819	0.7075366
19914	-2625.669	-2731.658	105.9884	1.489444	0.763033	0.236967	0.8179102
19920	-2622.654	-2728.694	106.0395	1.337014	0.76797	0.23203	0.935976
19926	-2634.691	-2740.503	105.8119	1.213486	0.69989	0.30011	1.260286
19932	-2620.79	-2726.482	105.6925	1.27956	0.78132	0.21868	1.30397
19938	-2620.995	-2726.814	105.8197	1.341081	0.704153	0.295847	1.144283
19944	-2618.348	-2724.236	105.8889	1.17919	0.704153	0.295847	1.224541
19950	-2614.661	-2720.142	105.4805	1.086635	0.704153	0.295847	1.612664
19956	-2614.579	-2720.344	105.7648	1.168649	0.757065	0.242935	1.335073
19962	-2622.809	-2728.481	105.6713	1.198574	0.757065	0.242935	1.385348
19968	-2627.336	-2733.381	106.0453	1.223008	0.77874	0.22126	1.045308
19974	-2621.833	-2727.688	105.8555	1.19718	0.752096	0.247904	1.237538
19980	-2624.412	-2729.989	105.577	1.196474	0.77401	0.22599	1.459673
19986	-2634.379	-2740.086	105.7074	1.122524	0.768195	0.231805	1.416409
19992	-2625.07	-2730.953	105.883	1.427569	0.849428	0.150572	1.003994
19998	-2624.351	-2730.327	105.976	1.453065	0.74333	0.25667	0.8773821
20004	-2622.481	-2728.368	105.8868	1.378527	0.796392	0.203608	1.048183
20010	-2621.505	-2727.525	106.0206	1.449872	0.746055	0.253945	0.8272895
20016	-2627.277	-2733.214	105.9368	1.533649	0.728743	0.271257	0.8272895
20022	-2624.632	-2730.668	106.0364	1.452601	0.653145	0.346855	0.8032332
20028	-2623.545	-2729.576	106.031	1.554305	0.771003	0.228997	0.6468071
20034	-2622.609	-2728.57	105.9608	1.624454	0.74036	0.25964	0.6468071
20040	-2617.266	-2723.245	105.979	1.596058	0.781721	0.218279	0.6681063
20046	-2624.601	-2730.605	106.0038	1.602375	0.86741	0.13259	0.5927325
20052	-2617.691	-2723.624	105.932	1.684776	0.836536	0.163464	0.549959
20058	-2628.243	-2734.094	105.8514	1.766538	0.738356	0.261644	0.459142
20064	-2628.205	-2733.96	105.7555	1.835358	0.738356	0.261644	0.3862412
20070	-2618.293	-2724.18	105.8873	1.733464	0.731001	0.268999	0.481129
20076	-2617.192	-2723.042	105.8501	1.770042	0.731001	0.268999	0.526496
20082	-2631.145	-2737.003	105.8583	1.762902	0.759466	0.240534	0.4895685
20088	-2631.926	-2737.84	105.9134	1.683656	0.693102	0.306898	0.6186655
20094	-2615.315	-2721.132	105.8171	1.774781	0.758541	0.241459	0.6317511
20100	-2619.875	-2725.772	105.8966	1.677859	0.756039	0.243961	0.669453
20106	-2629.74	-2735.616	105.8757	1.745749	0.682774	0.317226	0.5058446
20112	-2632.406	-2738.459	106.0523	1.463565	0.733116	0.266884	0.7662321
20118	-2622.484	-2728.294	105.8106	1.399024	0.761069	0.238931	1.100293
20124	-2629.049	-2735.014	105.9653	1.358308	0.817904	0.182096	0.9909427
20130	-2627.927	-2733.916	105.9892	1.360356	0.798547	0.201453	0.9643866
20136	-2623.756	-2729.74	105.9841	1.333647	0.827307	0.172693	0.996843
20142	-2620.023	-2726.041	106.0184	1.426565	0.727886	0.272114	0.8585774
20148	-2615.358	-2721.23	105.8729	1.437256	0.728831	0.271169	1.004475
20154	-2630.121	-2735.775	105.6542	1.102269	0.72874	0.27126	1.47261
20160	-2641.336	-2746.897	105.5605	1.976324	0.780121	0.219879	0.3214794
20166	-2636.577	-2742.064	105.4864	2.049344	0.803097	0.196903	0.3205393
20172	-2635.776	-2741.776	106.0001	1.272389	0.738489	0.261511	1.041321
20178	-2620.079	-2726.035	105.956	1.391388	0.787725	0.212275	0.9667051
20184	-2616.362	-2722.371	106.0093	1.502841	0.787725	0.212275	0.7716392
20190	-2620.56	-2726.47	105.9094	1.648365	0.817614	0.182386	0.7002331
20196	-2618.122	-2724.031	105.9084	1.707594	0.805477	0.194523	0.5541587
20202	-2626.463	-2732.358	105.8946	1.719833	0.75408	0.24592	0.5618123
20208	-2622.261	-2728.156	105.8955	1.707199	0.797429	0.202571	0.6032798
20214	-2616.946	-2722.754	105.8077	1.809762	0.762602	0.237398	0.5460203
20220	-2623.224	-2728.99	105.7661	1.854477	0.663625	0.336375	0.4786077
20226	-2625.277	-2731.006	105.729	1.889455	0.706793	0.293207	0.4621125
20232	-2622.187	-2727.913	105.7266	1.891826	0.793203	0.206797	0.4621125
20238	-2627.894	-2733.592	105.6988	1.910258	0.793203	0.206797	0.4252172
20244	-2624.833	-2730.58	105.7469	1.869311	0.736258	0.263742	0.4502698
20250	-2622.638	-2728.394	105.7555	1.865816	0.776909	0.223091	0.508547
20256	-2626.055	-2731.885	105.83	1.762931	0.739408	0.260592	0.6290845
20262	-2629.418	-2735.326	105.9086	1.696796	0.700262	0.299738	0.5950224
20268	-2629.051	-2734.975	105.9241	1.681271	0.649669	0.350331	0.5950224
20274	-2630.511	-2736.318	105.8067	1.808679	0.752425	0.247575	0.5573179
20280	-2623.463	-2729.396	105.9329	1.634271	0.762481	0.237519	0.6834003
20286	-2623.421	-2729.378	105.9573	1.634271	0.780555	0.219445	0.6324205
20292	-2630.033	-2736.051	106.0177	1.321419	0.783806	0.216194	0.9752014
20298	-2625.737	-2731.668	105.9312	1.407945	0.792312	0.207688	0.9752014
20304	-2621.535	-2727.519	105.9839	1.502497	0.720219	0.279781	0.8066885
20310	-2623.125	-2729.091	105.9661	1.579289	0.758	0.242	0.7212099
20316	-2638.888	-2744.757	105.8694	1.751682	0.763438	0.236562	0.5133558
20322	-2632.445	-2738.459	106.0144	1.570304	0.758142	0.241858	0.6481848
20328	-2633.14	-2739.094	105.9543	1.372334	0.654092	0.345908	0.9879349
20334	-2626.237	-2732.247	106.0096	1.55785	0.7077	0.2923	0.682872
20340	-2619.001	-2725.035	106.0339	1.342265	0.760386	0.239614	0.936314
20346	-2629.81	-2735.773	105.9621	1.515453	0.695914	0.304086	0.818229
20352	-2627.61	-2733.466	105.8556	1.513841	0.771134	0.228866	0.9435296
20358	-2626.344	-2732.228	105.8842	1.216301	0.752279	0.247721	1.196912
20364	-2622.66	-2728.452	105.7914	1.149051	0.833819	0.166181	1.329506
20370	-2618.526	-2724.408	105.8825	1.315536	0.769548	0.230452	1.110847
20376	-2621.098	-2727.062	105.964	1.428844	0.769548	0.230452	0.9181943
20382	-2628.013	-2732.508	104.4949	2.594376	0.795678	0.204322	0.1441176
20388	-2629.385	-2733.967	104.5819	2.497799	0.761372	0.238628	0.1421997
20394	-2624.395	-2729	104.6049	2.550764	0.795629	0.204371	0.1585121
20400	-2627.992	-2732.548	104.5552	2.524449	0.795629	0.204371	0.1421876
20406	-2624.376	-2729.018	104.6418	2.52148	0.706154	0.293846	0.1602962
20412	-2620.774	-2726.727	105.9533	1.660167	0.715191	0.284809	0.5659929
20418	-2622.861	-2728.828	105.9665	1.537387	0.715191	0.284809	0.7831933
20424	-2624.458	-2730.419	105.9616	1.632213	0.744754	0.255246	0.6268778
20430	-2625.521	-2730.357	104.836	2.39863	0.722897	0.277103	0.1785369
20436	-2628.568	-2733.369	104.8015	2.419277	0.789926	0.210074	0.1747673
20442	-2625.098	-2729.898	104.7995	2.419277	0.814649	0.185351	0.1742233
20448	-2625.354	-2730.305	104.9509	2.339425	0.817884	0.182116	0.1951569
20454	-2628.406	-2733.343	104.9372	2.322801	0.817884	0.182116	0.1858202
20460	-2629.526	-2734.442	104.9154	2.344591	0.746298	0.253702	0.1858202
20466	-2626.075	-2730.984	104.9094	2.367156	0.687016	0.312984	0.1908119
20472	-2630.031	-2734.923	104.8922	2.398922	0.730129	0.269871	0.195403
20478	-2633.825	-2738.719	104.8942	2.416724	0.763808	0.236192	0.2019454
20484	-2630.639	-2735.668	105.0288	2.2812	0.759105	0.240895	0.201616
20490	-2637.226	-2742.099	104.8731	2.43143	0.769907	0.230093	0.1997776
20496	-2630.644	-2735.721	105.0767	2.300254	0.716601	0.283399	0.2266349
20502	-2628.923	-2734.293	105.3694	2.120225	0.744829	0.255171	0.2851596
20508	-2632.719	-2738.107	105.3883	2.137942	0.744829	0.255171	0.3123093
20514	-2628.111	-2733.421	105.3103	2.202541	0.805182	0.194818	0.3016467
20520	-2624.501	-2729.847	105.3458	2.163768	0.779016	0.220984	0.2992313
20526	-2617.754	-2723.148	105.3944	2.126774	0.860772	0.139228	0.3081695
20532	-2618.199	-2723.645	105.4464	2.076502	0.750778	0.249222	0.3095436
20538	-2627.353	-2732.933	105.5802	1.966906	0.78188	0.21812	0.3311691
20544	-2619.338	-2724.951	105.6124	1.947602	0.747528	0.252472	0.3445028
20550	-2621.539	-2726.878	105.3388	2.15394	0.814073	0.185927	0.287274
20556	-2629.012	-2734.354	105.342	2.124618	0.698693	0.301307	0.2707702
20562	-2625.921	-2731.423	105.5024	2.028872	0.860268	0.139732	0.3165464
20568	-2626.73	-2732.027	105.2962	2.169621	0.788405	0.211595	0.2703053
20574	-2623.108	-2728.371	105.2629	2.169621	0.747276	0.252724	0.2521006
20580	-2624.419	-2729.691	105.2723	2.200814	0.747276	0.252724	0.2747076
20586	-2623.001	-2728.491	105.4896	2.046968	0.747276	0.252724	0.3212145
20592	-2632.342	-2738.399	106.0569	1.396217	0.753822	0.246178	0.8487325
20598	-2628.511	-2734.352	105.8405	1.418723	0.765016	0.234984	1.053953
20604	-2625.825	-2731.865	106.0395	1.358959	0.774259	0.225741	0.9120082
20610	-2632.828	-2738.684	105.8554	1.215922	0.76162	0.23838	1.221785
20616	-2631.591	-2737.439	105.8482	1.240475	0.726587	0.273413	1.20711
20622	-2630.325	-2735.788	105.4633	1.166539	0.710273	0.289727	1.566981
20628	-2623.176	-2729.017	105.8415	1.21707	0.767728	0.232272	1.232562
20634	-2625.624	-2731.511	105.8866	1.463911	0.755103	0.244897	0.9634693
20640	-2625.438	-2731.412	105.9739	1.330224	0.755103	0.244897	1.010432
20646	-2634.159	-2740.184	106.0252	1.295872	0.754095	0.245905	0.9934854
20652	-2638.492	-2744.352	105.8597	1.344365	0.724643	0.275357	1.105329
20658	-2638.363	-2744.073	105.71	1.180807	0.766685	0.233315	1.368881
20664	-2635.946	-2741.736	105.7897	1.306087	0.763965	0.236035	1.20098
20670	-2633.195	-2739.056	105.8608	1.759009	0.713515	0.286485	0.5291917
20676	-2634.826	-2740.795	105.969	1.635675	0.66275	0.33725	0.5973162
20682	-2633.033	-2738.835	105.8015	1.814515	0.74322	0.25678	0.5540594
20688	-2623.001	-2728.858	105.8569	1.754597	0.74322	0.25678	0.5740981
20694	-2625.105	-2731.032	105.9275	1.658925	0.797904	0.202096	0.6443939
20700	-2621.192	-2727.18	105.9885	1.61144	0.722143	0.277857	0.6110214
20706	-2622.634	-2728.606	105.9716	1.576142	0.792307	0.207693	0.7173377
20712	-2618.905	-2724.882	105.9773	1.588651	0.79685	0.20315	0.6855521
20718	-2621.644	-2727.68	106.0353	1.539016	0.789973	0.210027	0.6696234
20724	-2620.208	-2726.092	105.884	1.69029	0.76711	0.23289	0.6696234
20730	-2618.703	-2724.662	105.9587	1.615601	0.796317	0.203683	0.6696234
20736	-2629.369	-2735.122	105.7538	1.577099	0.700377	0.299623	0.9835662
20742	-2627.339	-2733.28	105.9408	1.571811	0.725333	0.274667	0.7709173
20748	-2618.588	-2724.548	105.9602	1.475478	0.80134	0.19866	0.8695722
20754	-2622.169	-2728.022	105.8528	1.287516	0.892676	0.107324	1.162431
20760	-2616.292	-2722.162	105.8696	1.226394	0.752327	0.247673	1.200837
20766	-2622.197	-2727.957	105.7605	1.1689	0.764784	0.235216	1.33828
20772	-2632.587	-2738.499	105.912	1.297702	0.802473	0.197527	1.100171
20778	-2626.262	-2731.888	105.6265	1.219398	0.738623	0.261377	1.404033
20784	-2628.396	-2734.221	105.8254	1.236322	0.675629	0.324371	1.229894
20790	-2619.696	-2725.659	105.9629	1.391182	0.805786	0.194214	0.9597143
20796	-2633.416	-2739.375	105.9589	1.358225	0.835982	0.164018	0.9974469
20802	-2627.347	-2733.259	105.9124	1.417005	0.684689	0.315311	0.9851516
20808	-2618.681	-2724.7	106.0195	1.411189	0.762294	0.237706	0.875456
20814	-2619.573	-2725.514	105.9411	1.549574	0.762294	0.237706	0.801028
20820	-2629.72	-2735.827	106.1078	1.465724	0.799059	0.200941	0.6711268
20826	-2624.375	-2730.287	105.9119	1.661673	0.707473	0.292527	0.6711268
20832	-2623.012	-2728.938	105.9262	1.641143	0.795065	0.204935	0.6829522
20838	-2629.817	-2735.694	105.8765	1.70059	0.760013	0.239987	0.6641262
20844	-2625.977	-2731.865	105.8876	1.617431	0.775334	0.224666	0.7815292
20850	-2632.423	-2738.317	105.8939	1.646563	0.669653	0.330347	0.7291762
20856	-2630.712	-2736.683	105.9715	1.635809	0.733715	0.266285	0.5889973
20862	-2626.441	-2732.182	105.7411	1.867713	0.692884	0.307116	0.4247032
20868	-2624.902	-2730.641	105.7392	1.867713	0.807421	0.192579	0.4194782
20874	-2623.406	-2729.082	105.6753	1.937545	0.740431	0.259569	0.4372534
20880	-2622.787	-2728.478	105.691	1.912049	0.839956	0.160044	0.4099818
20886	-2621.758	-2727.477	105.7187	1.897275	0.777404	0.222596	0.4494541
20892	-2624.394	-2729.971	105.5772	2.000745	0.647909	0.352091	0.3665665
20898	-2618.617	-2724.23	105.6138	1.98133	0.792143	0.207857	0.3938841
20904	-2616.044	-2721.69	105.6464	1.937621	0.742651	0.257349	0.3753025
20910	-2622.629	-2728.256	105.6269	1.973196	0.797438	0.202562	0.4036053
20916	-2630.647	-2736.352	105.7057	1.90785	0.780415	0.219585	0.4396928
20922	-2623.839	-2729.222	105.383	1.058483	0.829671	0.170329	1.702649
20928	-2626.288	-2732.076	105.7885	1.115874	0.768155	0.231845	1.358243
20934	-2623.649	-2729.049	105.4002	1.067979	0.828723	0.171277	1.683704
20940	-2631.347	-2737.017	105.67	1.04159	0.656116	0.343884	1.506374
20946	-2634.565	-2739.561	104.996	0.8867975	0.656116	0.343884	2.082777
20952	-2639.461	-2745.247	105.7864	1.829136	0.640631	0.359369	0.4475749
20958	-2632.154	-2737.936	105.7826	1.833003	0.797823	0.202177	0.4475749
20964	-2634.673	-2740.464	105.791	1.828591	0.812925	0.187075	0.4696632
20970	-2634.187	-2739.919	105.7325	1.256801	0.870354	0.129646	1.290003
20976	-2636.256	-2742.297	106.0405	1.391747	0.738075	0.261925	0.8735943
20982	-2634.11	-2740.04	105.9291	1.419001	0.698134	0.301866	0.9658878
20988	-2620.039	-2725.996	105.9562	1.492955	0.756024	0.243976	0.8535306
20994	-2625.376	-2731.332	105.9563	1.304511	0.673721	0.326279	1.052505
21000	-2617.672	-2723.513	105.841	1.248974	0.780699	0.219301	1.205948
21006	-2620.484	-2726.384	105.9008	1.328483	0.780699	0.219301	1.082135
21012	-2628.905	-2734.891	105.9868	1.561148	0.750886	0.249114	0.7170214
21018	-2627.26	-2733.265	106.0056	1.561148	0.768262	0.231738	0.6841095
21024	-2632.932	-2738.923	105.9903	1.597039	0.665771	0.334229	0.6423555
21030	-2627.72	-2733.647	105.9261	1.571027	0.797919	0.202081	0.7924112
21036	-2621.581	-2727.521	105.9401	1.491135	0.811695	0.188305	0.8748507
21042	-2631.103	-2737.077	105.9742	1.483715	0.852785	0.147215	0.842856
21048	-2637.849	-2743.741	105.8923	1.638455	0.782434	0.217566	0.7442369
21054	-2629.896	-2735.827	105.9318	1.439839	0.748955	0.251045	0.9411903
21060	-2624.79	-2730.729	105.9383	1.454211	0.774311	0.225689	0.9185585
21066	-2627.735	-2733.702	105.9665	1.431928	0.718267	0.281733	0.9121358
21072	-2622.249	-2728.261	106.0121	1.395717	0.808455	0.191545	0.9016514
21078	-2625.368	-2731.103	105.7346	1.370777	0.780108	0.219892	1.192747
21084	-2625.898	-2731.822	105.9239	1.343946	0.720172	0.279828	1.045728
21090	-2628.269	-2734.048	105.7791	1.276298	0.736001	0.263999	1.235234
21096	-2638.497	-2744.324	105.8268	1.226469	0.776131	0.223869	1.237024
21102	-2625.7	-2731.529	105.8292	1.255947	0.776131	0.223869	1.210095
21108	-2622.491	-2728.439	105.9487	1.284532	0.754693	0.245307	1.078472
21114	-2620.842	-2726.836	105.9938	1.239391	0.773447	0.226553	1.078472
21120	-2621.916	-2727.619	105.7028	1.230114	0.659386	0.340614	1.335521
21126	-2624.272	-2730.005	105.7332	1.199649	0.703111	0.296889	1.335521
21132	-2629.215	-2734.8	105.5851	1.263941	0.804995	0.195005	1.40163
21138	-2632.634	-2738.358	105.724	1.303188	0.828495	0.171505	1.258776
21144	-2638.757	-2744.366	105.609	1.187555	0.720095	0.279905	1.442045
21150	-2627.52	-2733.324	105.8044	1.306562	0.809446	0.190554	1.187946
21156	-2626.456	-2732.199	105.7427	1.212312	0.85049	0.14951	1.317774
21162	-2631.374	-2737.287	105.9136	1.43607	0.770442	0.229558	0.9642944
21168	-2626.821	-2732.736	105.9149	1.407368	0.773097	0.226903	0.9923153
21174	-2626.292	-2732.184	105.8922	1.229528	0.762286	0.237714	1.178586
21180	-2618.987	-2724.816	105.8295	1.244089	0.834529	0.165471	1.219891
21186	-2615.577	-2721.509	105.9319	1.296456	0.762004	0.237996	1.082989
21192	-2625.695	-2731.746	106.0504	1.306499	0.827166	0.172834	0.9567374
21198	-2622.611	-2728.561	105.9508	1.472497	0.776903	0.223097	0.8840579
21204	-2625.06	-2730.956	105.8958	1.475933	0.776903	0.223097	0.9410383
21210	-2620.149	-2726	105.8509	1.536173	0.730448	0.269552	0.9245741
21216	-2625.471	-2731.273	105.8015	1.34714	0.591953	0.408047	1.155079
21222	-2633.753	-2739.892	106.1385	1.407778	0.717041	0.282959	0.7197556
21228	-2636.034	-2741.993	105.9593	1.593715	0.741389	0.258611	0.7085773
21234	-2623.052	-2728.957	105.9047	1.703411	0.811961	0.188039	0.5861676
21240	-2620.282	-2726.165	105.8837	1.72439	0.751866	0.248134	0.5861676
21246	-2634.843	-2740.662	105.8191	1.801872	0.856171	0.143829	0.4850088
21252	-2625.651	-2731.47	105.8187	1.801872	0.7866	0.2134	0.5209529
21258	-2620.005	-2725.896	105.8906	1.730019	0.780834	0.219166	0.5209529
21264	-2626.035	-2732.077	106.0415	1.547357	0.879592	0.120408	0.6388553
21270	-2626.686	-2732.523	105.8369	1.75751	0.826429	0.173571	0.6254435
21276	-2622.561	-2728.432	105.8711	1.746967	0.8349	0.1651	0.54227
21282	-2627.602	-2733.439	105.837	1.784332	0.768354	0.231646	0.5085114
21288	-2632.56	-2738.425	105.8657	1.751098	0.750885	0.249115	0.5500942
21294	-2628.274	-2733.914	105.6398	1.969938	0.735079	0.264921	0.4271807
21300	-2633.534	-2739.394	105.86	1.426481	0.707102	0.292898	1.027803
21306	-2626.025	-2731.928	105.9034	1.383081	0.647063	0.352937	1.027803
21312	-2619.411	-2725.344	105.9331	1.495272	0.815039	0.184961	0.8782114
21318	-2623.796	-2729.803	106.0069	1.468872	0.622094	0.377906	0.8205209
21324	-2631.506	-2737.351	105.8445	1.773443	0.759392	0.240608	0.4592214
21330	-2624.622	-2730.442	105.8199	1.798028	0.806224	0.193776	0.4592214
21336	-2630.271	-2736.108	105.8378	1.783423	0.66809	0.33191	0.5110027
21342	-2624.03	-2729.777	105.747	1.864258	0.713285	0.286715	0.4318555
21348	-2623.382	-2729.117	105.7345	1.860117	0.815515	0.184485	0.3928823
21354	-2631.353	-2737.122	105.7688	1.835009	0.81673	0.18327	0.4118746
21360	-2629.764	-2735.494	105.7295	1.874261	0.784205	0.215795	0.4117631
21366	-2627.842	-2733.642	105.7998	1.817228	0.784205	0.215795	0.4543582
21372	-2627.794	-2733.584	105.7897	1.828537	0.82815	0.17185	0.4609089
21378	-2625.085	-2730.878	105.7928	1.828537	0.855481	0.144519	0.4915988
21384	-2629.132	-2734.9	105.7679	1.853382	0.706479	0.293521	0.4915988
21390	-2631.7	-2737.684	105.9843	1.389377	0.800153	0.199847	0.9390346
21396	-2625.856	-2731.606	105.7499	1.273752	0.800487	0.199513	1.261685
21402	-2632.785	-2738.243	105.4577	2.070618	0.790879	0.209121	0.3140491
21408	-2630.536	-2736.081	105.5449	2.03019	0.799599	0.200401	0.3627222
21414	-2627.416	-2733.214	105.7975	1.165348	0.683368	0.316632	1.311461
21420	-2621.937	-2727.82	105.8833	1.259841	0.723196	0.276804	1.159876
21426	-2628.28	-2733.99	105.7103	1.35711	0.758634	0.241366	1.225086
21432	-2629.669	-2735.431	105.762	1.357215	0.746546	0.253454	1.180799
21438	-2634.296	-2740.197	105.9015	1.331245	0.690347	0.309653	1.078946
21444	-2624.606	-2730.258	105.6523	1.149393	0.702863	0.297137	1.438114
21450	-2626.09	-2731.976	105.8866	1.299023	0.767306	0.232694	1.122107
21456	-2623.295	-2729.296	106.0012	1.404858	0.765246	0.234754	0.9035633
21462	-2624.168	-2730.098	105.9299	1.459358	0.827519	0.172481	0.9221424
21468	-2628.574	-2734.543	105.9691	1.387777	0.880729	0.119271	0.9568181
21474	-2638.855	-2744.579	105.7238	1.312403	0.767504	0.232496	1.251326
21480	-2625.038	-2730.896	105.8576	1.329338	0.666079	0.333921	1.120937
21486	-2632.174	-2737.996	105.8217	1.365171	0.777641	0.222359	1.120937
21492	-2621.514	-2727.51	105.9959	1.330115	0.80634	0.19366	0.9885713
21498	-2618.289	-2724.272	105.9831	1.352726	0.654187	0.345813	0.9785545
21504	-2618.997	-2725.024	106.0271	1.308705	0.669219	0.330781	0.9785545
21510	-2625.65	-2731.642	105.9927	1.529126	0.817575	0.182425	0.7575844
21516	-2620.221	-2726.183	105.9617	1.633143	0.833037	0.166963	0.6245439
21522	-2621.491	-2727.42	105.9288	1.665996	0.74988	0.25012	0.6245439
21528	-2625.322	-2731.174	105.8517	1.764464	0.710602	0.289398	0.5533429
21534	-2633.745	-2739.639	105.8941	1.722016	0.710602	0.289398	0.5533429
21540	-2638.193	-2744.09	105.8973	1.439453	0.689956	0.310044	0.9776361
21546	-2630.462	-2736.374	105.9123	1.611326	0.807084	0.192916	0.7549611
21552	-2628.863	-2734.772	105.9092	1.651407	0.805901	0.194099	0.6952438
21558	-2625.708	-2731.605	105.8976	1.640495	0.767601	0.232399	0.7327884
21564	-2632.354	-2738.338	105.9839	1.626204	0.800829	0.199171	0.5790726
21570	-2622.467	-2728.309	105.8425	1.265102	0.719124	0.280876	1.190861
21576	-2621.311	-2727.028	105.7171	1.322921	0.800194	0.199806	1.248079
21582	-2626.375	-2732.091	105.7165	1.361818	0.793966	0.206034	1.21587
21588	-2623.374	-2729.343	105.9686	1.30656	0.760793	0.239207	1.03874
21594	-2622.646	-2728.503	105.8572	1.560513	0.808649	0.191351	0.8904221
21600	-2619.478	-2725.47	105.9928	1.492816	0.771977	0.228023	0.8078103
21606	-2620.995	-2726.987	105.9921	1.489054	0.711756	0.288244	0.813556
21612	-2619.885	-2725.951	106.0662	1.414942	0.802135	0.197865	0.813556
21618	-2621.899	-2727.885	105.9859	1.306148	0.754732	0.245268	1.022295
21624	-2618.087	-2723.945	105.8576	1.284304	0.748005	0.251995	1.160981
21630	-2620.81	-2726.538	105.7287	1.24424	0.814444	0.185556	1.303254
21636	-2620.518	-2726.43	105.9114	1.45526	0.761474	0.238526	0.9464504
21642	-2624.597	-2730.458	105.8608	1.434426	0.781051	0.218949	1.019246
21648	-2623.724	-2729.687	105.9634	1.478049	0.674962	0.325038	0.8628478
21654	-2625.649	-2731.558	105.9087	1.414217	0.741968	0.258032	0.9916651
21660	-2628.96	-2734.826	105.8661	1.351439	0.770085	0.229915	1.092993
21666	-2619.865	-2725.843	105.9774	1.361319	0.73692	0.26308	0.975635
21672	-2622.185	-2728.105	105.9203	1.378397	0.685506	0.314494	1.015785
21678	-2621.534	-2727.178	105.6445	1.269165	0.691126	0.308874	1.35086
21684	-2630.31	-2735.655	105.3453	1.156699	0.809566	0.190434	1.659624
21690	-2634.652	-2740.347	105.6945	1.021361	0.730145	0.269855	1.503176
21696	-2625.442	-2731.022	105.5806	1.207789	0.777618	0.222382	1.448322
21702	-2624.958	-2730.594	105.6355	1.152873	0.812647	0.187353	1.448322
21708	-2622.62	-2728.528	105.9074	1.219882	0.746874	0.253126	1.173825
21714	-2618.806	-2724.797	105.9906	1.212061	0.748812	0.251188	1.10669
21720	-2629.77	-2735.243	105.4729	1.202059	0.728047	0.271953	1.533677
21726	-2629.495	-2735.157	105.662	1.349093	0.728047	0.271953	1.272067
21732	-2623.818	-2729.563	105.7449	1.259344	0.747972	0.252028	1.277746
21738	-2618.832	-2724.612	105.7804	1.162073	0.760327	0.239673	1.327854
21744	-2618.314	-2724.105	105.7916	1.340409	0.760327	0.239673	1.169643
21750	-2624.428	-2730.289	105.8604	1.378293	0.820985	0.179015	1.073351
21756	-2624.277	-2730.104	105.8268	1.459373	0.67111	0.32889	1.02803
21762	-2625.307	-2731.172	105.8658	1.423277	0.729046	0.270954	1.025215
21768	-2625.649	-2731.505	105.8557	1.498206	0.744708	0.255292	0.9598958
21774	-2621.363	-2727.237	105.8745	1.434195	0.763051	0.236949	1.00595
21780	-2622.8	-2728.73	105.9298	1.49023	0.806088	0.193912	0.8877842
21786	-2621.5	-2727.451	105.9512	1.555993	0.78204	0.21796	0.7785996
21792	-2617.948	-2723.967	106.0186	1.42592	0.753906	0.246094	0.8591159
21798	-2611.504	-2717.512	106.0071	1.457117	0.777346	0.222654	0.8351084
21804	-2624.674	-2730.6	105.9267	1.132947	0.735326	0.264674	1.231684
21810	-2622.948	-2728.659	105.7112	1.207231	0.764594	0.235406	1.347058
21816	-2632.902	-2738.519	105.6173	1.275811	0.691254	0.308746	1.367064
21822	-2628.019	-2733.749	105.7292	1.323659	0.648516	0.351484	1.237361
21828	-2628.715	-2734.699	105.9839	1.310665	0.784947	0.215053	1.019881
21834	-2631.501	-2736.622	105.1211	1.17384	0.727662	0.272338	1.805183
21840	-2625.102	-2730.981	105.879	1.217807	0.727662	0.272338	1.200131
21846	-2630.375	-2736.206	105.8312	1.195818	0.775834	0.224166	1.258945
21852	-2631.713	-2737.671	105.9584	1.368489	0.775834	0.224166	0.9876094
21858	-2642.588	-2748.645	106.0572	1.270522	0.681698	0.318302	0.98678
21864	-2631.593	-2737.521	105.9273	1.217364	0.74296	0.25704	1.158571
21870	-2630.107	-2735.88	105.7732	1.30806	0.677164	0.322836	1.213357
21876	-2622.59	-2728.45	105.8599	1.270274	0.808998	0.191002	1.171302
21882	-2623.066	-2729.098	106.0327	1.294778	0.816164	0.183836	0.9870391
21888	-2621.192	-2727.104	105.9124	1.516984	0.780862	0.219138	0.8769813
21894	-2624.627	-2730.589	105.962	1.194933	0.744348	0.255652	1.14773
21900	-2621.658	-2727.526	105.8675	1.247926	0.696587	0.303413	1.18407
21906	-2618.959	-2724.751	105.7918	1.297389	0.712758	0.287242	1.206618
21912	-2632.194	-2738.167	105.9731	1.55971	0.765604	0.234396	0.7411104
21918	-2630.5	-2736.4	105.9002	1.683389	0.759853	0.240147	0.6504456
21924	-2624.279	-2730.287	106.0076	1.598911	0.702613	0.297387	0.5915547
21930	-2634.166	-2739.987	105.8212	1.35692	0.823801	0.176199	1.128862
21936	-2627.779	-2733.64	105.861	1.449044	0.739306	0.260694	1.00452
21942	-2635.275	-2741.263	105.9876	1.402111	0.774338	0.225662	0.9216815
21948	-2626.957	-2732.901	105.9439	1.563119	0.815812	0.184188	0.7787603
21954	-2627.914	-2733.848	105.9342	1.467388	0.797624	0.202376	0.9085676
21960	-2632.058	-2738.052	105.9934	1.543914	0.763969	0.236031	0.7340313
21966	-2630.105	-2736.1	105.9954	1.498556	0.717849	0.282151	0.7966889
21972	-2638.873	-2744.69	105.8171	1.210924	0.717446	0.282554	1.258129
21978	-2632.053	-2737.928	105.8753	1.173835	0.687429	0.312571	1.240533
21984	-2628.333	-2734.293	105.9604	1.483885	0.717736	0.282264	0.8593894
21990	-2630.434	-2736.302	105.868	1.41467	0.717485	0.282515	1.031476
21996	-2624.826	-2730.843	106.0164	1.499811	0.747203	0.252797	0.7657712
22002	-2623.121	-2729.118	105.9974	1.549473	0.766872	0.233128	0.7187739
22008	-2619.742	-2725.735	105.9923	1.605235	0.766872	0.233128	0.617545
22014	-2624.396	-2730.264	105.8676	1.728283	0.766872	0.233128	0.6217091
22020	-2623.504	-2729.376	105.8715	1.741983	0.769141	0.230859	0.5659549
22026	-2629.772	-2735.745	105.9729	1.640599	0.764416	0.235584	0.5659549
22032	-2625.45	-2731.316	105.8662	1.287497	0.769728	0.230272	1.150571
22038	-2623.225	-2728.889	105.6637	1.272588	0.802063	0.197937	1.332772
22044	-2625.645	-2731.41	105.7642	1.190219	0.619014	0.380986	1.318259
22050	-2622.877	-2728.527	105.6501	1.157734	0.801207	0.198793	1.433449
22056	-2620.972	-2726.658	105.686	1.121798	0.741612	0.258388	1.433449
22062	-2621.642	-2727.62	105.9782	1.346447	0.81181	0.18819	0.9899063
22068	-2619.244	-2725.108	105.8646	1.399621	0.780057	0.219943	1.049226
22074	-2622.826	-2728.76	105.9336	1.414261	0.786395	0.213605	0.9661594
22080	-2627.331	-2733.099	105.768	1.438437	0.796384	0.203616	1.103162
22086	-2619.972	-2725.784	105.8126	1.456012	0.800094	0.199906	1.04505
22092	-2623.988	-2729.921	105.9323	1.397003	0.698777	0.301223	0.9851913
22098	-2623.476	-2729.329	105.8529	1.396096	0.646719	0.353281	1.063643
22104	-2628.005	-2733.934	105.9296	1.471254	0.639147	0.360853	0.9094268
22110	-2631.892	-2737.792	105.9004	1.105701	0.830268	0.169732	1.276191
22116	-2629.923	-2735.93	106.0075	1.196551	0.775571	0.224429	1.105363
22122	-2626.591	-2732.387	105.796	1.366608	0.656666	0.343334	1.142686
22128	-2627.439	-2733.326	105.8864	1.241768	0.619703	0.380297	1.173053
22134	-2626.607	-2732.258	105.6518	1.106548	0.70701	0.29299	1.471138
22140	-2630.96	-2736.499	105.5393	1.058478	0.808226	0.191774	1.590406
22146	-2631.716	-2736.674	104.9575	0.8726816	0.808226	0.191774	2.117309
22152	-2623.929	-2728.686	104.7575	0.9212735	0.839643	0.160357	2.215734
22158	-2629.801	-2735.375	105.5735	0.9259021	0.761088	0.238912	1.661438
22164	-2624.787	-2730.787	106.0003	1.460202	0.789172	0.210828	0.8397475
22170	-2626.19	-2732.18	105.9908	1.499784	0.781764	0.218236	0.8012271
22176	-2627.457	-2733.438	105.9813	1.582426	0.82322	0.17678	0.6896613
22182	-2618.675	-2724.559	105.8836	1.726852	0.776389	0.223611	0.5780296
22188	-2612.771	-2718.665	105.8941	1.726852	0.741819	0.258181	0.5156728
22194	-2625.563	-2731.408	105.8449	1.764754	0.784168	0.215832	0.5808544
22200	-2625.46	-2731.362	105.9018	1.70148	0.734716	0.265284	0.6015137
22206	-2615.126	-2720.983	105.8567	1.764776	0.785353	0.214647	0.5045559
22212	-2616.499	-2722.481	105.982	1.634466	0.742607	0.257393	0.5515628
22218	-2618.271	-2724.202	105.9309	1.676563	0.761113	0.238887	0.5885317
22224	-2630.033	-2736.053	106.02	1.596159	0.730643	0.269357	0.5535774
22230	-2627.9	-2733.963	106.0632	1.284049	0.835899	0.164101	0.9668066
22236	-2630.29	-2736.337	106.0464	1.310378	0.837827	0.162173	0.9568823
22242	-2623.736	-2729.681	105.9452	1.346451	0.768115	0.231885	1.022727
22248	-2628.132	-2734.218	106.086	1.383669	0.791923	0.208077	0.8282495
22254	-2625.466	-2731.496	106.0303	1.418137	0.713647	0.286353	0.8544215
22260	-2631.636	-2737.754	106.1188	1.273698	0.6445	0.3555	0.9186373
22266	-2624.13	-2730.051	105.9219	1.273698	0.788686	0.211314	1.113117
22272	-2630.746	-2736.153	105.407	1.075325	0.707126	0.292874	1.673627
22278	-2639.087	-2744.278	105.1908	0.9838184	0.834413	0.165587	1.887662
22284	-2635.726	-2741.574	105.8482	1.772375	0.714047	0.285953	0.521375
22290	-2626.823	-2732.692	105.869	1.751201	0.838503	0.161497	0.5260588
22296	-2618.073	-2723.79	105.7168	1.888196	0.828841	0.171159	0.4147441
22302	-2627.263	-2732.869	105.6056	1.990887	0.69586	0.30414	0.3963972
22308	-2624.381	-2729.974	105.5933	1.963692	0.782749	0.217251	0.3412739
22314	-2626.027	-2731.612	105.5844	1.961041	0.750597	0.249403	0.3294905
22320	-2624.034	-2729.523	105.4883	2.036888	0.743563	0.256437	0.311474
22326	-2634.523	-2739.993	105.4699	2.073958	0.764826	0.235174	0.3279846
22332	-2631.47	-2736.958	105.4883	2.052668	0.663831	0.336169	0.3252622
22338	-2627.003	-2732.524	105.5214	2.019545	0.785287	0.214713	0.3252622
22344	-2629.538	-2735.349	105.8105	1.802706	0.753685	0.246315	0.4384314
22350	-2635.616	-2741.567	105.951	1.543042	0.805957	0.194043	0.7965336
22356	-2631.895	-2737.869	105.9732	1.51857	0.786672	0.213328	0.7995669
22362	-2628.597	-2734.515	105.9186	1.692663	0.860542	0.139458	0.5747252
22368	-2617.726	-2723.676	105.9498	1.640875	0.745429	0.254571	0.6345771
22374	-2620.51	-2726.312	105.8014	1.491051	0.783383	0.216617	1.021946
22380	-2627.873	-2733.779	105.9065	1.546015	0.610817	0.389183	0.8494467
22386	-2624.329	-2730.298	105.9692	1.589729	0.821208	0.178792	0.6982461
22392	-2625.906	-2731.917	106.0116	1.46061	0.821208	0.178792	0.825037
22398	-2630.433	-2736.425	105.9926	1.53039	0.653564	0.346436	0.7558592
22404	-2627.145	-2733.1	105.9553	1.590327	0.777993	0.222007	0.7207324
22410	-2626.197	-2732.267	106.0703	1.452031	0.743495	0.256505	0.7567953
22416	-2634.918	-2740.875	105.9566	1.617812	0.763973	0.236027	0.669383
22422	-2632.559	-2738.563	106.0038	1.256373	0.774051	0.225949	1.053111
22428	-2625.138	-2730.966	105.828	1.443008	0.83466	0.16534	1.042734
22434	-2630.794	-2736.725	105.9306	1.281107	0.772209	0.227791	1.098404
22440	-2628.31	-2734.343	106.0323	1.327778	0.78995	0.21005	0.9534024
22446	-2632.569	-2738.465	105.8963	1.504096	0.753277	0.246723	0.9098518
22452	-2623.42	-2729.359	105.9391	1.555087	0.764924	0.235076	0.7963245
22458	-2620.956	-2726.909	105.9526	1.541617	0.764823	0.235177	0.7963245
22464	-2619.264	-2725.22	105.9556	1.375551	0.821012	0.178988	0.9833427
22470	-2628.877	-2734.845	105.9681	1.325718	0.672072	0.327928	1.02061
22476	-2622.291	-2728.167	105.8755	1.249776	0.829237	0.170763	1.175567
22482	-2620.518	-2726.396	105.878	1.247273	0.830884	0.169116	1.175567
22488	-2626.222	-2731.983	105.7617	1.174979	0.78853	0.21147	1.332527
22494	-2634.152	-2740.111	105.9587	1.335117	0.772611	0.227389	1.020609
22500	-2626.566	-2732.595	106.0288	1.314029	0.755501	0.244499	0.971352
22506	-2633.895	-2739.883	105.9873	1.383341	0.730496	0.269504	0.9422026
22512	-2620.018	-2726.046	106.0281	1.449503	0.799317	0.200683	0.8182193
22518	-2628.359	-2734.278	105.9193	1.458222	0.8418	0.1582	0.9348708
22524	-2630.378	-2736.382	106.0038	1.311855	0.601961	0.398039	0.9989915
22530	-2632.03	-2738.096	106.0658	1.372461	0.670417	0.329583	0.8665463
22536	-2638.528	-2744.546	106.0185	1.434445	0.771286	0.228714	0.8489903
22542	-2630.949	-2736.947	105.9979	1.475776	0.772575	0.227425	0.8231657
22548	-2624.563	-2730.616	106.0525	1.461388	0.704875	0.295125	0.7691628
22554	-2629.836	-2735.813	105.9764	1.326021	0.834192	0.165808	1.012087
22560	-2625.591	-2731.411	105.82	1.235238	0.764694	0.235306	1.235407
22566	-2632.782	-2738.647	105.8649	1.224753	0.855153	0.144847	1.20622
22572	-2629.947	-2735.411	105.4633	1.003391	0.663451	0.336549	1.684782
22578	-2625.039	-2730.407	105.3684	1.057735	0.809481	0.190519	1.71353
22584	-2621.868	-2727.217	105.3485	0.9407672	0.734051	0.265949	1.809075
22590	-2634.924	-2740.638	105.7145	1.121764	0.696345	0.303655	1.411481
22596	-2632.575	-2737.94	105.3651	1.164307	0.726001	0.273999	1.639916
22602	-2641.268	-2746.794	105.5258	0.8889979	0.748861	0.251139	1.721501
22608	-2644.598	-2750.045	105.4475	1.027077	0.725531	0.274469	1.679201
22614	-2639.99	-2745.347	105.3567	0.9623492	0.814251	0.185749	1.78848
22620	-2629.188	-2734.559	105.3708	0.9482422	0.721415	0.278585	1.78848
22626	-2634.301	-2739.661	105.3596	0.8886765	0.678039	0.321961	1.837325
22632	-2625.677	-2731.267	105.5902	1.088042	0.678039	0.321961	1.531243
22638	-2627.789	-2733.505	105.7154	1.103429	0.734957	0.265043	1.424973
22644	-2633.22	-2738.855	105.6354	1.216355	0.84113	0.15887	1.399478
22650	-2623.897	-2729.036	105.1384	1.053479	0.705607	0.294393	1.875924
22656	-2629.191	-2734.808	105.6171	0.9479523	0.859712	0.140288	1.614175
22662	-2631.499	-2736.968	105.4692	1.072906	0.724951	0.275049	1.630764
22668	-2638.469	-2744.468	105.9991	1.27958	0.715021	0.284979	1.035326
22674	-2626.847	-2732.753	105.9052	1.511095	0.728315	0.271685	0.89208
22680	-2621.5	-2727.517	106.0167	1.495905	0.728315	0.271685	0.7709016
22686	-2621.667	-2727.413	105.7464	1.377167	0.64334	0.35666	1.177043
22692	-2621.822	-2727.743	105.9202	1.412421	0.698338	0.301662	0.9818746
22698	-2620.911	-2726.92	106.0091	1.404426	0.705421	0.294579	0.8951602
22704	-2618.081	-2724.128	106.0471	1.508607	0.731208	0.268792	0.7038544
22710	-2620.823	-2726.757	105.9348	1.4831	0.731208	0.268792	0.890241
22716	-2623.808	-2729.756	105.948	1.584933	0.716411	0.283589	0.7409149
22722	-2630.506	-2736.492	105.9861	1.541668	0.799997	0.200003	0.7487384
22728	-2623.792	-2729.809	106.0164	1.484664	0.791198	0.208802	0.7869938
22734	-2627.325	-2733.345	106.0198	1.409317	0.791198	0.208802	0.8772493
22740	-2625.825	-2731.744	105.9195	1.459868	0.795292	0.204708	0.9328974
22746	-2627.021	-2733.04	106.0186	1.518332	0.746539	0.253461	0.7346663
22752	-2632.165	-2738.119	105.9548	1.258727	0.772529	0.227471	1.096717
22758	-2628.903	-2734.916	106.0134	1.282388	0.769144	0.230856	1.018697
22764	-2613.954	-2719.883	105.9292	1.592206	0.769257	0.230743	0.7581974
22770	-2618.34	-2724.219	105.8791	1.399081	0.742311	0.257689	1.035769
22776	-2613.574	-2719.429	105.8549	1.413474	0.758148	0.241852	1.045217
22782	-2616.819	-2722.727	105.908	1.409431	0.760111	0.239889	0.9971564
22788	-2625.775	-2731.684	105.9089	1.464311	0.717371	0.282629	0.9395476
22794	-2631.16	-2737.175	106.0154	1.5034	0.821545	0.178455	0.7620085
22800	-2625.087	-2730.919	105.8316	1.783732	0.72189	0.27811	0.5576436
22806	-2628.379	-2734.264	105.8856	1.735346	0.839592	0.160408	0.5158792
22812	-2625.849	-2731.463	105.6139	1.975635	0.746515	0.253485	0.3841232
22818	-2624.897	-2730.51	105.6135	1.976105	0.768701	0.231299	0.3841232
22824	-2630.045	-2735.637	105.5927	1.972051	0.760374	0.239626	0.3499889
22830	-2631.703	-2737.314	105.6114	2.005485	0.690278	0.309722	0.4538285
22836	-2633.05	-2738.875	105.825	1.789845	0.634063	0.365937	0.4445016
22842	-2625.113	-2730.794	105.6806	1.934211	0.791427	0.208573	0.4445016
22848	-2630.686	-2736.551	105.8653	1.751542	0.680726	0.319274	0.4535876
22854	-2622.769	-2728.606	105.8373	1.749723	0.683008	0.316992	0.6430636
22860	-2623.166	-2729.124	105.9575	1.616263	0.725042	0.274958	0.6708328
22866	-2629.302	-2735.226	105.9243	1.622768	0.656356	0.343644	0.7184372
22872	-2634.479	-2740.481	106.0016	1.333633	0.676844	0.323156	0.9791869
22878	-2628.799	-2734.62	105.8213	1.191643	0.676844	0.323156	1.270601
22884	-2625.648	-2731.32	105.6717	1.109872	0.73241	0.26759	1.453545
22890	-2618.765	-2724.647	105.8818	1.149308	0.775412	0.224588	1.255549
22896	-2619.138	-2725.085	105.9461	1.156215	0.78858	0.21142	1.195397
22902	-2621.483	-2727.237	105.7538	1.133355	0.78858	0.21142	1.371785
22908	-2623.852	-2729.596	105.7436	1.125368	0.634448	0.365552	1.386079
22914	-2619.487	-2725.186	105.699	1.267551	0.817847	0.182153	1.308481
22920	-2627.724	-2733.7	105.9758	1.246559	0.725363	0.274637	1.088576
22926	-2627.487	-2733.322	105.8357	1.139632	0.725363	0.274637	1.301381
22932	-2620.747	-2726.55	105.8032	1.172116	0.737274	0.262726	1.301381
22938	-2630.335	-2735.696	105.3605	1.178954	0.737274	0.262726	1.632714
22944	-2628.757	-2734.417	105.6598	1.164315	0.806812	0.193188	1.420905
22950	-2623.811	-2729.343	105.5312	1.224991	0.842567	0.157433	1.472827
22956	-2621.724	-2727.279	105.5544	1.20174	0.854063	0.145937	1.472827
22962	-2625.435	-2731.029	105.5933	1.16281	0.705705	0.294295	1.472827
22968	-2631.075	-2736.323	105.248	1.112701	0.742414	0.257586	1.759437
22974	-2627.155	-2733.081	105.9257	1.571538	0.752813	0.247187	0.7922868
22980	-2632.229	-2737.521	105.2917	1.124009	0.757765	0.242235	1.720887
22986	-2631.154	-2736.691	105.5366	1.218452	0.698733	0.301267	1.473622
22992	-2628.82	-2734.768	105.9474	1.303074	0.785437	0.214563	1.062274
22998	-2624.712	-2730.507	105.7954	1.441675	0.762369	0.237631	1.074908
23004	-2624.663	-2730.343	105.6792	1.22183	0.782251	0.217749	1.360853
23010	-2630.143	-2735.865	105.7223	1.273031	0.703594	0.296406	1.285016
23016	-2632.046	-2737.776	105.7295	1.265898	0.779097	0.220903	1.285016
23022	-2635.529	-2741.326	105.797	1.198316	0.623754	0.376246	1.285016
23028	-2626.721	-2732.514	105.7936	1.170971	0.785344	0.214656	1.310027
23034	-2629.15	-2734.932	105.7823	1.191457	0.794552	0.205448	1.302654
23040	-2633.41	-2738.939	105.5291	1.312856	0.803771	0.196229	1.407107
23046	-2644.168	-2749.921	105.7523	1.216399	0.752517	0.247483	1.306724
23052	-2636.459	-2742.131	105.6717	1.208084	0.822811	0.177189	1.377557
23058	-2638.601	-2744.342	105.7406	1.200986	0.829801	0.170199	1.328537
23064	-2626.343	-2732.119	105.7761	1.133066	0.717277	0.282723	1.354437
23070	-2618.365	-2724.12	105.7548	1.228859	0.745376	0.254624	1.294565
23076	-2626.457	-2732.422	105.9652	1.526988	0.735607	0.264393	0.7989927
23082	-2624.779	-2730.785	106.0061	1.489845	0.738085	0.261915	0.7940342
23088	-2631.439	-2737.368	105.9288	1.380065	0.846862	0.153138	1.00573
23094	-2633.141	-2739.082	105.9413	1.253641	0.805377	0.194623	1.113711
23100	-2626.818	-2732.611	105.7921	1.258473	0.762661	0.237339	1.239295
23106	-2626.518	-2732.358	105.8395	1.239311	0.81173	0.18827	1.215453
23112	-2626.751	-2732.858	106.1072	1.375537	0.71184	0.28816	0.8115308
23118	-2622.467	-2728.348	105.8813	1.33287	0.71184	0.28816	1.096068
23124	-2620.024	-2725.921	105.8973	1.28581	0.779043	0.220957	1.124379
23130	-2626.51	-2732.308	105.7984	1.0835	0.753923	0.246077	1.375919
23136	-2622.973	-2728.853	105.8799	1.322409	0.671701	0.328299	1.106957
23142	-2623.461	-2729.33	105.8692	1.302922	0.77936	0.22064	1.134257
23148	-2622.125	-2728.109	105.9844	1.368214	0.731531	0.268469	0.9612234
23154	-2618.281	-2724.075	105.7943	1.269021	0.731531	0.268469	1.228575
23160	-2622.577	-2728.357	105.7805	1.280069	0.745138	0.254862	1.230864
23166	-2620.303	-2726.097	105.7936	1.298664	0.748279	0.251721	1.203965
23172	-2624.128	-2730.228	106.1004	1.249869	0.752179	0.247821	0.9636576
23178	-2617.976	-2723.922	105.9464	1.432458	0.783776	0.216224	0.9334183
23184	-2617.08	-2723.055	105.9744	1.431023	0.783776	0.216224	0.9042797
23190	-2625.869	-2731.876	106.0062	1.483774	0.809549	0.190451	0.801947
23196	-2618.046	-2724.07	106.0247	1.436202	0.74888	0.25112	0.8391965
23202	-2625.129	-2731.137	106.0076	1.464132	0.806019	0.193981	0.8256812
23208	-2622.179	-2728.153	105.9734	1.276885	0.805676	0.194324	1.062473
23214	-2619.092	-2725.203	106.1108	1.316593	0.858054	0.141946	0.8793391
23220	-2616.668	-2722.622	105.9544	1.571241	0.821321	0.178679	0.7518673
23226	-2620.204	-2726.206	106.0025	1.527548	0.802301	0.197699	0.7452851
23232	-2620.864	-2726.786	105.9222	1.565845	0.745716	0.254284	0.8045339
23238	-2618.649	-2724.568	105.9185	1.55946	0.81113	0.18887	0.8176586
23244	-2620.202	-2726.123	105.9212	1.548014	0.73159	0.26841	0.8288182
23250	-2630.204	-2736.122	105.918	1.609973	0.836238	0.163762	0.7483662
23256	-2632.444	-2738.36	105.916	1.667057	0.797542	0.202458	0.651716
23262	-2639.504	-2745.409	105.9054	1.704882	0.738266	0.261734	0.5787066
23268	-2625.057	-2730.893	105.8361	1.774165	0.789811	0.210189	0.5787066
23274	-2624.74	-2730.556	105.8159	1.804346	0.708644	0.291356	0.475605
23280	-2621.573	-2727.3	105.7279	1.890156	0.771341	0.228659	0.4598577
23286	-2620.784	-2726.495	105.7109	1.895352	0.711869	0.288131	0.4176836
23292	-2625.718	-2731.514	105.7955	1.807439	0.770886	0.229114	0.4098936
23298	-2630.353	-2735.987	105.6339	1.952022	0.629327	0.370673	0.3782869
23304	-2620.095	-2725.611	105.5162	2.035175	0.689655	0.310345	0.335337
23310	-2632.231	-2738.097	105.8661	1.597703	0.784115	0.215885	0.8356697
23316	-2619.509	-2725.403	105.8934	1.658011	0.685636	0.314364	0.7111827
23322	-2630.574	-2736.625	106.0503	1.429572	0.657969	0.342031	0.8152473
23328	-2616.446	-2722.341	105.8952	1.72579	0.790057	0.209943	0.515709
23334	-2615.134	-2720.956	105.8222	1.798436	0.773831	0.226169	0.4800369
23340	-2627.239	-2733.087	105.8481	1.747762	0.813602	0.186398	0.6217275
23346	-2619.608	-2725.558	105.9507	1.652143	0.744849	0.255151	0.6028232
23352	-2615.78	-2721.751	105.9706	1.595147	0.744849	0.255151	0.6859109
23358	-2618.801	-2724.668	105.8663	1.754474	0.731489	0.268511	0.4810823
23364	-2624.259	-2729.911	105.6523	1.94826	0.755645	0.244355	0.4045816
23370	-2619.044	-2724.807	105.7627	1.834537	0.772338	0.227662	0.39794
23376	-2618.77	-2724.644	105.8735	1.747609	0.743878	0.256122	0.4866713
23382	-2620.551	-2726.406	105.8549	1.766282	0.723343	0.276657	0.4871783
23388	-2620.967	-2726.834	105.8671	1.754168	0.685863	0.314137	0.5092015
23394	-2619.475	-2725.456	105.9806	1.580505	0.741163	0.258837	0.694466
23400	-2622.023	-2727.934	105.9105	1.6984	0.716024	0.283976	0.5834666
23406	-2624.939	-2730.845	105.9062	1.698225	0.686955	0.313045	0.5981863
23412	-2632.389	-2738.293	105.9046	1.694812	0.676104	0.323896	0.6126074
23418	-2631.277	-2737.271	105.9941	1.608846	0.806507	0.193493	0.6025167
23424	-2634.957	-2740.955	105.9977	1.45125	0.632662	0.367338	0.8537888
23430	-2636.5	-2742.081	105.5809	1.993848	0.743378	0.256622	0.3623102
23436	-2635.79	-2741.313	105.5229	2.025037	0.7325	0.2675	0.3319007
23442	-2632.5	-2738.016	105.5157	2.040109	0.74812	0.25188	0.3399572
23448	-2630.014	-2735.661	105.6474	1.922588	0.739402	0.260598	0.3561876
23454	-2632.201	-2737.742	105.5409	2.016974	0.794067	0.205933	0.3421812
23460	-2625.22	-2730.639	105.4192	2.077038	0.765576	0.234424	0.2896556
23466	-2619.101	-2724.288	105.1876	2.186317	0.751649	0.248351	0.2253874
23472	-2618.607	-2723.972	105.3657	2.152261	0.724377	0.275623	0.3055785
23478	-2619.782	-2725.373	105.5911	1.977847	0.813788	0.186212	0.3549012
23484	-2622.495	-2728.105	105.6101	1.960772	0.776513	0.223487	0.3573598
23490	-2630.706	-2736.328	105.6225	1.956487	0.78291	0.21709	0.368078
23496	-2622.303	-2728.059	105.7555	1.862669	0.774611	0.225389	0.4603711
23502	-2615.953	-2721.668	105.715	1.89097	0.693719	0.306281	0.4170714
23508	-2616.683	-2722.407	105.7242	1.89097	0.658769	0.341231	0.4459338
23514	-2626.776	-2732.445	105.6683	1.948311	0.770156	0.229844	0.4522327
23520	-2619.383	-2725.301	105.9184	1.700879	0.793282	0.206718	0.5341333
23526	-2623.145	-2729.051	105.9052	1.563665	0.793282	0.206718	0.8292203
23532	-2614.962	-2720.958	105.9966	1.57959	0.72384	0.27616	0.665948
23538	-2616.184	-2722.181	105.9966	1.57959	0.726918	0.273082	0.665948
23544	-2623.647	-2729.48	105.833	1.788143	0.850279	0.149721	0.5131048
23550	-2628.528	-2734.217	105.6883	1.918653	0.734645	0.265355	0.4195495
23556	-2624.855	-2730.539	105.6841	1.922802	0.750327	0.249673	0.4195495
23562	-2625.723	-2731.329	105.6056	1.996152	0.680794	0.319206	0.407144
23568	-2627.812	-2733.305	105.4932	2.05843	0.785551	0.214449	0.3356485
23574	-2631.592	-2737.128	105.5359	2.028984	0.79004	0.20996	0.3501109
23580	-2633.819	-2739.478	105.6597	1.925843	0.697776	0.302224	0.3777056
23586	-2639.343	-2744.865	105.5222	2.034125	0.736738	0.263262	0.3405821
23592	-2634.98	-2740.844	105.8642	1.75408	0.691461	0.308539	0.4611555
23598	-2630.621	-2736.432	105.8104	1.811103	0.737442	0.262558	0.5011277
23604	-2641.572	-2747.32	105.7483	1.872704	0.799244	0.200756	0.4849846
23610	-2640.492	-2746.468	105.9759	1.531637	0.703783	0.296217	0.7780497
23616	-2641.018	-2746.872	105.854	1.758292	0.783014	0.216986	0.5710213
23622	-2630.724	-2736.028	105.3037	2.155122	0.772459	0.227541	0.2662352
23628	-2625.918	-2731.364	105.4458	2.074057	0.763259	0.236741	0.307091
23634	-2617.574	-2723.247	105.6723	1.926286	0.763259	0.236741	0.4004744
23640	-2630.415	-2736.233	105.8185	1.485131	0.777496	0.222504	1.01093
23646	-2628.125	-2734.013	105.8884	1.357511	0.760635	0.239365	1.066568
23652	-2620.829	-2726.837	106.0084	1.415833	0.752604	0.247396	0.8829306
23658	-2618.106	-2724.05	105.9442	1.590688	0.751729	0.248271	0.7378142
23664	-2623.242	-2729.205	105.9629	1.572058	0.726965	0.273035	0.7378142
23670	-2625.522	-2731.449	105.9268	1.482436	0.815618	0.184382	0.8999935
23676	-2627.34	-2733.225	105.8851	1.394395	0.828571	0.171429	1.034502
23682	-2629.028	-2734.973	105.9449	1.334622	0.821713	0.178287	1.034502
23688	-2620.357	-2726.045	105.6886	1.360232	0.760027	0.239973	1.240768
23694	-2622.366	-2728.342	105.9753	1.360232	0.746577	0.253423	0.978822
23700	-2627.955	-2733.84	105.8851	1.422249	0.773702	0.226298	1.007271
23706	-2626.7	-2732.569	105.8689	1.6246	0.773702	0.226298	0.7973218
23712	-2618.87	-2724.839	105.9687	1.477992	0.815641	0.184359	0.8565664
23718	-2615.594	-2721.536	105.9421	1.520909	0.733524	0.266476	0.8365924
23724	-2626.762	-2732.71	105.9479	1.515153	0.648501	0.351499	0.8365924
23730	-2624.691	-2730.722	106.0311	1.419396	0.697306	0.302694	0.8518952
23736	-2632.405	-2738.236	105.8306	1.457219	0.750737	0.249263	1.026474
23742	-2632.754	-2738.698	105.9447	1.495444	0.755189	0.244811	0.8643575
23748	-2629.717	-2735.687	105.9697	1.516022	0.773589	0.226411	0.8075521
23754	-2628.289	-2734.214	105.925	1.543035	0.699704	0.300296	0.8302864
23760	-2628.04	-2734.105	106.0651	1.412078	0.744711	0.255289	0.8186624
23766	-2624.627	-2730.647	106.0196	1.330206	0.805015	0.194985	0.9641857
23772	-2628.966	-2734.913	105.9472	1.388284	0.728017	0.271983	0.9789045
23778	-2639.142	-2745.142	106.0005	1.33922	0.728017	0.271983	0.974591
23784	-2624.352	-2730.291	105.939	1.436208	0.747685	0.252315	0.9373141
23790	-2622.888	-2728.862	105.9746	1.519843	0.848778	0.151222	0.7960388
23796	-2616.561	-2722.563	106.0012	1.510272	0.805228	0.194772	0.7724709
23802	-2632.471	-2738.534	106.0627	1.430917	0.805228	0.194772	0.7970877
23808	-2619.309	-2725.264	105.9542	1.426484	0.751973	0.248027	0.9315243
23814	-2628.551	-2734.525	105.9739	1.417647	0.857435	0.142565	0.9196905
23820	-2621.103	-2727.078	105.9749	1.416657	0.857435	0.142565	0.9196905
23826	-2636.337	-2742.413	106.0758	1.384075	0.758673	0.241327	0.8404985
23832	-2626.311	-2732.437	106.1259	1.352285	0.797441	0.202559	0.8174289
23838	-2630.347	-2736.372	106.0253	1.440016	0.748137	0.251863	0.8337709
23844	-2632.336	-2738.27	105.9333	1.626031	0.798944	0.201056	0.6974929
23850	-2636.714	-2742.699	105.9851	1.551914	0.783269	0.216731	0.7345377
23856	-2631.047	-2737.007	105.9592	1.56374	0.783269	0.216731	0.7558875
23862	-2633.448	-2739.34	105.8924	1.574203	0.800042	0.199958	0.8321448
23868	-2628.061	-2733.996	105.9341	1.495543	0.790128	0.209872	0.8766506
23874	-2633.753	-2739.7	105.947	1.482707	0.704907	0.295093	0.8766506
23880	-2624.83	-2730.754	105.9238	1.418533	0.709948	0.290052	0.9718712
23886	-2623.331	-2729.21	105.8799	1.471546	0.7129	0.2871	0.9625
23892	-2621.493	-2727.364	105.8703	1.378911	0.779258	0.220742	1.063502
23898	-2629.91	-2735.901	105.9911	1.25807	0.802045	0.197955	1.063502
23904	-2618.19	-2723.949	105.7598	1.282134	0.770775	0.229225	1.246492
23910	-2628.517	-2734.245	105.7284	1.261159	0.732712	0.267288	1.289761
23916	-2623.756	-2729.463	105.7069	1.241869	0.75062	0.24938	1.322817
23922	-2632.456	-2738.199	105.7424	1.201358	0.736618	0.263382	1.326799
23928	-2628.611	-2734.245	105.6339	1.295924	0.733638	0.266362	1.337979
23934	-2632.516	-2738.402	105.8868	1.362497	0.731686	0.268314	1.063418
23940	-2637.313	-2743.235	105.9214	1.391698	0.824649	0.175351	1.001563
23946	-2637.348	-2743.017	105.6686	1.403731	0.826922	0.173078	1.220956
23952	-2631.007	-2736.798	105.7905	1.479445	0.816917	0.183083	1.043755
23958	-2633.566	-2739.567	106.0009	1.367013	0.814755	0.185245	0.945142
23964	-2633.114	-2739.022	105.9078	1.278545	0.678886	0.321114	1.121461
23970	-2640.753	-2746.356	105.603	1.120554	0.763003	0.236997	1.49737
23976	-2643.414	-2749.048	105.6335	1.218706	0.829934	0.170066	1.399138
23982	-2632.748	-2738.377	105.6291	1.223135	0.6947	0.3053	1.399138
23988	-2634.33	-2739.845	105.5143	1.127206	0.755836	0.244164	1.558413
23994	-2636.908	-2742.22	105.3123	1.110799	0.645373	0.354627	1.715635
24000	-2625.556	-2731.007	105.4506	1.088372	0.664253	0.335747	1.633081
24006	-2620.358	-2725.811	105.4533	1.085642	0.72527	0.27473	1.633081
24012	-2630.633	-2736.305	105.6714	1.150448	0.820343	0.179657	1.422639
24018	-2634.87	-2740.718	105.8485	1.152302	0.71624	0.28376	1.280577
24024	-2631.47	-2737.036	105.5659	1.249757	0.711064	0.288936	1.42742
24030	-2622.8	-2728.669	105.8694	1.258644	0.711064	0.288936	1.173144
24036	-2629.019	-2735.082	106.0631	1.458311	0.79176	0.20824	0.7581884
24042	-2629.698	-2735.649	105.9508	1.573018	0.780924	0.219076	0.7546101
24048	-2624.08	-2730.096	106.0163	1.448384	0.773246	0.226754	0.8345567
24054	-2620.987	-2727.021	106.0334	1.431234	0.773246	0.226754	0.8345567
24060	-2622.42	-2728.444	106.0237	1.452052	0.898829	0.101171	0.8205355
24066	-2621.844	-2727.905	106.0608	1.514591	0.838782	0.161218	0.667544
24072	-2626.626	-2732.594	105.9676	1.590051	0.860825	0.139175	0.7005774
24078	-2628.122	-2734.12	105.998	1.539353	0.799983	0.200017	0.7340201
24084	-2631.6	-2737.482	105.8825	1.73871	0.776146	0.223854	0.4882069
24090	-2620.368	-2726.346	105.978	1.533169	0.755147	0.244853	0.7729025
24096	-2629.905	-2735.95	106.0445	1.466701	0.790595	0.209405	0.7729025
24102	-2622.583	-2728.569	105.9866	1.505682	0.704086	0.295914	0.7988578
24108	-2618.325	-2724.29	105.9651	1.460611	0.79683	0.20317	0.8812523
24114	-2618.64	-2724.567	105.9264	1.471632	0.721273	0.278727	0.9124869
24120	-2624.027	-2729.797	105.7699	1.303636	0.800107	0.199893	1.219975
24126	-2621.694	-2727.513	105.8194	1.312824	0.751394	0.248606	1.169459
24132	-2616.844	-2722.804	105.9594	1.329167	0.744872	0.255128	1.025741
24138	-2623.004	-2729.018	106.0133	1.386167	0.819248	0.180752	0.9108979
24144	-2620.963	-2726.869	105.9053	1.494177	0.725744	0.274256	0.9108979
24150	-2623.05	-2729.05	106.0003	1.533733	0.71489	0.28511	0.7391573
24156	-2621.06	-2726.879	105.8191	1.432261	0.680081	0.319919	1.061463
24162	-2625.301	-2731.228	105.9271	1.273483	0.692042	0.307958	1.108512
24168	-2635.557	-2741.491	105.9343	1.339131	0.832103	0.167897	1.040379
24174	-2637.967	-2743.378	105.4106	1.232462	0.742009	0.257991	1.557218
24180	-2626.502	-2732.036	105.5343	1.120242	0.734177	0.265823	1.548758
24186	-2629.714	-2735.45	105.7361	1.064056	0.668366	0.331634	1.439339
24192	-2625.9	-2731.858	105.9584	1.276127	0.76649	0.23351	1.077289
24198	-2625.262	-2731.237	105.9753	1.398814	0.718685	0.281315	0.9385444
24204	-2623.248	-2729.086	105.8383	1.16274	0.718685	0.281315	1.280322
24210	-2628.301	-2734.108	105.8072	1.81004	0.755811	0.244189	0.4554686
24216	-2625.484	-2731.194	105.7101	1.905186	0.690333	0.309667	0.4463174
24222	-2625.854	-2731.601	105.7473	1.86509	0.793257	0.206743	0.4356046
24228	-2619.241	-2724.949	105.7078	1.902227	0.773879	0.226121	0.4282619
24234	-2616.695	-2722.445	105.7501	1.850369	0.734657	0.265343	0.4043291
24240	-2617.822	-2723.782	105.9599	1.646578	0.704361	0.295639	0.5915669
24246	-2621.562	-2727.411	105.8496	1.771103	0.6832	0.3168	0.5197385
24252	-2626.814	-2732.664	105.8501	1.771103	0.734683	0.265317	0.5125877
24258	-2618.121	-2724.059	105.9372	1.658086	0.734683	0.265317	0.6232439
24264	-2623.489	-2729.46	105.9714	1.450549	0.703999	0.296001	0.8856123
24270	-2631.568	-2737.563	105.9948	1.517249	0.703999	0.296001	0.7717658
24276	-2617.437	-2723.436	105.9993	1.521539	0.695433	0.304567	0.7590196
24282	-2624.818	-2730.83	106.0123	1.508532	0.704946	0.295054	0.7590196
24288	-2622.816	-2728.7	105.884	1.348319	0.799863	0.200137	1.079315
24294	-2631.638	-2737.541	105.9038	1.258156	0.661126	0.338874	1.143239
24300	-2622.679	-2728.477	105.7972	1.182378	0.760644	0.239356	1.297861
24306	-2628.539	-2734.311	105.7726	1.207008	0.783153	0.216847	1.297861
24312	-2625.202	-2731.026	105.8235	1.188808	0.746774	0.253226	1.271063
24318	-2629.02	-2734.878	105.8574	1.217613	0.798128	0.201872	1.218679
24324	-2630.606	-2736.61	106.0041	1.236889	0.747096	0.252904	1.07124
24330	-2616.28	-2722.189	105.9091	1.427857	0.790865	0.209135	0.9774138
24336	-2625.564	-2731.347	105.7823	1.295817	0.756313	0.243687	1.216036
24342	-2632.194	-2738.112	105.9182	1.591234	0.832399	0.167601	0.7754537
24348	-2630.616	-2736.545	105.9289	1.534449	0.811186	0.188814	0.8361671
24354	-2625.075	-2730.961	105.8866	1.612769	0.788082	0.211918	0.7893531
24360	-2623.348	-2729.324	105.9765	1.558478	0.823998	0.176002	0.7377636
24366	-2633.132	-2739.088	105.9561	1.540923	0.756449	0.243551	0.7925963
24372	-2626.726	-2732.772	106.0458	1.405625	0.762424	0.237576	0.8507604
24378	-2627.014	-2732.983	105.9691	1.34956	0.762424	0.237576	0.9959944
24384	-2619.617	-2725.54	105.923	1.339504	0.666097	0.333903	1.050866
24390	-2621.973	-2728.066	106.0927	1.331265	0.78882	0.21118	0.8833018
24396	-2629.629	-2735.513	105.8832	1.522514	0.73565	0.26435	0.9039909
24402	-2626.507	-2732.529	106.0217	1.206756	0.73961	0.26039	1.082903
24408	-2617.631	-2723.43	105.7983	1.351647	0.808062	0.191938	1.153918
24414	-2619.809	-2725.599	105.7894	1.393328	0.700168	0.299832	1.124694
24420	-2619.94	-2725.863	105.9229	1.309585	0.745275	0.254725	1.079165
24426	-2618.374	-2724.045	105.6713	1.345818	0.736012	0.263988	1.267087
24432	-2616.083	-2721.852	105.7692	1.278965	0.714543	0.285457	1.241348
24438	-2621.752	-2727.482	105.7304	1.353208	0.699722	0.300278	1.211395
24444	-2624.702	-2730.603	105.9013	1.164098	0.619759	0.380241	1.226866
24450	-2631.566	-2737.478	105.9113	1.219353	0.737084	0.262916	1.17087
24456	-2636.197	-2742.142	105.9453	1.238555	0.860006	0.139994	1.123656
24462	-2625.279	-2731.141	105.8619	1.234248	0.733013	0.266987	1.20072
24468	-2620.59	-2726.28	105.6896	1.255771	0.854759	0.145241	1.32556
24474	-2622.894	-2728.872	105.9777	1.239747	0.884402	0.115598	1.093133
24480	-2618.378	-2723.914	105.5359	1.237464	0.766692	0.233308	1.459753
24486	-2621.709	-2727.145	105.436	1.195764	0.76149	0.23851	1.565521
24492	-2627.921	-2733.767	105.8457	1.135518	0.717251	0.282749	1.296579
24498	-2625.253	-2731.066	105.8137	1.134015	0.773317	0.226683	1.323679
24504	-2641.282	-2747.242	105.9604	1.643484	0.748915	0.251085	0.5997527
24510	-2631.068	-2737.035	105.967	1.592009	0.690413	0.309587	0.6981168
24516	-2631.997	-2738.006	106.0095	1.582267	0.771937	0.228063	0.6318589
24522	-2628.167	-2734.15	105.9831	1.551474	0.788762	0.211238	0.7383694
24528	-2622.592	-2728.562	105.9697	1.509876	0.778633	0.221367	0.8155605
24534	-2628.228	-2734.119	105.8912	1.499645	0.692723	0.307277	0.9204752
24540	-2632.623	-2738.65	106.0276	1.314489	0.791445	0.208555	0.9721058
24546	-2631.26	-2737.314	106.0539	1.288214	0.760464	0.239536	0.9721058
24552	-2626.219	-2732.149	105.9304	1.311276	0.718271	0.281729	1.070606
24558	-2622.112	-2728.056	105.9436	1.380063	0.794587	0.205413	0.99087
24564	-2619.888	-2725.948	106.0597	1.302412	0.66569	0.33431	0.9513278
24570	-2625.669	-2731.472	105.8031	1.134893	0.733261	0.266739	1.331441
24576	-2629.318	-2735.143	105.825	1.112956	0.669039	0.330961	1.331441
24582	-2624.636	-2730.453	105.8172	1.090229	0.767615	0.232385	1.355753
24588	-2621.131	-2727.086	105.9544	1.259575	0.769253	0.230747	1.096263
24594	-2618.787	-2724.692	105.9049	1.19641	0.810193	0.189807	1.196256
24600	-2620.756	-2726.63	105.8736	1.4803	0.757346	0.242654	0.9599406
24606	-2620.992	-2727.001	106.0095	1.421205	0.818078	0.181922	0.8753873
24612	-2632.614	-2738.627	106.0125	1.376652	0.854245	0.145755	0.9223071
24618	-2637.388	-2743.163	105.7743	1.293111	0.756223	0.243777	1.225161
24624	-2636.251	-2742.014	105.7633	1.177491	0.767425	0.232575	1.329244
24630	-2638.009	-2743.903	105.8936	1.258829	0.639684	0.360316	1.15171
24636	-2631.421	-2737.22	105.7986	1.310548	0.642443	0.357557	1.189507
24642	-2628.885	-2734.343	105.4575	1.242428	0.753894	0.246106	1.515067
24648	-2628.418	-2734.413	105.9948	1.224221	0.703071	0.296929	1.091619
24654	-2633.25	-2739.179	105.9297	1.537816	0.771502	0.228498	0.8309806
24660	-2634.616	-2740.388	105.772	1.351998	0.748538	0.251462	1.176612
24666	-2631.607	-2737.507	105.9004	1.253548	0.758445	0.241555	1.150343
24672	-2624.112	-2729.898	105.7862	1.215236	0.778351	0.221649	1.279995
24678	-2624.388	-2730.143	105.7549	1.235738	0.716639	0.283361	1.288866
24684	-2624.134	-2729.941	105.8071	1.183508	0.82682	0.17318	1.288866
24690	-2634.228	-2739.876	105.6481	1.217795	0.700893	0.299107	1.388472
24696	-2623.815	-2729.434	105.6186	1.242776	0.777273	0.222727	1.391986
24702	-2625.731	-2731.702	105.971	1.173558	0.756108	0.243892	1.158684
24708	-2625.477	-2731.362	105.8851	1.308058	0.623972	0.376028	1.115315
24714	-2625	-2730.805	105.8049	1.394474	0.623972	0.376028	1.109652
24720	-2625.922	-2731.93	106.0084	1.447651	0.747262	0.252738	0.8452352
24726	-2625.96	-2731.955	105.9952	1.478533	0.712255	0.287745	0.8230991
24732	-2630.794	-2736.759	105.9647	1.497327	0.744622	0.255378	0.8378527
24738	-2628.474	-2734.44	105.9667	1.552828	0.793101	0.206899	0.7609962
24744	-2628.751	-2734.734	105.9828	1.536662	0.789246	0.210754	0.7609962
24750	-2637.737	-2743.786	106.049	1.394276	0.772996	0.227004	0.8606223
24756	-2636.637	-2742.639	106.0022	1.371936	0.836019	0.163981	0.938531
24762	-2632.787	-2738.705	105.9173	1.100207	0.821063	0.178937	1.266834
24768	-2625.436	-2731.184	105.7485	1.110996	0.824074	0.175926	1.393469
24774	-2622.736	-2728.547	105.8106	1.267376	0.809303	0.190697	1.216192
24780	-2620.197	-2725.785	105.5887	1.360759	0.822979	0.177021	1.322248
24786	-2618.638	-2724.466	105.8281	1.183893	0.797532	0.202468	1.27136
24792	-2621.238	-2726.924	105.6863	1.15752	0.758214	0.241786	1.405626
24798	-2618.765	-2724.663	105.8976	1.167204	0.758214	0.241786	1.22736
24804	-2625.759	-2731.54	105.7808	1.137575	0.779228	0.220772	1.34706
24810	-2621.315	-2726.931	105.6167	1.101253	0.821269	0.178731	1.501612
24816	-2619.035	-2724.569	105.5335	1.065817	0.732633	0.267367	1.589296
24822	-2621.162	-2726.694	105.5313	0.9626601	0.738282	0.261718	1.665323
24828	-2626.132	-2731.578	105.4459	1.08405	0.69751	0.30249	1.639556
24834	-2630.523	-2736.229	105.7066	1.237716	0.791848	0.208152	1.32639
24840	-2632.289	-2737.984	105.695	1.321535	0.741663	0.258337	1.267633
24846	-2627.821	-2733.598	105.7772	1.23927	0.747208	0.252792	1.267633
24852	-2621.559	-2727.446	105.8874	1.278293	0.781579	0.218421	1.139978
24858	-2623.359	-2729.243	105.8846	1.271071	0.760712	0.239288	1.148858
24864	-2623.6	-2729.035	105.434	1.099818	0.763834	0.236166	1.636731
24870	-2623.017	-2728.648	105.6309	1.141566	0.745612	0.254388	1.460461
24876	-2628.996	-2734.416	105.4197	1.09554	0.698527	0.301473	1.650102
24882	-2626.74	-2732.52	105.7794	1.107238	0.7939	0.2061	1.372204
24888	-2623.961	-2729.655	105.6939	1.210012	0.746403	0.253597	1.358547
24894	-2618.542	-2724.366	105.8234	1.156834	0.740038	0.259962	1.29733
24900	-2618.625	-2724.317	105.6918	1.078863	0.730682	0.269318	1.461816
24906	-2622.177	-2727.894	105.7174	1.223134	0.626331	0.373669	1.329433
24912	-2624.271	-2730.117	105.8458	1.172142	0.790743	0.209257	1.266422
24918	-2622.555	-2728.019	105.4637	1.265614	0.736719	0.263281	1.493053
24924	-2623.225	-2728.878	105.6526	1.176777	0.721654	0.278346	1.416811
24930	-2630.397	-2736.396	105.9994	1.240126	0.704309	0.295691	1.07258
24936	-2625.59	-2731.247	105.657	1.198875	0.783166	0.216834	1.396295
24942	-2628.451	-2734.255	105.8039	1.809446	0.770497	0.229503	0.5662804
24948	-2635.277	-2741.26	105.983	1.621715	0.698375	0.301625	0.5972434
24954	-2638.426	-2744.249	105.8225	1.178726	0.787371	0.212629	1.280175
24960	-2615.717	-2721.541	105.8243	1.201611	0.705872	0.294128	1.259855
24966	-2619.7	-2725.475	105.7757	1.284469	0.841223	0.158777	1.231248
24972	-2633.91	-2739.775	105.8651	1.425708	0.72583	0.27417	1.023494
24978	-2626.099	-2732.05	105.9511	1.257518	0.831691	0.168309	1.101212
24984	-2626.761	-2732.518	105.7569	1.209775	0.823516	0.176484	1.308338
24990	-2619.103	-2724.852	105.7492	1.172849	0.784087	0.215913	1.344166
24996	-2621.942	-2727.607	105.6647	1.172849	0.83824	0.16176	1.410484
25002	-2618.606	-2724.293	105.6877	1.093844	0.764598	0.235402	1.45356
25008	-2626.335	-2731.652	105.3171	1.135511	0.741208	0.258792	1.694798
25014	-2635.963	-2741.812	105.8488	1.564	0.779557	0.220443	0.8960211
25020	-2627.067	-2733.091	106.0231	1.459931	0.652035	0.347965	0.811166
25026	-2629.076	-2735.065	105.9887	1.512861	0.816557	0.183443	0.7863418
25032	-2638.748	-2744.781	106.033	1.455066	0.701016	0.298984	0.8044646
25038	-2625.821	-2731.872	106.0504	1.423716	0.830674	0.169326	0.8225962
25044	-2635.248	-2740.928	105.6799	1.306965	0.761395	0.238605	1.29199
25050	-2634.065	-2739.839	105.774	1.052454	0.732558	0.267442	1.419117
25056	-2625.812	-2731.687	105.8753	1.021533	0.75867	0.24133	1.364139
25062	-2622.94	-2728.364	105.4236	1.039127	0.729964	0.270036	1.6876
25068	-2625.505	-2730.966	105.4609	1.016013	0.689603	0.310397	1.677505
25074	-2617.014	-2722.433	105.418	1.150848	0.743028	0.256972	1.611426
25080	-2618.508	-2724.093	105.5845	1.030375	0.704997	0.295003	1.577926
25086	-2626.069	-2731.629	105.56	1.054921	0.672332	0.327668	1.577926
25092	-2627.307	-2732.55	105.2426	0.859443	0.672332	0.327668	1.936823
25098	-2631.346	-2736.579	105.2326	0.9823516	0.721105	0.278895	1.860133
25104	-2633.374	-2738.544	105.1699	1.007711	0.699663	0.300337	1.885625
25110	-2629.408	-2734.773	105.3659	1.029762	0.730194	0.269806	1.734986
25116	-2639.959	-2745.794	105.8347	1.206357	0.730194	0.269806	1.247282
25122	-2636.933	-2742.015	105.0818	0.9552408	0.739122	0.260878	1.98045
25128	-2624.418	-2729.531	105.1126	0.926525	0.725867	0.274133	1.979042
25134	-2631.416	-2736.642	105.2265	1.027025	0.776131	0.223869	1.83375
25140	-2624.934	-2730.176	105.2418	1.011645	0.753069	0.246931	1.83375
25146	-2624.268	-2729.494	105.2266	0.9863012	0.73941	0.26059	1.861555
25152	-2627.06	-2732.585	105.5253	1.084617	0.75944	0.24056	1.581524
25158	-2622.327	-2728.033	105.7064	1.219891	0.80047	0.19953	1.340797
25164	-2624.11	-2729.647	105.5369	1.171856	0.780185	0.219815	1.508472
25170	-2625.966	-2731.326	105.3602	1.150017	0.828543	0.171457	1.653743
25176	-2624.089	-2729.601	105.5117	1.128292	0.804438	0.195562	1.559488
25182	-2618.659	-2724.194	105.5346	1.042601	0.711467	0.288533	1.605386
25188	-2626.876	-2732.521	105.645	0.9970828	0.712128	0.287872	1.557964
25194	-2619.183	-2724.221	105.0374	0.873707	0.787958	0.212042	2.064092
25200	-2631.235	-2736.894	105.6589	1.097028	0.710488	0.289512	1.472965
25206	-2635.16	-2740.776	105.6156	1.064206	0.71701	0.28299	1.530039
25212	-2633.034	-2738.818	105.7847	1.386869	0.750446	0.249554	1.134706
25218	-2628.316	-2734.161	105.8444	1.206908	0.698903	0.301097	1.238689
25224	-2617.897	-2723.888	105.9905	1.295122	0.765172	0.234828	1.028614
25230	-2617.481	-2723.293	105.8121	1.291272	0.778624	0.221376	1.194502
25236	-2617.462	-2723.249	105.7867	1.243748	0.802202	0.197798	1.256064
25242	-2621.586	-2727.566	105.9808	1.267161	0.732716	0.267284	1.064686
25248	-2615.354	-2721.162	105.8078	1.291755	0.787721	0.212279	1.197762
25254	-2619.953	-2725.993	106.0401	1.355053	0.782158	0.217842	0.9156584
25260	-2622.07	-2728.046	105.9753	1.443803	0.729407	0.270593	0.8888715
25266	-2632.675	-2738.688	106.0135	1.363655	0.777748	0.222252	0.9353099
25272	-2633.523	-2739.377	105.8538	1.231938	0.777365	0.222635	1.209565
25278	-2622.047	-2727.953	105.9057	1.243038	0.777365	0.222635	1.154991
25284	-2627.516	-2733.253	105.7375	1.114068	0.724671	0.275329	1.399615
25290	-2632.473	-2738.136	105.6633	1.13182	0.777217	0.222783	1.443186
25296	-2633.956	-2739.873	105.917	1.125372	0.739075	0.260925	1.246165
25302	-2643.885	-2749.621	105.7359	1.326135	0.8042	0.1958	1.229659
25308	-2632.255	-2738.074	105.8187	1.20342	0.760328	0.239672	1.262959
25314	-2626.331	-2732.03	105.6989	1.323225	0.78899	0.21101	1.262959
25320	-2628.589	-2734.377	105.7885	1.277071	0.777657	0.222343	1.226651
25326	-2631.525	-2737.413	105.8875	1.240565	0.810889	0.189111	1.173072
25332	-2631.186	-2736.903	105.7169	1.33748	0.71953	0.28047	1.236121
25338	-2640.412	-2746.217	105.8043	1.527165	0.71953	0.28047	0.9829614
25344	-2629.617	-2735.53	105.9126	1.455454	0.746947	0.253053	0.945038
25350	-2629.761	-2735.727	105.9656	1.580582	0.727956	0.272044	0.7198927
25356	-2640.286	-2746.126	105.8396	1.755569	0.727956	0.272044	0.6236338
25362	-2629.096	-2734.45	105.354	2.117359	0.733263	0.266737	0.2736193
25368	-2625.279	-2730.957	105.6773	1.92839	0.787107	0.212893	0.4162918
25374	-2627.32	-2733.133	105.813	1.808313	0.75194	0.24806	0.4908058
25380	-2635.17	-2740.865	105.6959	1.909101	0.73019	0.26981	0.4145517
25386	-2626.338	-2732.033	105.6959	1.909101	0.796845	0.203155	0.4145517
25392	-2621.969	-2727.659	105.6906	1.906252	0.761321	0.238679	0.3971764
25398	-2624.354	-2730.068	105.7141	1.898466	0.76544	0.23456	0.4363631
25404	-2626.343	-2732.073	105.7303	1.882216	0.660331	0.339669	0.4358865
25410	-2622.07	-2727.762	105.6913	1.902491	0.79365	0.20635	0.391389
25416	-2622.876	-2728.607	105.7305	1.869067	0.767403	0.232597	0.4025405
25422	-2627.412	-2733.114	105.7024	1.897179	0.715207	0.284793	0.4026326
25428	-2620.914	-2726.598	105.6835	1.916169	0.745465	0.254535	0.4026326
25434	-2619.723	-2725.451	105.7286	1.885415	0.803594	0.196406	0.4414655
25440	-2621.974	-2727.823	105.8481	1.773145	0.830502	0.169498	0.4896384
25446	-2624.499	-2730.094	105.5954	2.007846	0.740846	0.259154	0.4105826
25452	-2627.252	-2733.008	105.7561	1.86093	0.796927	0.203073	0.4542621
25458	-2627.874	-2733.609	105.7349	1.877762	0.702421	0.297579	0.4365491
25464	-2622.085	-2727.877	105.7917	1.818003	0.686908	0.313092	0.4270303
25470	-2623.392	-2729.153	105.7618	1.845776	0.66258	0.33742	0.4211678
25476	-2619.147	-2724.857	105.7101	1.894278	0.759105	0.240895	0.4130873
25482	-2624.535	-2730.245	105.7101	1.877786	0.731381	0.268619	0.3814002
25488	-2623.041	-2728.85	105.8098	1.80311	0.849904	0.150096	0.4373044
25494	-2626.207	-2732.146	105.9385	1.682425	0.658434	0.341566	0.51736
25500	-2617.224	-2723.093	105.8694	1.751644	0.806713	0.193287	0.4861866
25506	-2620.396	-2726.275	105.8789	1.742154	0.806713	0.193287	0.5141987
25512	-2629.662	-2735.513	105.8507	1.769784	0.649812	0.350188	0.52294
25518	-2633.005	-2738.917	105.912	1.707688	0.824627	0.175373	0.5304245
25524	-2627.556	-2733.453	105.8967	1.711932	0.79298	0.20702	0.584468
25530	-2627.389	-2733.298	105.909	1.703732	0.809236	0.190764	0.5690422
25536	-2630.544	-2736.407	105.8634	1.755108	0.684486	0.315514	0.5393527
25542	-2630.445	-2736.408	105.9638	1.578472	0.79302	0.20698	0.726154
25548	-2630.593	-2736.579	105.9866	1.611652	0.787153	0.212847	0.6154909
25554	-2626.848	-2732.823	105.9749	1.593541	0.793545	0.206455	0.6809457
25560	-2624.366	-2730.118	105.7511	1.866737	0.754892	0.245108	0.4584791
25566	-2621.943	-2727.787	105.8448	1.77231	0.801439	0.198561	0.4549905
25572	-2626.83	-2732.519	105.6885	1.917818	0.801439	0.198561	0.4180362
25578	-2628.825	-2734.457	105.6316	1.974765	0.70462	0.29538	0.4180362
25584	-2623.405	-2729.107	105.7027	1.908883	0.740054	0.259946	0.433097
25590	-2619.118	-2724.776	105.6587	1.941801	0.751071	0.248929	0.4043927
25596	-2621.029	-2726.694	105.6653	1.931277	0.817066	0.182934	0.3966345
25602	-2622.058	-2727.704	105.6466	1.949981	0.671781	0.328219	0.3966345
25608	-2624.523	-2730.243	105.72	1.898002	0.775474	0.224526	0.4597404
25614	-2625.027	-2730.784	105.7567	1.848332	0.659724	0.340276	0.4147381
25620	-2619.498	-2725.251	105.7523	1.857531	0.722014	0.277986	0.4274728
25626	-2622.536	-2728.369	105.833	1.785527	0.722014	0.277986	0.4626979
25632	-2617.093	-2722.926	105.833	1.785497	0.769928	0.230072	0.4626979
25638	-2636.685	-2742.545	105.8593	1.761574	0.683442	0.316558	0.5178673
25644	-2623.066	-2728.875	105.8092	1.806883	0.815758	0.184242	0.4497031
25650	-2618.369	-2724.186	105.8166	1.797845	0.767293	0.232707	0.4431734
25656	-2625.136	-2730.971	105.8353	1.783656	0.729457	0.270543	0.5366332
25662	-2613.72	-2719.59	105.8692	1.748773	0.733226	0.266774	0.5431343
25668	-2622.552	-2728.4	105.8474	1.768581	0.733226	0.266774	0.5543256
25674	-2623.465	-2729.37	105.9041	1.713153	0.71359	0.28641	0.5475729
25680	-2630.019	-2735.862	105.8428	1.777822	0.738625	0.261375	0.5213273
25686	-2632.037	-2737.933	105.8959	1.688651	0.685148	0.314852	0.6483426
25692	-2620.014	-2725.989	105.9744	1.52649	0.722832	0.277168	0.7873321
25698	-2625.999	-2732.059	106.0592	1.389307	0.848864	0.151136	0.8543069
25704	-2627.94	-2733.844	105.9039	1.371805	0.857725	0.142275	1.03822
25710	-2628.707	-2734.582	105.8747	1.442205	0.757676	0.242324	0.9976797
25716	-2634.632	-2740.475	105.8423	1.289999	0.780509	0.219491	1.169431
25722	-2623.428	-2729.315	105.8871	1.353488	0.779953	0.220047	1.071627
25728	-2622.014	-2727.946	105.9311	1.366044	0.682744	0.317256	1.017316
25734	-2630.756	-2736.698	105.9421	1.390985	0.632196	0.367804	0.98132
25740	-2621.556	-2727.494	105.9373	1.444336	0.70471	0.29529	0.9304674
25746	-2620.409	-2726.123	105.7134	1.274266	0.816656	0.183344	1.291335
25752	-2630.74	-2736.643	105.9031	1.504703	0.860343	0.139657	0.9016431
25758	-2633.122	-2738.985	105.8632	1.45733	0.849624	0.150376	0.9940928
25764	-2636.821	-2742.763	105.9412	1.543647	0.830972	0.169028	0.8086958
25770	-2629.13	-2734.971	105.8406	1.429083	0.761057	0.238943	1.044034
25776	-2626.469	-2732.399	105.9306	1.434546	0.761057	0.238943	0.9480494
25782	-2627.682	-2733.613	105.9319	1.344401	0.65447	0.34553	1.037655
25788	-2629.289	-2735.037	105.7485	1.26223	0.61018	0.38982	1.272426
25794	-2629.036	-2734.817	105.7811	1.330961	0.657002	0.342998	1.186996
25800	-2620.808	-2726.477	105.669	1.28069	0.733493	0.266507	1.322044
25806	-2619.959	-2725.875	105.9163	1.274317	0.731856	0.268144	1.117574
25812	-2630.79	-2736.522	105.7322	1.336101	0.807703	0.192297	1.224343
25818	-2631.915	-2737.771	105.8565	1.366604	0.714145	0.285855	1.087899
25824	-2625.745	-2731.691	105.9458	1.239223	0.831703	0.168297	1.122624
25830	-2618.739	-2724.465	105.7264	1.431647	0.741103	0.258897	1.146797
25836	-2620.29	-2725.997	105.7073	1.158465	0.764438	0.235562	1.388579
25842	-2625.975	-2731.536	105.561	1.114799	0.714553	0.285447	1.533033
25848	-2626.693	-2732.024	105.3314	1.098534	0.762882	0.237118	1.71083
25854	-2634.077	-2739.209	105.1322	1.139195	0.710639	0.289361	1.8214
25860	-2635.023	-2740.69	105.6664	0.9870327	0.744228	0.255772	1.54959
25866	-2633.438	-2738.963	105.5249	1.101135	0.744228	0.255772	1.569732
25872	-2635.423	-2740.917	105.4942	1.255449	0.821262	0.178738	1.477755
25878	-2627.323	-2733.008	105.6855	1.26279	0.722585	0.277415	1.323184
25884	-2624.8	-2729.937	105.1363	1.126079	0.716729	0.283271	1.827616
25890	-2621.355	-2726.906	105.5511	1.100907	0.790135	0.209865	1.550661
25896	-2622.973	-2728.614	105.6404	1.123582	0.751036	0.248964	1.466906
25902	-2631.298	-2737.2	105.9015	1.240428	0.716883	0.283117	1.161006
25908	-2634.135	-2739.94	105.8052	1.468459	0.845696	0.154304	1.040186
25914	-2630.115	-2736.098	105.9824	1.630482	0.756583	0.243417	0.56824
25920	-2626.233	-2732.204	105.9705	1.583714	0.79747	0.20253	0.7064679
25926	-2619.341	-2725.329	105.9877	1.538403	0.711748	0.288252	0.7512065
25932	-2626.168	-2732.05	105.8828	1.38037	0.733878	0.266122	1.050276
25938	-2630.051	-2735.809	105.7586	1.313331	0.744556	0.255444	1.221267
25944	-2629.012	-2734.904	105.8922	1.179732	0.815779	0.184221	1.221267
25950	-2636.277	-2741.907	105.6307	1.081112	0.82041	0.17959	1.506181
25956	-2635.866	-2741.329	105.4625	1.182665	0.708536	0.291464	1.555651
25962	-2633.236	-2738.943	105.7064	1.144694	0.708536	0.291464	1.399996
25968	-2633.602	-2739.428	105.8262	1.296772	0.771606	0.228394	1.177538
25974	-2626.672	-2732.536	105.8634	1.259601	0.702108	0.297892	1.177538
25980	-2626.712	-2732.519	105.8066	1.271366	0.798386	0.201614	1.216158
25986	-2619.128	-2724.918	105.7894	1.175796	0.701728	0.298272	1.309531
25992	-2622.87	-2728.849	105.9794	1.255763	0.732685	0.267315	1.076682
25998	-2622.525	-2728.208	105.6831	1.086601	0.747911	0.252089	1.462567
26004	-2629.281	-2734.94	105.659	1.110697	0.751582	0.248418	1.462567
26010	-2628.33	-2733.847	105.5167	2.071126	0.709804	0.290196	0.3811829
26016	-2626.885	-2732.511	105.6254	1.97022	0.730459	0.269541	0.3946678
26022	-2622.682	-2728.349	105.6667	1.938688	0.774829	0.225171	0.4155706
26028	-2631.857	-2737.423	105.5655	1.996309	0.796908	0.203092	0.3465525
26034	-2639.852	-2745.832	105.9801	1.411963	0.723669	0.276331	0.9191142
26040	-2629.288	-2735.173	105.8848	1.507293	0.808017	0.191983	0.9191142
26046	-2620.315	-2726.227	105.9121	1.539218	0.75437	0.24563	0.8510009
26052	-2619.67	-2725.655	105.9855	1.465778	0.75437	0.24563	0.8510009
26058	-2621.006	-2726.968	105.9614	1.520758	0.734414	0.265586	0.8122771
26064	-2626.454	-2732.396	105.9418	1.540342	0.816176	0.183824	0.8122771
26070	-2622.639	-2728.632	105.9934	1.556188	0.725148	0.274852	0.7142178
26076	-2621.987	-2727.873	105.8861	1.731749	0.7906	0.2094	0.5437067
26082	-2630.234	-2736.166	105.9321	1.685755	0.802068	0.197932	0.5437067
26088	-2628.235	-2734.172	105.9371	1.670567	0.875094	0.124906	0.5879008
26094	-2629.586	-2735.469	105.8834	1.730801	0.852533	0.147467	0.5629339
26100	-2621.6	-2727.53	105.9299	1.684271	0.746062	0.253938	0.5629339
26106	-2626.258	-2732.201	105.9432	1.663949	0.696475	0.303525	0.5895077
26112	-2623.294	-2729.283	105.989	1.608995	0.8545	0.1455	0.6162174
26118	-2623.122	-2729.152	106.0304	1.55402	0.769349	0.230651	0.6487663
26124	-2622.524	-2728.481	105.9574	1.644295	0.70793	0.29207	0.6061182
26130	-2617.089	-2722.966	105.8769	1.722472	0.793528	0.206472	0.6127251
26136	-2623.096	-2728.986	105.8896	1.725796	0.712646	0.287354	0.557185
26142	-2618.044	-2724.05	106.0054	1.488278	0.810409	0.189591	0.7970406
26148	-2615.786	-2721.669	105.8828	1.732252	0.810765	0.189235	0.5586442
26154	-2620.958	-2726.945	105.987	1.614288	0.782283	0.217717	0.6073951
26160	-2624.339	-2730.256	105.9171	1.669123	0.822861	0.177139	0.6448333
26166	-2622.01	-2727.899	105.8889	1.663754	0.792794	0.207206	0.7090988
26172	-2636.35	-2742.369	106.0184	1.553134	0.64002	0.35998	0.6750363
26178	-2626.985	-2732.939	105.9539	1.631237	0.770378	0.229622	0.6472317
26184	-2628.246	-2734.195	105.9484	1.667951	0.814192	0.185808	0.5524596
26190	-2626.87	-2732.767	105.8969	1.717429	0.702209	0.297791	0.5620923
26196	-2633.171	-2739.083	105.9126	1.697067	0.808337	0.191663	0.5808119
26202	-2639.989	-2745.593	105.604	2.004668	0.753524	0.246476	0.4242359
26208	-2625.46	-2731.045	105.5853	2.015473	0.82002	0.17998	0.4049462
26214	-2635.384	-2740.942	105.5579	2.013481	0.743025	0.256975	0.3580373
26220	-2626.885	-2732.459	105.575	2.013481	0.743025	0.256975	0.3822412
26226	-2621.622	-2727.286	105.6632	1.945635	0.758694	0.241306	0.4247758
26232	-2621.104	-2726.913	105.809	1.811651	0.788331	0.211669	0.520327
26238	-2630	-2735.777	105.7775	1.840142	0.818547	0.181453	0.4574117
26244	-2631.9	-2737.592	105.6916	1.925145	0.834221	0.165779	0.4528027
26250	-2621.563	-2727.321	105.7584	1.858311	0.815809	0.184191	0.4528027
26256	-2617.919	-2723.686	105.7672	1.849495	0.755685	0.244315	0.4529062
26262	-2625.41	-2731.185	105.7748	1.84324	0.768874	0.231126	0.45972
26268	-2621.851	-2727.618	105.7669	1.85126	0.771826	0.228174	0.4603549
26274	-2621.735	-2727.578	105.8435	1.777249	0.698306	0.301694	0.5189791
26280	-2622.004	-2727.807	105.8023	1.817884	0.687296	0.312704	0.5252846
26286	-2616.526	-2722.293	105.7671	1.852585	0.739279	0.260721	0.4709347
26292	-2630.083	-2735.641	105.5574	1.98059	0.795532	0.204468	0.322559
26298	-2628.985	-2734.463	105.4787	2.075684	0.825413	0.174587	0.3385435
26304	-2629.549	-2735.373	105.8236	1.791686	0.773923	0.226077	0.5578689
26310	-2624.557	-2730.178	105.621	1.981753	0.81291	0.18709	0.4094681
26316	-2620.511	-2726.285	105.7738	1.847435	0.746744	0.253256	0.4887972
26322	-2628.784	-2734.55	105.7668	1.847435	0.857346	0.142654	0.4421198
26328	-2632.25	-2738.081	105.8302	1.7911	0.643827	0.356173	0.4902203
26334	-2633.339	-2738.916	105.5769	1.999115	0.734207	0.265793	0.364037
26340	-2635.241	-2740.876	105.6353	1.983016	0.76521	0.23479	0.4611705
26346	-2622.858	-2728.578	105.7197	1.88677	0.770201	0.229799	0.4182424
26352	-2620.119	-2725.896	105.7773	1.829727	0.755125	0.244875	0.419753
26358	-2618.602	-2724.409	105.8068	1.812551	0.726639	0.273361	0.4680481
26364	-2626.934	-2732.69	105.7558	1.863563	0.726587	0.273413	0.4680481
26370	-2627.128	-2732.975	105.8463	1.774963	0.749847	0.250153	0.5110036
26376	-2623.326	-2729.15	105.8238	1.797603	0.728593	0.271407	0.5031707
26382	-2626.055	-2732.02	105.9642	1.490135	0.81306	0.18694	0.8472814
26388	-2636.952	-2742.937	105.9851	1.410224	0.716672	0.283328	0.9155617
26394	-2622.783	-2728.543	105.7599	1.86154	0.778922	0.221078	0.494881
26400	-2620.702	-2726.395	105.692	1.910545	0.826177	0.173823	0.4090295
26406	-2622.878	-2728.571	105.6927	1.910545	0.81479	0.18521	0.4104563
26412	-2618.773	-2724.801	106.0283	1.541744	0.830495	0.169505	0.678007
26418	-2624.74	-2730.737	105.9973	1.471849	0.761023	0.238977	0.828918
26424	-2625.316	-2731.243	105.9269	1.41791	0.728205	0.271795	0.9693252
26430	-2624.743	-2730.577	105.8341	1.475568	0.705612	0.294388	1.004972
26436	-2623.016	-2728.98	105.9643	1.345313	0.705612	0.294388	1.004972
26442	-2627.006	-2732.974	105.9677	1.413793	0.737897	0.262103	0.9305878
26448	-2629.561	-2735.483	105.9222	1.331304	0.824932	0.175068	1.059407
26454	-2626.97	-2732.906	105.9364	1.340599	0.768425	0.231575	1.036949
26460	-2625.132	-2731.025	105.8923	1.439817	0.692441	0.307559	0.9823835
26466	-2625.93	-2731.953	106.0228	1.54329	0.738706	0.261294	0.6853704
26472	-2620.56	-2726.524	105.9635	1.643198	0.748813	0.251187	0.5909902
26478	-2627.626	-2733.525	105.8992	1.707499	0.678467	0.321533	0.5909902
26484	-2621.776	-2727.749	105.973	1.644951	0.678467	0.321533	0.5429542
26490	-2622.432	-2728.325	105.8927	1.723166	0.758093	0.241907	0.554605
26496	-2621.525	-2727.489	105.9637	1.628213	0.781102	0.218898	0.6314984
26502	-2620.353	-2726.262	105.909	1.712449	0.716358	0.283642	0.5006661
26508	-2614.996	-2720.965	105.9686	1.582596	0.772654	0.227346	0.7116149
26514	-2625.966	-2731.952	105.986	1.589575	0.658916	0.341084	0.6671762
26520	-2633.709	-2739.631	105.9216	1.627496	0.712415	0.287585	0.7150885
26526	-2634.183	-2740.058	105.8755	1.581017	0.711829	0.288171	0.8445575
26532	-2623.427	-2729.326	105.8985	1.257067	0.71699	0.28301	1.14897
26538	-2626.428	-2732.308	105.8802	1.275304	0.724408	0.275592	1.14897
26544	-2621.077	-2727.056	105.9795	1.414212	0.66268	0.33732	0.9172907
26550	-2631.617	-2737.572	105.9547	1.365977	0.735405	0.264595	0.9939123
26556	-2628.039	-2733.687	105.6481	1.382392	0.73847	0.26153	1.256044
26562	-2620.99	-2727.007	106.0167	1.553716	0.829698	0.170302	0.6771849
26568	-2625.655	-2731.607	105.9519	1.553878	0.645725	0.354275	0.7805954
26574	-2625.169	-2731.017	105.8486	1.537742	0.791402	0.208598	0.9253014
26580	-2620.206	-2726.106	105.9007	1.485672	0.674801	0.325199	0.9253014
26586	-2621.85	-2727.754	105.9035	1.457321	0.705195	0.294805	0.9526133
26592	-2622.433	-2728.449	106.0167	1.337573	0.706965	0.293035	0.9594832
26598	-2625.042	-2731.015	105.9729	1.605101	0.773791	0.226209	0.6621812
26604	-2632.091	-2737.962	105.8711	1.722191	0.69049	0.30951	0.6283779
26610	-2621.835	-2727.604	105.7685	1.833546	0.697917	0.302083	0.6052707
26616	-2617.184	-2723.152	105.9684	1.563526	0.789011	0.210989	0.7424834
26622	-2625.84	-2731.732	105.8923	1.58196	0.783976	0.216024	0.8224378
26628	-2618.981	-2724.951	105.9702	1.501433	0.67578	0.32422	0.825724
26634	-2622.731	-2728.645	105.914	1.576693	0.762952	0.237048	0.8010641
26640	-2622.095	-2728.068	105.9728	1.487121	0.762952	0.237048	0.840409
26646	-2621.689	-2727.688	105.9995	1.460408	0.667478	0.332522	0.840409
26652	-2616.267	-2721.986	105.7192	1.131926	0.804525	0.195475	1.399986
26658	-2621.585	-2727.176	105.5912	1.045403	0.719159	0.280841	1.561994
26664	-2632.738	-2738.339	105.6007	1.069403	0.751812	0.248188	1.537257
26670	-2621.194	-2726.951	105.7574	1.275699	0.792026	0.207974	1.253889
26676	-2626.218	-2731.878	105.6599	1.116725	0.69862	0.30138	1.457277
26682	-2628.379	-2734.108	105.7282	1.306494	0.656174	0.343826	1.252529
26688	-2625.106	-2731.121	106.0149	1.251792	0.786183	0.213817	1.04683
26694	-2624.007	-2729.765	105.7583	1.121789	0.667899	0.332101	1.37733
26700	-2621.814	-2727.698	105.8837	1.268879	0.708637	0.291363	1.151562
26706	-2619.707	-2725.725	106.0175	1.292979	0.764556	0.235444	1.004132
26712	-2622.486	-2728.397	105.9108	1.399658	0.740598	0.259402	1.004132
26718	-2618.642	-2724.591	105.9482	1.4036	0.743497	0.256503	0.9620536
26724	-2621.363	-2727.321	105.9583	1.418892	0.768437	0.231563	0.9351889
26730	-2620.741	-2726.658	105.9177	1.582958	0.787589	0.212411	0.7876306
26736	-2633.891	-2739.796	105.9049	1.657093	0.769952	0.230048	0.6927644
26742	-2629.834	-2735.375	105.5405	1.001743	0.693803	0.306197	1.630695
26748	-2630.972	-2736.429	105.4571	1.041966	0.692595	0.307405	1.661725
26754	-2628.059	-2733.959	105.8997	1.073457	0.811262	0.188738	1.303091
26760	-2620.753	-2726.195	105.4414	1.13606	0.811262	0.188738	1.605203
26766	-2625.177	-2730.723	105.5467	1.127281	0.851564	0.148436	1.534347
26772	-2633.926	-2739.723	105.7972	1.112454	0.813383	0.186617	1.354001
26778	-2625.704	-2731.433	105.7289	1.180781	0.814672	0.185328	1.354001
26784	-2619.799	-2725.317	105.5184	1.126041	0.789695	0.210305	1.556188
26790	-2619.926	-2725.309	105.3824	1.095932	0.748882	0.251118	1.67649
26796	-2614.756	-2720.375	105.6183	1.1003	0.812683	0.187317	1.501149
26802	-2632.097	-2737.673	105.5765	1.106648	0.811982	0.188018	1.527597
26808	-2630.482	-2736.198	105.716	1.300023	0.779687	0.220313	1.268039
26814	-2620.35	-2726.24	105.8901	1.196031	0.705969	0.294031	1.209227
26820	-2624.846	-2730.718	105.8721	1.245053	0.796683	0.203317	1.182612
26826	-2626.433	-2732.46	106.0272	1.14521	0.81226	0.18774	1.13397
26832	-2626.279	-2732.1	105.8218	1.166056	0.633647	0.366353	1.291185
26838	-2627.143	-2733.009	105.8665	1.153135	0.633647	0.366353	1.265068
26844	-2621.226	-2726.972	105.7461	1.154331	0.738381	0.261619	1.36132
26850	-2628.738	-2734.547	105.809	1.257517	0.76457	0.23543	1.225901
26856	-2620.528	-2726.579	106.0505	1.284145	0.719619	0.280381	0.9797173
26862	-2625.394	-2731.516	106.122	1.208023	0.675434	0.324566	0.9844383
26868	-2628.156	-2734.234	106.078	1.25203	0.804427	0.195573	0.9844383
26874	-2622.59	-2728.535	105.9449	1.155605	0.737523	0.262477	1.196974
26880	-2622.144	-2727.972	105.8276	1.111336	0.735649	0.264351	1.330704
26886	-2625.848	-2731.794	105.9459	1.213554	0.80193	0.19807	1.145466
26892	-2638.039	-2744.037	105.9981	1.372219	0.667904	0.332096	0.9426303
26898	-2626.413	-2732.359	105.946	1.210324	0.636312	0.363688	1.148292
26904	-2635.74	-2741.401	105.6612	1.175071	0.780839	0.219161	1.411524
26910	-2635.706	-2741.228	105.522	1.314194	0.742	0.258	1.411524
26916	-2629.751	-2735.544	105.7929	1.376852	0.728517	0.271483	1.136345
26922	-2625.431	-2731.387	105.9561	1.294345	0.639291	0.360709	1.062327
26928	-2622.555	-2728.51	105.9555	1.403053	0.831228	0.168772	0.9550298
26934	-2624.581	-2730.392	105.8115	1.238501	0.759119	0.240881	1.239773
26940	-2623.983	-2729.899	105.9157	1.317571	0.754323	0.245677	1.078463
26946	-2636.161	-2741.826	105.6651	1.138209	0.84306	0.15694	1.436865
26952	-2629.521	-2735.129	105.6082	1.239025	0.831849	0.168151	1.402983
26958	-2629.229	-2735.034	105.8051	1.438686	0.73431	0.26569	1.068562
26964	-2632.95	-2738.671	105.7216	1.297796	0.748035	0.251965	1.265278
26970	-2631.07	-2736.944	105.8743	1.137343	0.784983	0.215017	1.271617
26976	-2628.87	-2734.646	105.7765	1.334189	0.759404	0.240596	1.18814
26982	-2627.508	-2733.348	105.8396	1.17991	0.793356	0.206644	1.265164
26988	-2624.563	-2730.268	105.7056	1.129539	0.756334	0.243666	1.412412
26994	-2629.431	-2734.985	105.554	1.220763	0.672432	0.327568	1.45872
27000	-2620.476	-2726.07	105.594	1.220942	0.761142	0.238858	1.427992
27006	-2626.19	-2731.843	105.6531	1.107074	0.791737	0.208263	1.46981
27012	-2621.743	-2727.477	105.7341	1.081451	0.791737	0.208263	1.42753
27018	-2633.085	-2738.791	105.7062	1.106455	0.697544	0.302456	1.429753
27024	-2631.939	-2737.796	105.8567	1.149907	0.742868	0.257132	1.275793
27030	-2631.393	-2736.86	105.4671	2.063191	0.738614	0.261386	0.3157451
27036	-2627.891	-2733.496	105.6046	1.985184	0.79704	0.20296	0.3845278
27042	-2629.202	-2734.928	105.7261	1.885922	0.758242	0.241758	0.4343098
27048	-2624.604	-2730.339	105.7347	1.885922	0.676778	0.323222	0.4800875
27054	-2627.536	-2733.347	105.8107	1.810742	0.715491	0.284509	0.5057679
27060	-2634.429	-2740.299	105.8705	1.750157	0.714568	0.285432	0.5209509
27066	-2632.742	-2738.641	105.8995	1.719366	0.796612	0.203388	0.5373159
27072	-2638.212	-2744.126	105.9144	1.704422	0.772468	0.227532	0.5373159
27078	-2636.418	-2742.283	105.8646	1.745512	0.801575	0.198425	0.5792612
27084	-2627.913	-2733.841	105.9285	1.68744	0.708301	0.291699	0.5545287
27090	-2629.268	-2734.452	105.1843	0.9441378	0.751693	0.248307	1.919008
27096	-2624.745	-2729.84	105.0953	1.010264	0.804575	0.195425	1.93443
27102	-2627.693	-2733.586	105.8927	1.694789	0.806807	0.193193	0.641905
27108	-2637.104	-2743.002	105.898	1.670416	0.751215	0.248785	0.6810464
27114	-2637.526	-2743.379	105.8532	1.705424	0.676754	0.323246	0.6988883
27120	-2629.537	-2734.897	105.36	1.099073	0.870925	0.129075	1.690223
27126	-2619.65	-2725.306	105.6561	1.041466	0.769466	0.230534	1.516864
27132	-2619.37	-2725.192	105.8229	1.299395	0.695095	0.304905	1.178125
27138	-2628.117	-2734.045	105.9282	1.445082	0.632733	0.367267	0.9394463
27144	-2620.236	-2726.245	106.0095	1.47239	0.791193	0.208807	0.8125652
27150	-2624.536	-2730.504	105.9676	1.591586	0.764385	0.235615	0.6978385
27156	-2617.525	-2723.537	106.0114	1.547809	0.769859	0.230141	0.6978385
27162	-2614.012	-2719.911	105.899	1.709621	0.723321	0.276679	0.5844917
27168	-2618.737	-2724.624	105.8876	1.695464	0.787395	0.212605	0.6516951
27174	-2616.992	-2722.956	105.9643	1.577111	0.710742	0.289258	0.7276052
27180	-2619.925	-2725.864	105.9394	1.617311	0.747111	0.252889	0.7020643
27186	-2622.051	-2727.954	105.9031	1.542924	0.723886	0.276114	0.8573086
27192	-2623.694	-2729.634	105.9394	1.522216	0.782952	0.217048	0.8383121
27198	-2622.522	-2728.407	105.8848	1.511028	0.784731	0.215269	0.9149741
27204	-2623.014	-2728.936	105.9214	1.354006	0.774234	0.225766	1.038538
27210	-2633.554	-2739.243	105.6885	1.322006	0.769219	0.230781	1.272544
27216	-2641.945	-2747.454	105.5093	1.195745	0.685685	0.314315	1.511259
27222	-2635.038	-2740.747	105.7088	1.160483	0.685685	0.314315	1.385777
27228	-2633.076	-2738.784	105.7079	1.104545	0.835893	0.164107	1.429887
27234	-2626.255	-2731.895	105.6396	1.117349	0.811916	0.188084	1.472247
27240	-2626.07	-2731.57	105.5005	1.153616	0.83035	0.16965	1.549084
27246	-2619.254	-2725.024	105.7705	1.167396	0.808908	0.191092	1.3315
27252	-2616.825	-2722.371	105.5467	1.021441	0.833519	0.166481	1.611948
27258	-2625.429	-2730.462	105.0331	1.105818	0.651686	0.348314	1.911879
27264	-2618.58	-2723.819	105.2384	1.086433	0.765438	0.234562	1.784445
27270	-2621.886	-2727.388	105.5027	1.117419	0.799098	0.200902	1.574061
27276	-2622.853	-2728.452	105.5999	1.131881	0.811416	0.188584	1.491241
27282	-2629.474	-2735.109	105.6351	1.18977	0.774998	0.225002	1.420313
27288	-2622.264	-2727.884	105.6198	1.069466	0.774998	0.225002	1.523011
27294	-2615.599	-2721.333	105.7342	1.235835	0.769391	0.230609	1.305647
27300	-2615.587	-2721.583	105.9958	1.240178	0.806155	0.193845	1.07592
27306	-2618.266	-2724.288	106.0219	1.47261	0.784334	0.215666	0.7959766
27312	-2619.533	-2725.491	105.9581	1.549043	0.784334	0.215666	0.7785688
27318	-2624.642	-2730.573	105.931	1.586815	0.717976	0.282024	0.7633842
27324	-2631.445	-2737.393	105.948	1.658865	0.72237	0.27763	0.5902588
27330	-2628.543	-2734.477	105.9337	1.678591	0.742673	0.257327	0.5707201
27336	-2629.811	-2735.669	105.8589	1.76178	0.777479	0.222521	0.5202162
27342	-2624.876	-2730.787	105.9118	1.61751	0.775799	0.224201	0.7464832
27348	-2617.501	-2723.494	105.9936	1.501267	0.718873	0.281127	0.7955174
27354	-2621.335	-2727.118	105.783	1.116243	0.745041	0.254959	1.362292
27360	-2626.737	-2732.396	105.6597	1.090712	0.737513	0.262487	1.4772
27366	-2629.312	-2735.133	105.8208	1.339502	0.748736	0.251264	1.144725
27372	-2621.388	-2727.291	105.9027	1.490395	0.785912	0.214088	0.9179966
27378	-2624.894	-2730.878	105.9846	1.520316	0.782271	0.217729	0.7816832
27384	-2625.732	-2731.733	106.0001	1.504809	0.722974	0.277026	0.7816832
27390	-2622.156	-2728.025	105.8692	1.388254	0.733559	0.266441	1.05569
27396	-2616.211	-2722.083	105.872	1.385385	0.726356	0.273644	1.05569
27402	-2615.37	-2721.256	105.8854	1.290943	0.801859	0.198141	1.130447
27408	-2614.162	-2720.075	105.9138	1.275003	0.798829	0.201171	1.119263
27414	-2621.898	-2727.63	105.7319	1.275799	0.786828	0.213172	1.274913
27420	-2631.482	-2737.392	105.9102	1.653435	0.712268	0.287732	0.6898081
27426	-2628.836	-2734.728	105.8924	1.712044	0.748583	0.251417	0.5979111
27432	-2626.789	-2732.589	105.7999	1.820275	0.742128	0.257872	0.4752777
27438	-2622.686	-2728.486	105.8005	1.820275	0.741077	0.258923	0.4818472
27444	-2622.143	-2728.031	105.888	1.719705	0.73822	0.26178	0.5877725
27450	-2620.649	-2726.592	105.9424	1.676657	0.804244	0.195756	0.5356073
27456	-2624.245	-2730.076	105.8311	1.787952	0.83722	0.16278	0.5356073
27462	-2616.055	-2721.855	105.8002	1.817935	0.701509	0.298491	0.4604885
27468	-2623.042	-2728.932	105.8906	1.730658	0.699821	0.300179	0.5097047
27474	-2633.38	-2739.24	105.8591	1.759816	0.807514	0.192486	0.5362621
27480	-2634.427	-2740.309	105.882	1.738559	0.831758	0.168242	0.5219008
27486	-2635.251	-2741.179	105.9283	1.607435	0.724795	0.275205	0.7365135
27492	-2631.9	-2737.999	106.0996	1.511365	0.758067	0.241933	0.5759162
27498	-2622.977	-2728.863	105.8857	1.728677	0.782057	0.217943	0.5620382
27504	-2621.097	-2726.925	105.8273	1.789524	0.779324	0.220676	0.4532134
27510	-2621.59	-2727.409	105.8192	1.799924	0.740308	0.259692	0.5353769
27516	-2620.765	-2726.241	105.4761	2.059649	0.740308	0.259692	0.3204665
27522	-2618.278	-2723.792	105.5134	2.035275	0.737001	0.262999	0.3327109
27528	-2632.971	-2738.605	105.6332	1.965181	0.714	0.286	0.4000914
27534	-2636.818	-2742.54	105.7221	1.879757	0.773317	0.226683	0.4073207
27540	-2639.632	-2745.547	105.9142	1.703454	0.780675	0.219325	0.5448005
27546	-2639.778	-2745.718	105.9393	1.663303	0.780675	0.219325	0.6034829
27552	-2635.594	-2741.596	106.0014	1.578757	0.794974	0.205026	0.6578818
27558	-2626.092	-2732.108	106.0166	1.503699	0.841425	0.158575	0.7597815
27564	-2621.287	-2727.228	105.9416	1.578746	0.731525	0.268475	0.7597815
27570	-2623.077	-2729.076	105.9991	1.518208	0.693877	0.306123	0.7642312
27576	-2621.086	-2727.036	105.9503	1.520594	0.863844	0.136156	0.8267638
27582	-2629.104	-2734.982	105.878	1.624835	0.732839	0.267161	0.7845906
27588	-2630.101	-2735.942	105.8409	1.570638	0.830563	0.169437	0.8974402
27594	-2626.384	-2732.276	105.8917	1.572004	0.803064	0.196936	0.8356974
27600	-2629.638	-2735.522	105.8837	1.55546	0.833188	0.166812	0.8654579
27606	-2626.537	-2732.55	106.0128	1.360661	0.744072	0.255928	0.9392463
27612	-2628.528	-2734.469	105.9412	1.432243	0.672293	0.327707	0.9392463
27618	-2628.279	-2734.183	105.9039	1.344018	0.803683	0.196317	1.064714
27624	-2629.702	-2735.358	105.6554	1.222811	0.791225	0.208775	1.378797
27630	-2623.526	-2729.457	105.9311	1.322046	0.715749	0.284251	1.059765
27636	-2620.527	-2726.547	106.0197	1.342764	0.719022	0.280978	0.9509092
27642	-2629.831	-2735.645	105.8148	1.314142	0.765506	0.234494	1.172303
27648	-2631.249	-2737.128	105.8789	1.309245	0.653266	0.346734	1.119818
27654	-2619.036	-2725.019	105.9826	1.405357	0.788645	0.211355	0.923596
27660	-2617.972	-2723.96	105.9885	1.399404	0.702148	0.297852	0.923596
27666	-2625.604	-2731.533	105.9296	1.488526	0.702148	0.297852	0.8898977
27672	-2624.364	-2730.287	105.923	1.423844	0.719797	0.280203	0.967196
27678	-2632.789	-2738.712	105.9232	1.480625	0.71708	0.28292	0.9060859
27684	-2644.069	-2749.894	105.8251	1.031681	0.753323	0.246677	1.395563
27690	-2636.747	-2742.461	105.7133	1.084056	0.813232	0.186768	1.441474
27696	-2631.516	-2737.286	105.7699	1.09963	0.84039	0.15961	1.385624
27702	-2627.031	-2732.988	105.9578	1.230666	0.767119	0.232881	1.11955
27708	-2625.014	-2730.935	105.9212	1.287236	0.725337	0.274663	1.101404
27714	-2625.558	-2731.293	105.7349	1.168874	0.747301	0.252699	1.35864
27720	-2629.966	-2735.773	105.8064	1.24389	0.747301	0.252699	1.239495
27726	-2625.457	-2730.766	105.3086	1.119308	0.771249	0.228751	1.712229
27732	-2617.009	-2722.726	105.717	1.108679	0.811473	0.188527	1.419672
27738	-2624.652	-2730.243	105.5914	1.170581	0.788829	0.211171	1.468413
27744	-2625.23	-2730.855	105.6251	1.136862	0.722185	0.277815	1.468413
27750	-2625.66	-2731.412	105.7525	1.178884	0.735027	0.264973	1.336718
27756	-2633.319	-2738.85	105.5316	1.136769	0.723911	0.276089	1.538572
27762	-2621.838	-2727.484	105.6458	1.107147	0.751535	0.248465	1.47524
27768	-2626.058	-2731.668	105.61	1.122353	0.798343	0.201657	1.490808
27774	-2628.077	-2733.397	105.3199	1.053762	0.740607	0.259393	1.750414
27780	-2620.613	-2726.606	105.9929	1.167581	0.738398	0.261602	1.14457
27786	-2618.182	-2724.153	105.971	1.427582	0.652742	0.347258	0.911946
27792	-2624.291	-2730.227	105.9364	1.615562	0.718813	0.281187	0.710249
27798	-2627.12	-2733.042	105.9219	1.560929	0.922221	0.0777788	0.8113571
27804	-2615.95	-2721.949	105.9992	1.44706	0.738815	0.261185	0.8570741
27810	-2620.754	-2726.731	105.9763	1.311251	0.721793	0.278207	1.026704
27816	-2621.799	-2727.764	105.9654	1.411274	0.708372	0.291628	0.9357439
27822	-2616.717	-2722.591	105.8735	1.618356	0.774514	0.225486	0.7995306
27828	-2620.373	-2726.207	105.8344	1.693287	0.811552	0.188448	0.7487973
27834	-2632.106	-2738.034	105.9282	1.632978	0.802303	0.197697	0.6943189
27840	-2623.263	-2729.313	106.0497	1.483117	0.714863	0.285137	0.741141
27846	-2619.726	-2725.708	105.9816	1.592545	0.806931	0.193069	0.6699519
27852	-2618.26	-2724.222	105.9622	1.609179	0.727509	0.272491	0.6754472
27858	-2622.972	-2728.975	106.0035	1.567889	0.727509	0.272491	0.6754472
27864	-2621.151	-2727.082	105.9312	1.594565	0.678877	0.321123	0.7517911
27870	-2616.475	-2722.437	105.9621	1.37531	0.778343	0.221657	0.9768991
27876	-2616.379	-2722.29	105.9112	1.381556	0.79038	0.20962	1.021642
27882	-2616.305	-2722.006	105.7014	1.247026	0.770806	0.229194	1.323057
27888	-2620.617	-2726.502	105.8852	1.332113	0.807675	0.192325	1.093198
27894	-2629.64	-2735.635	105.995	1.462617	0.705843	0.294157	0.8432569
27900	-2624.355	-2730.367	106.0126	1.471221	0.814234	0.185766	0.8101483
27906	-2615.523	-2721.492	105.9692	1.546554	0.62867	0.37133	0.7663837
27912	-2626.474	-2732.442	105.9684	1.525175	0.740259	0.259741	0.797185
27918	-2626.929	-2732.93	106.0008	1.388959	0.781256	0.218744	0.9215819
27924	-2624.906	-2730.789	105.8833	1.598486	0.823437	0.176563	0.8128051
27930	-2625.778	-2731.722	105.944	1.587291	0.677598	0.322402	0.7434216
27936	-2623.726	-2729.676	105.9492	1.577567	0.754174	0.245826	0.7502116
27942	-2619.143	-2725.112	105.9685	1.42017	0.758864	0.241136	0.9227946
27948	-2621.536	-2727.465	105.9285	1.285818	0.758864	0.241136	1.095944
27954	-2618.027	-2723.858	105.8305	1.38381	0.758864	0.241136	1.095944
27960	-2613.936	-2719.864	105.9276	1.373878	0.795393	0.204607	1.013059
27966	-2620.021	-2725.951	105.9302	1.489005	0.722311	0.277689	0.8887245
27972	-2625.271	-2731.018	105.7474	1.29062	0.667678	0.332322	1.249809
27978	-2626.413	-2732.378	105.9654	1.393671	0.707152	0.292848	0.9545224
27984	-2624.308	-2730.246	105.9385	1.479068	0.755807	0.244193	0.8906016
27990	-2625.117	-2731.168	106.0505	1.492089	0.837187	0.162813	0.7256755
27996	-2624.203	-2730.178	105.9748	1.494514	0.740757	0.259243	0.8287451
28002	-2623.67	-2729.66	105.9901	1.521108	0.764135	0.235865	0.7729028
28008	-2627.804	-2733.789	105.9854	1.51576	0.761256	0.238744	0.7868385
28014	-2626.211	-2732.202	105.9913	1.516423	0.730398	0.269602	0.7778079
28020	-2625.153	-2731.168	106.0145	1.565833	0.761738	0.238262	0.6573564
28026	-2627.507	-2733.412	105.9047	1.663091	0.680682	0.319318	0.6821491
28032	-2626.397	-2732.428	106.0315	1.536216	0.701535	0.298465	0.6823283
28038	-2627.865	-2733.833	105.9677	1.599973	0.701535	0.298465	0.6823283
28044	-2625.618	-2731.507	105.8894	1.678305	0.770383	0.229617	0.6823283
28050	-2621.622	-2727.625	106.0023	1.565462	0.621721	0.378279	0.6823283
28056	-2622.139	-2728.192	106.053	1.462723	0.621721	0.378279	0.7664872
28062	-2624.885	-2730.826	105.9414	1.638838	0.670221	0.329779	0.6576978
28068	-2622.369	-2728.278	105.9092	1.671029	0.666608	0.333392	0.6576978
28074	-2623.311	-2729.282	105.9712	1.619788	0.83439	0.16561	0.6338306
28080	-2625.598	-2731.229	105.6311	1.975294	0.793741	0.206259	0.418043
28086	-2627.036	-2732.418	105.3821	2.174579	0.794027	0.205973	0.3409408
28092	-2632.913	-2738.872	105.9596	1.560854	0.824375	0.175625	0.7596475
28098	-2635.553	-2741.438	105.8857	1.634659	0.732341	0.267659	0.7596912
28104	-2626.695	-2732.444	105.7491	1.864781	0.754565	0.245435	0.4409463
28110	-2616.121	-2721.631	105.5105	2.041201	0.76216	0.23784	0.3357168
28116	-2624.478	-2730.089	105.6117	2.002552	0.684876	0.315124	0.4421431
28122	-2631.114	-2737.138	106.0246	1.588926	0.733661	0.266339	0.5659034
28128	-2628.697	-2734.718	106.021	1.532997	0.775261	0.224739	0.7068596
28134	-2621.164	-2727.153	105.9893	1.538405	0.752863	0.247137	0.7488093
28140	-2625.926	-2731.866	105.9394	1.60781	0.676021	0.323979	0.7181621
28146	-2631.93	-2737.951	106.0213	1.502867	0.86767	0.13233	0.7540942
28152	-2632.23	-2738.371	106.1408	1.383378	0.762418	0.237582	0.7540942
28158	-2627.808	-2733.725	105.9175	1.666422	0.749659	0.250341	0.6498843
28164	-2619.759	-2725.854	106.0953	1.45891	0.759931	0.240069	0.7064316
28170	-2623.765	-2729.682	105.9172	1.419103	0.764397	0.235603	0.9780739
28176	-2629.997	-2735.997	106.0005	1.484702	0.760318	0.239682	0.8083331
28182	-2620.383	-2726.271	105.8884	1.724924	0.82901	0.17099	0.5667306
28188	-2625.438	-2731.282	105.8445	1.776651	0.821934	0.178066	0.5123903
28194	-2620.148	-2725.465	105.3163	1.127618	0.742001	0.257999	1.70091
28200	-2628.726	-2734.175	105.4485	1.277035	0.742001	0.257999	1.495915
28206	-2621.127	-2726.807	105.6795	1.24758	0.797365	0.202635	1.340192
28212	-2620.225	-2725.993	105.7676	1.226686	0.807398	0.192602	1.28587
28218	-2616.89	-2722.628	105.7375	1.253208	0.795947	0.204053	1.28883
28224	-2623.4	-2729.296	105.8965	1.12927	0.806712	0.193288	1.259989
28230	-2629.473	-2735.139	105.6664	1.207178	0.813144	0.186856	1.382465
28236	-2630.663	-2736.006	105.3431	1.033267	0.849859	0.150141	1.748508
28242	-2623.756	-2729.562	105.8051	1.151673	0.814934	0.185066	1.316326
28248	-2635.572	-2741.461	105.8885	1.26793	0.887643	0.112357	1.148173
28254	-2639.623	-2745.416	105.7928	1.192859	0.733919	0.266081	1.292905
28260	-2638.152	-2743.912	105.7597	1.225952	0.690154	0.309846	1.292905
28266	-2632.574	-2738.357	105.7836	1.356505	0.816474	0.183526	1.162597
28272	-2632.047	-2738.002	105.9548	1.40019	0.8082	0.1918	0.9587063
28278	-2631.059	-2736.999	105.9404	1.341571	0.757764	0.242236	1.032169
28284	-2632.486	-2738.517	106.0305	1.390063	0.770226	0.229774	0.8871171
28290	-2627.055	-2732.998	105.943	1.28522	0.758852	0.241148	1.083166
28296	-2630.133	-2736.035	105.9017	1.256029	0.750451	0.249549	1.147039
28302	-2627.996	-2733.943	105.9463	1.211379	0.763899	0.236101	1.147039
28308	-2616.801	-2722.694	105.8928	1.336824	0.742394	0.257606	1.081806
28314	-2616.214	-2722.193	105.979	1.328413	0.742394	0.257606	1.007139
28320	-2635.336	-2741.112	105.7762	1.764284	0.747342	0.252658	0.7291212
28326	-2614.689	-2720.604	105.9146	1.447612	0.749112	0.250888	0.9511874
28332	-2626.954	-2732.742	105.7883	1.455704	0.749112	0.250888	1.068405
28338	-2623.216	-2729.159	105.9433	1.394182	0.77814	0.22186	0.9768287
28344	-2627.478	-2733.423	105.9446	1.331654	0.735857	0.264143	1.037669
28350	-2632.751	-2738.695	105.9442	1.472094	0.713991	0.286009	0.8920769
28356	-2631.98	-2737.872	105.8913	1.309197	0.713991	0.286009	1.108624
28362	-2620.663	-2726.591	105.9283	1.272235	0.703667	0.296333	1.108624
28368	-2625.172	-2731.102	105.9298	1.179303	0.72098	0.27902	1.189546
28374	-2628.031	-2733.943	105.9113	1.197789	0.656157	0.343843	1.189546
28380	-2632.39	-2737.951	105.5609	1.143176	0.772358	0.227642	1.511984
28386	-2636.47	-2741.61	105.1401	0.942981	0.797737	0.202263	1.94955
28392	-2642.069	-2747.148	105.0785	0.9957359	0.691201	0.308799	1.95549
28398	-2629.469	-2734.731	105.2627	0.845256	0.75144	0.24856	1.932809
28404	-2629.958	-2735.174	105.2155	0.9044336	0.593562	0.406438	1.924723
28410	-2625.301	-2730.714	105.4132	0.9743358	0.661103	0.338897	1.740662
28416	-2636.261	-2741.626	105.3649	1.022624	0.742214	0.257786	1.740662
28422	-2629.764	-2735.068	105.3036	1.06423	0.785629	0.214371	1.754508
28428	-2628.883	-2734.498	105.6143	1.123323	0.742846	0.257154	1.486821
28434	-2627.686	-2733.314	105.6283	1.207879	0.742846	0.257154	1.41156
28440	-2627.266	-2733.268	106.0025	1.34079	0.791092	0.208908	0.9709297
28446	-2625.653	-2731.609	105.9557	1.54386	0.792786	0.207214	0.7891066
28452	-2631.586	-2737.53	105.9444	1.555145	0.644837	0.355163	0.7891066
28458	-2631.475	-2737.437	105.9622	1.640869	0.644241	0.355759	0.6022707
28464	-2634.275	-2740.14	105.8648	1.704467	0.700919	0.299081	0.6793961
28470	-2638.624	-2744.529	105.9055	1.550854	0.790491	0.209509	0.8448458
28476	-2644.029	-2750.104	106.0743	1.382075	0.721236	0.278764	0.8448458
28482	-2634.61	-2740.389	105.7788	1.253737	0.779036	0.220964	1.25435
28488	-2637.736	-2743.53	105.7937	1.318317	0.796432	0.203568	1.187068
28494	-2637.39	-2743.162	105.7721	1.291167	0.742071	0.257929	1.228641
28500	-2637.149	-2743.123	105.9743	1.416761	0.711421	0.288579	0.9201659
28506	-2635.767	-2741.625	105.8579	1.357549	0.639236	0.360764	1.094945
28512	-2629.115	-2735.105	105.9901	1.217137	0.810283	0.189717	1.102483
28518	-2629.828	-2735.626	105.7985	1.281746	0.806771	0.193229	1.214246
28524	-2629.93	-2735.826	105.8959	1.701013	0.640926	0.359074	0.61923
28530	-2624.348	-2730.392	106.0439	1.438536	0.586871	0.413129	0.8118744
28536	-2626.242	-2732.271	106.0289	1.499495	0.586871	0.413129	0.7477444
28542	-2621.25	-2727.275	106.025	1.375846	0.841043	0.158957	0.9094132
28548	-2618.633	-2724.659	106.0265	1.511862	0.755854	0.244146	0.7324863
28554	-2620.22	-2726.125	105.9043	1.533528	0.795219	0.204781	0.8671259
28560	-2620.233	-2726.229	105.9963	1.614006	0.787171	0.212829	0.5786178
28566	-2615.81	-2721.665	105.855	1.745382	0.710278	0.289722	0.6099674
28572	-2621.701	-2727.721	106.0205	1.55314	0.623023	0.376977	0.6709354
28578	-2624.398	-2730.432	106.0345	1.406696	0.819865	0.180135	0.8630669
28584	-2619.992	-2725.936	105.9443	1.496904	0.758411	0.241589	0.8630669
28590	-2624.846	-2730.683	105.8365	1.779922	0.865949	0.134051	0.5520094
28596	-2629.478	-2735.376	105.898	1.720376	0.812824	0.187176	0.5404065
28602	-2628.576	-2734.474	105.8983	1.7121	0.714239	0.285761	0.578036
28608	-2626.248	-2732.12	105.8726	1.723639	0.733191	0.266809	0.6209844
28614	-2632.999	-2738.798	105.7985	1.822482	0.733191	0.266809	0.5159994
28620	-2632.649	-2738.521	105.8715	1.746364	0.76176	0.23824	0.5436465
28626	-2627.431	-2733.364	105.9329	1.675515	0.763922	0.236078	0.5851318
28632	-2622.338	-2728.203	105.8652	1.56095	0.756892	0.243108	0.8807629
28638	-2619.468	-2725.476	106.0074	1.407258	0.756892	0.243108	0.893889
28644	-2624.971	-2730.962	105.9914	1.417033	0.810683	0.189317	0.9008812
28650	-2625.175	-2731.187	106.0121	1.264899	0.823497	0.176503	1.036968
28656	-2630.417	-2736.093	105.6763	1.187562	0.811254	0.188746	1.390044
28662	-2620.884	-2726.919	106.0349	1.319492	0.780907	0.219093	0.9593297
28668	-2621.88	-2727.866	105.9861	1.427536	0.811209	0.188791	0.8950232
28674	-2625.883	-2731.862	105.9796	1.363807	0.783599	0.216401	0.9708029
28680	-2623.013	-2728.809	105.7961	1.283939	0.722718	0.277282	1.214438
28686	-2616.743	-2722.571	105.8283	1.266346	0.802282	0.197718	1.201966
28692	-2623.651	-2729.487	105.8364	1.377187	0.713139	0.286861	1.096612
28698	-2619.374	-2724.941	105.5673	1.26239	0.77266	0.22734	1.416628
28704	-2622.02	-2727.81	105.7896	1.058451	0.750018	0.249982	1.40237
28710	-2629.406	-2735.367	105.961	1.556266	0.714487	0.285513	0.7642213
28716	-2628.055	-2734.055	106.0004	1.466339	0.714487	0.285513	0.8319522
28722	-2633.02	-2738.961	105.9406	1.164184	0.829448	0.170552	1.193262
28728	-2628.776	-2734.498	105.7217	1.185581	0.7606	0.2394	1.355921
28734	-2630.384	-2735.661	105.2768	1.027999	0.849058	0.150942	1.798376
28740	-2624.85	-2730.082	105.2311	1.073604	0.704008	0.295992	1.798376
28746	-2630.474	-2735.9	105.4253	0.8806454	0.826177	0.173823	1.797569
28752	-2629.671	-2734.483	104.8118	0.9235711	0.78279	0.21721	2.179085
28758	-2642.54	-2747.361	104.8208	0.9363792	0.768424	0.231576	2.164913
28764	-2642.875	-2748.549	105.6739	1.013987	0.594073	0.405927	1.524086
28770	-2625.491	-2731.274	105.7826	1.160036	0.779322	0.220678	1.327725
28776	-2624.163	-2730.099	105.9359	1.125192	0.751866	0.248134	1.230438
28782	-2623.517	-2729.269	105.7519	1.348939	0.851119	0.148881	1.196682
28788	-2623.778	-2729.424	105.6459	1.239277	0.776435	0.223565	1.373341
28794	-2632.01	-2737.674	105.6638	1.273939	0.776435	0.223565	1.331628
28800	-2629.307	-2735.399	106.0923	1.388107	0.732452	0.267548	0.8145263
28806	-2624.883	-2730.93	106.0467	1.419838	0.811886	0.188114	0.8322363
28812	-2627.237	-2733.209	105.9718	1.467542	0.691078	0.308922	0.8653469
28818	-2628.705	-2734.6	105.8951	1.725005	0.732075	0.267925	0.5268757
28824	-2634.683	-2740.543	105.8596	1.760089	0.800025	0.199975	0.5304844
28830	-2632.376	-2738.166	105.7899	1.8299	0.830529	0.169471	0.5291951
28836	-2627.39	-2733.286	105.896	1.670715	0.791393	0.208607	0.6841913
28842	-2624.046	-2729.937	105.8911	1.68114	0.763886	0.236114	0.673619
28848	-2621.854	-2727.78	105.9257	1.623032	0.75667	0.24333	0.715684
28854	-2629.862	-2735.806	105.9439	1.615981	0.801608	0.198392	0.6965668
28860	-2633.044	-2738.978	105.934	1.608811	0.854911	0.145089	0.7253808
28866	-2623.646	-2729.503	105.8565	1.556819	0.740189	0.259811	0.8953773
28872	-2623.292	-2729.352	106.0597	1.334557	0.748542	0.251458	0.9166666
28878	-2623.586	-2729.474	105.8884	1.407548	0.762297	0.237703	1.018543
28884	-2616.678	-2722.601	105.9233	1.372639	0.719704	0.280296	1.018543
28890	-2620.228	-2726.008	105.7801	1.268887	0.798027	0.201973	1.240625
28896	-2623.395	-2729.166	105.7708	1.134013	0.783695	0.216305	1.357845
28902	-2620.969	-2726.341	105.3719	1.12058	0.792842	0.207158	1.666388
28908	-2633.204	-2738.862	105.6576	1.170804	0.743656	0.256344	1.417552
28914	-2628.034	-2733.647	105.613	1.110173	0.780628	0.219372	1.497683
28920	-2634.493	-2740.357	105.8641	1.167823	0.816762	0.183238	1.254858
28926	-2635.411	-2741.16	105.7487	1.270498	0.837518	0.162482	1.265396
28932	-2629.212	-2734.904	105.6923	1.163059	0.784258	0.215742	1.396671
28938	-2624.262	-2730.025	105.7628	1.223198	0.801827	0.198173	1.292621
28944	-2621.961	-2727.713	105.7514	1.234649	0.718932	0.281068	1.292621
28950	-2621.558	-2727.237	105.6787	1.307298	0.779687	0.220313	1.292621
28956	-2626.008	-2731.931	105.9227	1.362548	0.76893	0.23107	1.029003
28962	-2628.381	-2734.345	105.9649	1.485783	0.75718	0.24282	0.8517139
28968	-2637.385	-2743.439	106.054	1.443599	0.60221	0.39779	0.791743
28974	-2624.72	-2730.752	106.0323	1.407259	0.751073	0.248927	0.865074
28980	-2622.969	-2728.889	105.9204	1.421155	0.745017	0.254983	0.972725
28986	-2616.46	-2722.49	106.0302	1.410937	0.706238	0.293762	0.8631938
28992	-2632.544	-2738.329	105.7854	1.435218	0.659313	0.340687	1.090169
28998	-2618.754	-2724.47	105.7158	1.239587	0.766638	0.233362	1.317492
29004	-2615.392	-2721.332	105.9398	1.246729	0.795055	0.204945	1.121283
29010	-2630.928	-2736.767	105.8385	1.608028	0.740996	0.259004	0.8566988
29016	-2629.083	-2734.92	105.8364	1.734191	0.77261	0.22739	0.6768034
29022	-2635.421	-2741.322	105.9011	1.720272	0.77261	0.22739	0.5082693
29028	-2626.58	-2732.426	105.8455	1.771661	0.754084	0.245916	0.4548485
29034	-2636.31	-2742.272	105.9621	1.639795	0.752837	0.247163	0.6056976
29040	-2633.135	-2738.957	105.8225	1.272742	0.70594	0.29406	1.201481
29046	-2631.742	-2737.418	105.6765	1.254833	0.818314	0.181686	1.336753
29052	-2635.341	-2741.141	105.7995	1.131866	0.766898	0.233102	1.336753
29058	-2630.04	-2735.835	105.7956	1.203802	0.781093	0.218907	1.281668
29064	-2626.744	-2732.349	105.6055	1.219467	0.763422	0.236578	1.420224
29070	-2627.066	-2732.68	105.6141	1.154496	0.772986	0.227014	1.463416
29076	-2631.538	-2737.411	105.8735	1.198031	0.70834	0.29166	1.221647
29082	-2629.256	-2735.191	105.9347	1.343286	0.707315	0.292685	1.035964
29088	-2639.707	-2745.514	105.8062	1.416555	0.745553	0.254447	1.088206
29094	-2621.904	-2727.807	105.9036	1.30555	0.765285	0.234715	1.100718
29100	-2625.524	-2731.45	105.926	1.285137	0.760161	0.239839	1.098934
29106	-2625.154	-2730.714	105.5602	1.108417	0.744145	0.255855	1.538323
29112	-2621.775	-2727.622	105.848	1.377155	0.67921	0.32079	1.08601
29118	-2623.382	-2729.09	105.7079	1.289096	0.769889	0.230111	1.283647
29124	-2615.852	-2721.549	105.6968	1.124473	0.786934	0.213066	1.423061
29130	-2626	-2731.732	105.7322	1.100498	0.765984	0.234016	1.414284
29136	-2622.538	-2728.252	105.7143	1.118355	0.76123	0.23877	1.414284
29142	-2623.798	-2729.44	105.6416	1.080053	0.780301	0.219699	1.49886
29148	-2631.451	-2737.165	105.7141	1.191117	0.829959	0.170041	1.357563
29154	-2631.215	-2736.954	105.7389	1.166327	0.741759	0.258241	1.357563
29160	-2634.107	-2739.58	105.473	1.082593	0.794977	0.205023	1.621034
29166	-2636.633	-2742.204	105.5709	1.094072	0.791415	0.208585	1.541092
29172	-2622.896	-2728.456	105.5595	1.051965	0.790057	0.209943	1.580394
29178	-2626.383	-2731.948	105.565	1.19368	0.655318	0.344682	1.47092
29184	-2625.839	-2731.67	105.8308	1.135301	0.739266	0.260734	1.308783
29190	-2620.658	-2726.289	105.6316	1.167128	0.739542	0.260458	1.440447
29196	-2622.277	-2727.987	105.7098	1.088927	0.755315	0.244685	1.440447
29202	-2624.545	-2730.461	105.9167	1.153906	0.755315	0.244685	1.222405
29208	-2622.619	-2728.619	105.9997	1.236399	0.791328	0.208672	1.075744
29214	-2629.265	-2735.29	106.0249	1.211266	0.791328	0.208672	1.075744
29220	-2630.805	-2736.624	105.8186	1.233536	0.700604	0.299396	1.238017
29226	-2634.161	-2739.855	105.6934	1.244472	0.688056	0.311944	1.331574
29232	-2635.948	-2741.616	105.668	1.358631	0.778353	0.221647	1.259226
29238	-2632.7	-2738.562	105.8622	1.20656	0.764577	0.235423	1.22402
29244	-2628.827	-2734.625	105.7981	1.464533	0.73	0.27	1.05075
29250	-2636.35	-2742.199	105.849	1.617214	0.781208	0.218792	0.8326369
29256	-2635.224	-2741.27	106.0461	1.47313	0.75742	0.24258	0.761353
29262	-2627.746	-2733.645	105.8994	1.386528	0.756445	0.243555	1.028331
29268	-2625.711	-2731.669	105.9582	1.447023	0.679261	0.320739	0.9045118
29274	-2633.224	-2739.233	106.0096	1.505205	0.799783	0.200217	0.7677923
29280	-2622.988	-2728.964	105.9759	1.538874	0.799783	0.200217	0.7677923
29286	-2615.659	-2721.609	105.95	1.558529	0.767539	0.232461	0.7766639
29292	-2619.436	-2725.375	105.939	1.525985	0.677025	0.322975	0.8341357
29298	-2624.504	-2730.602	106.0972	1.464185	0.776628	0.223372	0.6939068
29304	-2633.338	-2739.301	105.9628	1.540573	0.641404	0.358596	0.783822
29310	-2627.76	-2733.799	106.0384	1.46062	0.787876	0.212124	0.7898462
29316	-2625.496	-2731.443	105.9461	1.400318	0.722213	0.277787	0.9676148
29322	-2630.434	-2736.354	105.92	1.433327	0.807881	0.192119	0.9604744
29328	-2626.982	-2732.911	105.9286	1.393524	0.830966	0.169034	0.9924274
29334	-2621.062	-2726.944	105.8819	1.255868	0.688211	0.311789	1.164595
29340	-2626.44	-2732.429	105.989	1.387747	0.665205	0.334795	0.9357416
29346	-2631.141	-2737.199	106.0581	1.38986	0.688812	0.311188	0.8549737
29352	-2618.981	-2724.787	105.8055	1.815894	0.774526	0.225474	0.5055654
29358	-2625.593	-2731.47	105.8761	1.745319	0.704372	0.295628	0.5055654
29364	-2629.151	-2735.02	105.8696	1.750149	0.806873	0.193127	0.5295002
29370	-2627.906	-2733.764	105.8585	1.749001	0.696317	0.303683	0.5881307
29376	-2623.908	-2729.834	105.9259	1.682697	0.795564	0.204436	0.5847122
29382	-2622.799	-2728.7	105.9004	1.681515	0.707668	0.292332	0.65411
29388	-2631.992	-2737.925	105.9332	1.648751	0.682339	0.317661	0.65411
29394	-2614.697	-2720.544	105.8463	1.77349	0.81605	0.18395	0.5298418
29400	-2616.083	-2721.926	105.8427	1.771751	0.809909	0.190091	0.4429557
29406	-2620.002	-2725.896	105.8939	1.699388	0.772038	0.227962	0.6283328
29412	-2628.714	-2734.705	105.9915	1.55472	0.782426	0.217574	0.7197668
29418	-2618.676	-2724.735	106.0592	1.508133	0.726304	0.273696	0.683062
29424	-2616.301	-2722.228	105.9272	1.628126	0.726304	0.273696	0.7044954
29430	-2620.77	-2726.749	105.9792	1.472436	0.739182	0.260818	0.8506097
29436	-2617.469	-2723.497	106.0288	1.472773	0.816428	0.183572	0.7863173
29442	-2622.137	-2728.093	105.9565	1.501703	0.634258	0.365742	0.8425996
29448	-2621.272	-2727.21	105.9374	1.468078	0.689929	0.310071	0.904196
29454	-2621.914	-2727.817	105.9032	1.459437	0.782118	0.217882	0.9507263
29460	-2623.826	-2729.794	105.9688	1.47515	0.774394	0.225606	0.8597935
29466	-2617.879	-2723.83	105.9509	1.39052	0.774394	0.225606	0.9728234
29472	-2632.323	-2738.237	105.9147	1.498782	0.881368	0.118632	0.8952657
29478	-2633.873	-2739.887	106.0141	1.499021	0.842684	0.157316	0.7702464
29484	-2627.084	-2732.935	105.8505	1.448609	0.842684	0.157316	1.015419
29490	-2623.515	-2729.418	105.9025	1.436985	0.833122	0.166878	0.9748379
29496	-2616.813	-2722.741	105.9281	1.564425	0.765291	0.234709	0.7986561
29502	-2621.14	-2726.933	105.793	1.455543	0.802357	0.197643	1.064099
29508	-2628.174	-2733.969	105.7955	1.284252	0.701535	0.298465	1.21467
29514	-2622.075	-2728.047	105.9716	1.347381	0.832085	0.167915	0.9956619
29520	-2622.139	-2728.129	105.9903	1.19752	0.746757	0.253243	1.120114
29526	-2627.31	-2732.902	105.5923	1.151517	0.829096	0.170904	1.482181
29532	-2629.696	-2735.309	105.6127	1.212059	0.833044	0.166956	1.420383
29538	-2628.872	-2734.524	105.6513	1.173512	0.760914	0.239086	1.420383
29544	-2633.223	-2738.862	105.6394	1.185352	0.81434	0.18566	1.420383
29550	-2629.299	-2735.023	105.7243	1.100471	0.776852	0.223148	1.420383
29556	-2625.462	-2731.381	105.9182	1.263144	0.719526	0.280474	1.125909
29562	-2629.276	-2735.133	105.8572	1.32175	0.831095	0.168905	1.128118
29568	-2624.466	-2730.421	105.9548	1.397903	0.831095	0.168905	0.9611874
29574	-2633.829	-2739.688	105.8585	1.539604	0.839237	0.160763	0.9124746
29580	-2628.325	-2734.324	105.9995	1.375364	0.687023	0.312977	0.9377638
29586	-2634.635	-2740.591	105.9567	1.590574	0.772663	0.227337	0.7180658
29592	-2617.333	-2723.332	105.9994	1.486796	0.743992	0.256008	0.8069328
29598	-2626.167	-2732.147	105.9809	1.534546	0.742455	0.257545	0.7669283
29604	-2624.271	-2730.226	105.9555	1.50071	0.812016	0.187984	0.8450416
29610	-2633.025	-2738.748	105.7227	1.194514	0.708434	0.291566	1.348018
29616	-2618.811	-2724.595	105.7838	1.133418	0.768345	0.231655	1.348018
29622	-2620.257	-2726.069	105.8121	1.126776	0.814359	0.185641	1.330759
29628	-2622.277	-2728.037	105.759	1.057665	0.84925	0.15075	1.426607
29634	-2633.063	-2739.109	106.0452	1.40176	0.749203	0.250797	0.8561624
29640	-2624.649	-2729.835	105.186	1.029336	0.803258	0.196742	1.859929
29646	-2628.961	-2734.126	105.1648	0.8887889	0.777538	0.222462	1.969396
29652	-2625.729	-2731.663	105.9332	1.492131	0.749759	0.250241	0.8816965
29658	-2626.046	-2732.021	105.975	1.526111	0.77945	0.22055	0.7869476
29664	-2629.605	-2735.471	105.866	1.189488	0.846853	0.153147	1.235147
29670	-2625.16	-2731.211	106.0514	1.29265	0.65178	0.34822	0.9701432
29676	-2622.384	-2728.33	105.9455	1.454197	0.715232	0.284768	0.9106944
29682	-2627.357	-2733.355	105.9973	1.484541	0.777589	0.222411	0.8127241
29688	-2628.4	-2734.425	106.0254	1.436755	0.765991	0.234009	0.8376632
29694	-2630.525	-2736.427	105.9021	1.20882	0.73792	0.26208	1.187972
29700	-2623.952	-2729.817	105.865	1.1855	0.736442	0.263558	1.23938
29706	-2621.507	-2727.513	106.0058	1.305094	0.753471	0.246529	1.003756
29712	-2624.834	-2730.765	105.9309	1.535972	0.714113	0.285887	0.8317324
29718	-2622.598	-2728.584	105.9857	1.488462	0.766324	0.233676	0.8225636
29724	-2630.53	-2736.469	105.9397	1.242148	0.766324	0.233676	1.125484
29730	-2626.037	-2731.851	105.8142	1.235729	0.751452	0.248548	1.239814
29736	-2628.838	-2734.766	105.9276	1.230008	0.776105	0.223895	1.14713
29742	-2625.676	-2731.536	105.859	1.427284	0.805462	0.194538	1.027922
29748	-2634.014	-2739.937	105.9237	1.362601	0.773803	0.226197	1.027922
29754	-2635.048	-2741.076	106.0279	1.442616	0.772373	0.227627	0.8271641
29760	-2626.125	-2732.172	106.0474	1.53651	0.695873	0.304127	0.6498485
29766	-2623.752	-2729.664	105.9126	1.699558	0.789875	0.210125	0.5711854
29772	-2627.669	-2733.471	105.8015	1.811866	0.732235	0.267765	0.4391652
29778	-2622.423	-2728.101	105.6788	1.910779	0.825192	0.174808	0.3841887
29784	-2612.886	-2718.467	105.5802	1.997339	0.808114	0.191886	0.3661212
29790	-2619.138	-2724.948	105.8101	1.804062	0.821197	0.178803	0.4420685
29796	-2617.877	-2723.769	105.8914	1.719032	0.75984	0.24016	0.5780221
29802	-2624.68	-2730.538	105.8581	1.739443	0.759985	0.240015	0.6174122
29808	-2631.665	-2737.639	105.9738	1.508146	0.76943	0.23057	0.8124894
29814	-2624.911	-2730.866	105.9546	1.4619	0.731564	0.268436	0.8917887
29820	-2622.474	-2728.481	106.0076	1.360274	0.731564	0.268436	0.9451467
29826	-2623.292	-2729.311	106.0188	1.481205	0.707591	0.292409	0.7884683
29832	-2624.472	-2730.534	106.0621	1.461846	0.765359	0.234641	0.7544353
29838	-2622.539	-2728.564	106.0249	1.51713	0.769712	0.230288	0.7265469
29844	-2620.954	-2726.968	106.0144	1.467183	0.735812	0.264188	0.8129882
29850	-2623.88	-2729.837	105.9565	1.525069	0.7684	0.2316	0.8129882
29856	-2624.171	-2730.123	105.9521	1.501349	0.750011	0.249989	0.8483219
29862	-2622.716	-2728.687	105.9713	1.279163	0.787522	0.212478	1.062302
29868	-2609.299	-2715.148	105.8489	1.305502	0.736823	0.263177	1.149991
29874	-2617.421	-2723.406	105.9846	1.319829	0.760052	0.239948	1.010183
29880	-2624.686	-2730.554	105.8678	1.298431	0.616832	0.383168	1.139505
29886	-2620.32	-2726.191	105.8717	1.294496	0.744363	0.255637	1.139505
29892	-2623.412	-2729.127	105.7159	1.324108	0.79417	0.20583	1.248116
29898	-2629.734	-2735.442	105.7081	1.308193	0.80312	0.19688	1.267802
29904	-2620.93	-2726.818	105.8883	1.363849	0.84433	0.15567	1.060688
29910	-2614.992	-2720.885	105.8925	1.328051	0.705356	0.294644	1.090262
29916	-2620.989	-2726.702	105.7134	1.211715	0.855563	0.144437	1.341709
29922	-2621.566	-2727.424	105.8578	1.209268	0.858953	0.141047	1.225446
29928	-2622.352	-2728.273	105.9207	1.144352	0.714599	0.285401	1.227111
29934	-2621.335	-2726.66	105.3254	0.9441424	0.740069	0.259931	1.822698
29940	-2625.308	-2730.513	105.2057	0.9994593	0.676109	0.323891	1.866871
29946	-2628.176	-2733.848	105.6724	1.064156	0.676109	0.323891	1.48763
29952	-2634.057	-2739.312	105.2546	1.000058	0.813752	0.186248	1.832935
29958	-2621.86	-2727.532	105.6726	1.150638	0.807639	0.192361	1.42157
29964	-2622.84	-2728.531	105.6912	1.132087	0.86083	0.13917	1.42157
29970	-2637.63	-2743.34	105.7103	1.071952	0.913099	0.0869006	1.452987
29976	-2628.895	-2734.324	105.4291	1.100162	0.881063	0.118937	1.640062
29982	-2625.498	-2731.154	105.6559	1.225325	0.826331	0.173669	1.376459
29988	-2620.846	-2726.694	105.8477	1.254681	0.763842	0.236158	1.195367
29994	-2622.33	-2728.138	105.8083	1.230068	0.828019	0.171981	1.249533
30000	-2617.291	-2723.153	105.8621	1.176206	0.73775	0.26225	1.249533
30006	-2617.44	-2723.13	105.6902	1.164983	0.773011	0.226989	1.396817
30012	-2614.806	-2720.508	105.7022	1.152968	0.773011	0.226989	1.396817
30018	-2621.912	-2727.379	105.4674	1.163736	0.708727	0.291273	1.566022
30024	-2621.128	-2726.729	105.6011	1.076204	0.734619	0.265381	1.531885
30030	-2628.448	-2734.019	105.5711	1.106226	0.69527	0.30473	1.531885
30036	-2616.429	-2721.929	105.5002	1.177111	0.742818	0.257182	1.531885
30042	-2620.724	-2726.494	105.7693	1.172644	0.770235	0.229765	1.328286
30048	-2621.31	-2727.257	105.9476	1.399697	0.753373	0.246627	0.9667304
30054	-2617.789	-2723.707	105.9185	1.477169	0.742633	0.257367	0.9151788
30060	-2621.74	-2727.733	105.993	1.418773	0.717057	0.282943	0.8971292
30066	-2616.647	-2722.648	106.0011	1.492789	0.724703	0.275297	0.7967456
30072	-2621.462	-2727.39	105.9274	1.244758	0.748092	0.251908	1.13418
30078	-2626.881	-2732.837	105.9563	1.253316	0.791506	0.208494	1.100322
30084	-2617.543	-2723.502	105.9591	1.463139	0.83186	0.16814	0.8852027
30090	-2623.271	-2729.07	105.7989	1.419422	0.824752	0.175248	1.092278
30096	-2625.419	-2731.367	105.9481	1.243893	0.748052	0.251948	1.116351
30102	-2634.917	-2740.794	105.8761	1.420687	0.63174	0.36826	1.017695
30108	-2629.847	-2735.715	105.8677	1.533216	0.703437	0.296563	0.9093399
30114	-2627.628	-2733.559	105.9311	1.480543	0.686235	0.313765	0.897309
30120	-2624.406	-2730.325	105.9188	1.4036	0.741817	0.258183	0.9922219
30126	-2626.009	-2731.861	105.8521	1.317565	0.725706	0.274294	1.136395
30132	-2628.397	-2734.276	105.8789	1.428539	0.778227	0.221773	1.007125
30138	-2636.211	-2742.216	106.0046	1.463148	0.80642	0.19358	0.8306853
30144	-2627.766	-2733.376	105.6102	1.023045	0.738333	0.261667	1.564424
30150	-2628.692	-2734.36	105.6674	1.249413	0.73199	0.26801	1.348343
30156	-2626.525	-2732.209	105.6846	1.316355	0.698217	0.301783	1.280449
30162	-2638.616	-2744.675	106.0584	1.405109	0.724635	0.275365	0.8359354
30168	-2636.875	-2742.912	106.0367	1.388965	0.695872	0.304128	0.8812464
30174	-2622.677	-2728.201	105.524	1.235162	0.826743	0.173257	1.470531
30180	-2621.527	-2727.218	105.6907	1.253287	0.826743	0.173257	1.326661
30186	-2622.794	-2728.547	105.7525	1.2088	0.759813	0.240187	1.312736
30192	-2626.235	-2732.1	105.8652	1.25487	0.750095	0.249905	1.180095
30198	-2628.854	-2734.551	105.6968	1.288696	0.811859	0.188141	1.293072
30204	-2630.978	-2736.68	105.7026	1.330964	0.74568	0.25432	1.253473
30210	-2628.861	-2734.73	105.8685	1.305869	0.735397	0.264603	1.132177
30216	-2625.742	-2731.523	105.7811	1.322394	0.735153	0.264847	1.194368
30222	-2628.975	-2734.743	105.768	1.424905	0.735153	0.264847	1.115498
30228	-2635.029	-2741.05	106.0205	1.289919	0.763426	0.236574	1.004194
30234	-2629.963	-2735.868	105.9048	1.430155	0.763426	0.236574	0.9794195
30240	-2626.722	-2732.593	105.8714	1.411023	0.757912	0.242088	1.031689
30246	-2619.668	-2725.514	105.8458	1.270087	0.757912	0.242088	1.183695
30252	-2622.663	-2728.511	105.8488	1.292338	0.802086	0.197914	1.161711
30258	-2621.773	-2727.594	105.8205	1.202335	0.831742	0.168258	1.262379
30264	-2622.016	-2727.906	105.8896	1.724232	0.791771	0.208229	0.5645123
30270	-2625.418	-2731.347	105.9289	1.680886	0.82126	0.17874	0.5802352
30276	-2619.375	-2725.367	105.9924	1.593828	0.834764	0.165236	0.6447101
30282	-2631.668	-2737.694	106.026	1.522235	0.809693	0.190307	0.7164411
30288	-2620.657	-2726.712	106.0542	1.542424	0.734909	0.265091	0.6199384
30294	-2621.183	-2727.127	105.9435	1.51512	0.731248	0.268752	0.8419803
30300	-2621.469	-2727.341	105.8715	1.371311	0.765657	0.234343	1.069502
30306	-2616.342	-2722.258	105.9164	1.375107	0.70814	0.29186	1.022903
30312	-2622.958	-2728.869	105.9116	1.349398	0.816693	0.183307	1.052262
30318	-2622.261	-2728.104	105.8434	1.3721	0.756214	0.243786	1.094884
30324	-2629.464	-2735.375	105.9105	1.381073	0.887188	0.112812	1.022798
30330	-2621.754	-2727.482	105.7283	1.37296	0.795728	0.204272	1.196291
30336	-2622.721	-2728.501	105.7799	1.269318	0.736484	0.263516	1.240426
30342	-2634.938	-2740.951	106.0125	1.399946	0.877444	0.122556	0.8963949
30348	-2628.743	-2734.636	105.8931	1.394306	0.861179	0.138821	1.026866
30354	-2627.109	-2733.021	105.9128	1.451594	0.754475	0.245525	0.9488911
30360	-2618.517	-2724.495	105.9776	1.412936	0.746899	0.253101	0.9208115
30366	-2621.685	-2727.683	105.9986	1.446456	0.790774	0.209226	0.8584347
30372	-2621.864	-2727.719	105.8541	1.601418	0.744119	0.255881	0.8458042
30378	-2618.797	-2724.745	105.9478	1.560636	0.744119	0.255881	0.7768294
30384	-2624.798	-2730.774	105.9765	1.379174	0.820849	0.179151	0.9580612
30390	-2621.884	-2727.476	105.5913	1.290499	0.599633	0.400367	1.376031
30396	-2628.053	-2733.668	105.615	1.208002	0.584059	0.415941	1.421716
30402	-2632.445	-2738.397	105.9517	1.244828	0.584059	0.415941	1.112251
30408	-2622.666	-2728.712	106.0461	1.440315	0.584059	0.415941	0.8067291
30414	-2621.986	-2727.889	105.9031	1.474901	0.584059	0.415941	0.9343545
30420	-2618.481	-2724.418	105.9372	1.493531	0.766089	0.233911	0.8753991
30426	-2624.123	-2730.046	105.9227	1.450148	0.775803	0.224197	0.9398629
30432	-2621.974	-2728.003	106.0289	1.400909	0.754604	0.245396	0.8764427
30438	-2622.867	-2728.756	105.8893	1.402245	0.787354	0.212646	1.022814
30444	-2629.162	-2735.236	106.0733	1.366672	0.808538	0.191462	0.8645616
30450	-2622.925	-2728.872	105.9469	1.564293	0.746308	0.253692	0.7729492
30456	-2620.78	-2726.718	105.938	1.586755	0.715166	0.284834	0.7532957
30462	-2615.133	-2721.129	105.9953	1.529426	0.777613	0.222387	0.7532957
30468	-2620.505	-2726.452	105.9468	1.503	0.791252	0.208748	0.8527882
30474	-2620.019	-2725.93	105.9107	1.694968	0.756897	0.243103	0.5941451
30480	-2627.421	-2733.224	105.803	1.259911	0.860143	0.139857	1.228943
30486	-2624.887	-2730.813	105.9268	1.44419	0.688956	0.311044	0.9419154
30492	-2619.36	-2725.246	105.8858	1.480847	0.748269	0.251731	0.946483
30498	-2617.857	-2723.906	106.0492	1.518744	0.708608	0.291392	0.6819856
30504	-2630.106	-2736.125	106.0192	1.354887	0.776861	0.223139	0.9385316
30510	-2634.356	-2740.067	105.711	1.404798	0.791444	0.208556	1.183725
30516	-2634.635	-2740.536	105.9007	1.404798	0.760465	0.239535	1.009089
30522	-2632.655	-2738.644	105.9895	1.4419	0.769133	0.230867	0.8746738
30528	-2632.609	-2738.453	105.8431	1.689619	0.818661	0.181339	0.7412543
30534	-2624.103	-2729.925	105.8219	1.781013	0.680428	0.319572	0.6026195
30540	-2620.503	-2726.444	105.9412	1.608838	0.821267	0.178733	0.7135444
30546	-2626.865	-2732.786	105.9208	1.58526	0.720676	0.279324	0.7800868
30552	-2626.489	-2732.446	105.9566	1.414826	0.681456	0.318544	0.9414581
30558	-2632.026	-2737.956	105.9298	1.422972	0.735444	0.264556	0.9610248
30564	-2630.684	-2736.532	105.8475	1.51831	0.800859	0.199141	0.9474237
30570	-2621.635	-2727.591	105.9561	1.333063	0.736546	0.263454	1.02517
30576	-2616.613	-2722.465	105.853	1.334092	0.65531	0.34469	1.120809
30582	-2614.836	-2720.71	105.8745	1.291544	0.770061	0.229939	1.139637
30588	-2623.244	-2729.198	105.954	1.429554	0.770061	0.229939	0.9283436
30594	-2623.065	-2728.828	105.7625	1.295571	0.66927	0.33073	1.233039
30600	-2613.342	-2719.227	105.8851	1.335731	0.704334	0.295666	1.089973
30606	-2618.204	-2724.108	105.9041	1.316752	0.715079	0.284921	1.089973
30612	-2627.407	-2733.019	105.612	1.227189	0.653656	0.346344	1.40927
30618	-2631.528	-2737.448	105.9204	1.560213	0.805814	0.194186	0.814271
30624	-2635.481	-2741.436	105.9542	1.643738	0.789729	0.210271	0.6164176
30630	-2633.277	-2739.193	105.9162	1.668671	0.740403	0.259597	0.647817
30636	-2628.095	-2734.122	106.0269	1.560338	0.761779	0.238221	0.6425128
30642	-2621.363	-2727.377	106.0138	1.561423	0.761779	0.238221	0.6679491
30648	-2626.998	-2733.031	106.0332	1.44752	0.814982	0.185018	0.8141881
30654	-2626.848	-2732.814	105.9661	1.476696	0.711504	0.288496	0.8611777
30660	-2631.687	-2737.546	105.8594	1.469184	0.752483	0.247517	0.9859465
30666	-2625.825	-2731.81	105.9849	1.327144	0.759076	0.240924	1.002576
30672	-2626.64	-2732.514	105.8741	1.371176	0.775218	0.224782	1.067157
30678	-2626.751	-2732.553	105.8024	1.459552	0.791911	0.208089	1.05135
30684	-2623.25	-2729.162	105.9119	1.427595	0.768905	0.231095	0.97475
30690	-2621.376	-2727.46	106.084	1.322911	0.774288	0.225712	0.9025861
30696	-2615.573	-2721.477	105.904	1.361815	0.819993	0.180007	1.047711
30702	-2618.813	-2724.799	105.9858	1.354281	0.715707	0.284293	0.9741711
30708	-2624.828	-2730.639	105.8112	1.212626	0.644379	0.355621	1.261606
30714	-2627.407	-2733.342	105.9344	1.342896	0.770795	0.229205	1.036692
30720	-2620.29	-2726.167	105.8762	1.401115	0.757186	0.242814	1.036692
30726	-2623.322	-2729.39	106.0681	1.32434	0.777017	0.222983	0.9186608
30732	-2627.515	-2733.463	105.948	1.395809	0.766719	0.233281	0.9703583
30738	-2624.434	-2730.406	105.9719	1.355769	0.706656	0.293344	0.9868283
30744	-2616.465	-2722.374	105.909	1.566762	0.778176	0.221824	0.820466
30750	-2622.563	-2728.483	105.9204	1.670577	0.723654	0.276346	0.6338705
30756	-2620.838	-2726.743	105.9046	1.535953	0.780514	0.219486	0.863804
30762	-2620.829	-2726.87	106.0416	1.428744	0.800449	0.199551	0.8274104
30768	-2619.212	-2725.096	105.884	1.353028	0.829887	0.170113	1.074879
30774	-2621.119	-2727.067	105.9485	1.362954	0.819581	0.180419	1.003173
30780	-2616.188	-2722.24	106.0518	1.439849	0.78454	0.21546	0.7997344
30786	-2633.283	-2739.243	105.96	1.569026	0.819342	0.180658	0.7468841
30792	-2624.679	-2730.671	105.9917	1.439482	0.790508	0.209492	0.8748819
30798	-2619.755	-2725.735	105.9796	1.509733	0.790508	0.209492	0.8028792
30804	-2618.328	-2724.231	105.9032	1.424345	0.772426	0.227574	0.9870221
30810	-2625.762	-2731.693	105.9307	1.308059	0.739483	0.260517	1.073338
30816	-2626.377	-2732.416	106.0398	1.299613	0.739483	0.260517	0.9749251
30822	-2625.994	-2731.867	105.8722	1.404178	0.79823	0.20177	1.037525
30828	-2627.649	-2733.603	105.9533	1.31602	0.824969	0.175031	1.044331
30834	-2623.91	-2729.861	105.9504	1.478362	0.691103	0.308897	0.8776829
30840	-2627.317	-2733.246	105.9291	1.259796	0.74686	0.25314	1.119174
30846	-2618.749	-2724.455	105.7053	1.305838	0.689416	0.310584	1.272057
30852	-2622.721	-2728.498	105.7773	1.238277	0.734936	0.265064	1.268395
30858	-2629.894	-2735.635	105.7407	1.291344	0.671093	0.328907	1.254733
30864	-2622.686	-2728.501	105.8147	1.369965	0.768278	0.231722	1.122991
30870	-2629.477	-2735.389	105.9123	1.343494	0.864297	0.135703	1.057248
30876	-2624.783	-2730.762	105.9786	1.369066	0.842731	0.157269	0.9663998
30882	-2620.203	-2726.138	105.9348	1.327658	0.690226	0.309774	1.0509
30888	-2621.985	-2727.795	105.8091	1.25666	0.726754	0.273246	1.226522
30894	-2619.576	-2725.34	105.7642	1.301524	0.747512	0.252488	1.226522
30900	-2621.494	-2727.396	105.902	1.382704	0.779876	0.220124	1.0295
30906	-2632.203	-2738.218	106.0144	1.549546	0.797449	0.202551	0.6893079
30912	-2632.446	-2738.562	106.1159	1.42951	0.798555	0.201445	0.7211841
30918	-2622.754	-2728.682	105.9274	1.508134	0.785079	0.214921	0.8698076
30924	-2627.239	-2733.258	106.0191	1.505039	0.75066	0.24934	0.7541422
30930	-2639.709	-2745.613	105.9035	1.316158	0.789446	0.210554	1.091079
30936	-2632.983	-2738.712	105.7291	1.143216	0.755665	0.244335	1.38343
30942	-2623.994	-2729.704	105.7102	1.154438	0.71743	0.28257	1.389437
30948	-2624.716	-2730.116	105.3996	1.043128	0.682155	0.317845	1.701814
30954	-2625.862	-2731.411	105.5493	1.296265	0.779806	0.220194	1.404301
30960	-2627.494	-2733.368	105.8741	1.382135	0.767676	0.232324	1.056815
30966	-2626.735	-2732.561	105.8259	1.274601	0.712555	0.287445	1.196956
30972	-2630.15	-2735.308	105.1573	1.020582	0.744033	0.255967	1.885442
30978	-2637.214	-2742.355	105.141	1.036925	0.770831	0.229169	1.885442
30984	-2638.49	-2744.14	105.6491	1.103709	0.811396	0.188604	1.475373
30990	-2630.636	-2736.112	105.4758	1.19719	0.810486	0.189514	1.535103
30996	-2627.712	-2732.588	104.8753	0.9025199	0.756167	0.243833	2.151471
31002	-2624.834	-2730.569	105.7356	1.13918	0.787791	0.212209	1.381531
31008	-2618.134	-2724.064	105.9304	1.348352	0.726904	0.273096	1.035288
31014	-2616.006	-2721.733	105.7268	1.291855	0.733554	0.266446	1.265818
31020	-2623.649	-2729.397	105.7484	1.290967	0.744589	0.255411	1.248673
31026	-2617.134	-2722.899	105.7652	1.31318	0.744589	0.255411	1.21586
31032	-2615.954	-2721.869	105.9154	1.437761	0.806903	0.193097	0.9607085
31038	-2610.636	-2716.548	105.9115	1.442105	0.680014	0.319986	0.9602429
31044	-2620.398	-2726.104	105.706	1.442631	0.680014	0.319986	1.155064
31050	-2630.523	-2736.432	105.9089	1.24534	0.775751	0.224249	1.150087
31056	-2624.018	-2729.855	105.8377	1.2688	0.775751	0.224249	1.191767
31062	-2623.707	-2729.722	106.0152	1.345965	0.723482	0.276518	0.9522959
31068	-2616.914	-2722.816	105.9022	1.520187	0.736467	0.263533	0.8850874
31074	-2620.207	-2726.146	105.9388	1.643146	0.859673	0.140327	0.6540794
31080	-2631.315	-2737.18	105.8649	1.552547	0.742432	0.257568	0.8907719
31086	-2637.61	-2743.525	105.9146	1.426906	0.74867	0.25133	0.9727667
31092	-2633.644	-2739.614	105.9708	1.57199	0.727368	0.272632	0.725471
31098	-2630.839	-2736.866	106.0276	1.570426	0.74812	0.25188	0.6163144
31104	-2623.592	-2729.568	105.9761	1.621146	0.780815	0.219185	0.618266
31110	-2629.486	-2735.17	105.6841	1.91587	0.760447	0.239553	0.4033022
31116	-2616.654	-2722.328	105.6738	1.93016	0.773058	0.226942	0.4122671
31122	-2618.421	-2724.176	105.756	1.865421	0.727921	0.272079	0.5068223
31128	-2621.552	-2727.393	105.8408	1.771498	0.730308	0.269692	0.5708374
31134	-2642.018	-2747.945	105.9266	1.665109	0.794592	0.205408	0.6322028
31140	-2627.449	-2733.365	105.9164	1.485558	0.783261	0.216739	0.9081418
31146	-2628.061	-2733.963	105.9018	1.500176	0.678821	0.321179	0.9081418
31152	-2627.13	-2733.117	105.9871	1.480655	0.706138	0.293862	0.8306765
31158	-2625.901	-2731.907	106.0059	1.347436	0.764466	0.235534	0.960508
31164	-2623.843	-2729.856	106.0129	1.187137	0.780119	0.219881	1.109027
31170	-2625.16	-2731.12	105.9605	1.158224	0.785517	0.214483	1.18125
31176	-2626.887	-2732.637	105.7499	1.195144	0.781381	0.218619	1.325781
31182	-2628.219	-2733.735	105.516	1.112446	0.821867	0.178133	1.568015
31188	-2629.673	-2735.509	105.8367	1.20941	0.689961	0.310039	1.243064
31194	-2628.242	-2734.136	105.8938	1.231924	0.610397	0.389603	1.175185
31200	-2625.084	-2730.79	105.7057	1.145648	0.75938	0.24062	1.399823
31206	-2626.191	-2731.854	105.6634	1.133543	0.777836	0.222164	1.44176
31212	-2631.349	-2736.855	105.5062	0.9832437	0.687497	0.312503	1.668598
31218	-2631.048	-2736.228	105.1799	1.082449	0.768295	0.231705	1.827637
31224	-2624.88	-2730.95	106.07	1.236013	0.746797	0.253203	1.008537
31230	-2622.72	-2728.602	105.8817	1.240016	0.746797	0.253203	1.178613
31236	-2630.313	-2735.952	105.6394	1.225006	0.817893	0.182107	1.389653
31242	-2631.119	-2736.993	105.8745	1.348554	0.822217	0.177783	1.087931
31248	-2634.688	-2740.506	105.8183	1.40877	0.721733	0.278267	1.084236
31254	-2639.028	-2745.109	106.0812	1.395459	0.811721	0.188279	0.8193264
31260	-2634.412	-2740.369	105.9565	1.519242	0.782924	0.217076	0.8205458
31266	-2633.851	-2739.751	105.8998	1.575898	0.741803	0.258197	0.8205458
31272	-2635.02	-2740.934	105.9142	1.535558	0.767568	0.232432	0.8528258
31278	-2632.008	-2738.037	106.029	1.458005	0.712013	0.287987	0.8059066
31284	-2632.034	-2737.976	105.9417	1.512264	0.684041	0.315959	0.8477743
31290	-2617.9	-2723.875	105.9751	1.551497	0.785296	0.214704	0.7504567
31296	-2619.376	-2725.362	105.9859	1.547122	0.687295	0.312705	0.7407706
31302	-2620.675	-2726.747	106.072	1.461949	0.687295	0.312705	0.7392717
31308	-2617.177	-2723.23	106.0529	1.410064	0.79383	0.20617	0.8367067
31314	-2623.012	-2729.115	106.1026	1.451305	0.757514	0.242486	0.7070006
31320	-2622.855	-2728.763	105.9077	1.686206	0.693222	0.306778	0.626724
31326	-2617.114	-2723.066	105.9524	1.584155	0.721924	0.278076	0.7352445
31332	-2619.854	-2725.794	105.9399	1.596709	0.745713	0.254287	0.7352445
31338	-2618.18	-2724.162	105.9818	1.554752	0.736498	0.263502	0.7352445
31344	-2621.009	-2727.07	106.061	1.481902	0.852146	0.147854	0.7251884
31350	-2618.018	-2724.001	105.9837	1.600198	0.719422	0.280578	0.6499044
31356	-2632.286	-2738.253	105.9671	1.634312	0.753214	0.246786	0.606937
31362	-2638.936	-2744.782	105.8464	1.259686	0.724277	0.275723	1.192183
31368	-2626.062	-2732.04	105.9782	1.442522	0.722906	0.277094	0.8869949
31374	-2625.977	-2731.938	105.9609	1.544565	0.722906	0.277094	0.7810221
31380	-2634.16	-2740.186	106.0262	1.574036	0.838108	0.161892	0.6102251
31386	-2632.502	-2738.523	106.0206	1.50294	0.745006	0.254994	0.7550607
31392	-2632.776	-2738.825	106.0493	1.351557	0.720842	0.279158	0.9093965
31398	-2628.498	-2734.248	105.7505	1.119346	0.759386	0.240614	1.385377
31404	-2630.092	-2735.801	105.709	1.190831	0.804186	0.195814	1.361794
31410	-2626.444	-2732.439	105.9951	1.591729	0.840537	0.159463	0.6433601
31416	-2620.8	-2726.721	105.9212	1.616796	0.78712	0.21288	0.7330762
31422	-2628.204	-2734.151	105.9468	1.265058	0.695317	0.304683	1.098239
31428	-2622.318	-2728.203	105.8857	1.326126	0.802543	0.197457	1.098239
31434	-2630.249	-2736.077	105.8285	1.278027	0.802543	0.197457	1.191747
31440	-2631.429	-2737.392	105.9629	1.528037	0.708015	0.291985	0.8007038
31446	-2625.07	-2731.157	106.087	1.396014	0.829276	0.170724	0.811166
31452	-2629.882	-2735.79	105.9083	1.449189	0.707086	0.292914	0.9561183
31458	-2627.198	-2733.31	106.1111	1.42785	0.813947	0.186053	0.7314828
31464	-2633.005	-2738.974	105.9681	1.545664	0.812396	0.187604	0.7692292
31470	-2631.534	-2737.397	105.863	1.444173	0.72897	0.27103	1.007441
31476	-2627.169	-2733.196	106.0274	1.441574	0.800459	0.199541	0.829095
31482	-2624.97	-2730.908	105.9375	1.46665	0.782593	0.217407	0.9057675
31488	-2629.031	-2735.045	106.0145	1.408016	0.773153	0.226847	0.8848965
31494	-2630.761	-2736.738	105.9763	1.611037	0.807185	0.192815	0.6421453
31500	-2633.887	-2739.897	106.0099	1.237512	0.805766	0.194234	1.0652
31506	-2630.884	-2736.756	105.872	1.277721	0.688974	0.311026	1.15408
31512	-2622.174	-2728.181	106.0074	1.383963	0.779377	0.220623	0.9198901
31518	-2621.495	-2727.43	105.9351	1.500366	0.813632	0.186368	0.8698801
31524	-2622.232	-2728.148	105.9162	1.635327	0.74298	0.25702	0.7110783
31530	-2622.137	-2728.073	105.936	1.685198	0.67885	0.32115	0.5113763
31536	-2622.007	-2727.944	105.9371	1.673006	0.825531	0.174469	0.5793501
31542	-2623.612	-2729.648	106.0362	1.461913	0.78351	0.21649	0.7910523
31548	-2625.245	-2731.295	106.0494	1.495972	0.776686	0.223314	0.7211714
31554	-2628.14	-2734.102	105.9618	1.635309	0.66551	0.33449	0.6187365
31560	-2621.375	-2727.423	106.0487	1.501525	0.751765	0.248235	0.713193
31566	-2623.156	-2729.028	105.8718	1.639673	0.742956	0.257044	0.7725849
31572	-2625.24	-2731.152	105.9128	1.657378	0.764734	0.235266	0.6776862
31578	-2620.677	-2726.606	105.9287	1.672084	0.701669	0.298331	0.6088264
31584	-2619.67	-2725.669	105.9983	1.594575	0.842977	0.157023	0.629169
31590	-2618.748	-2724.689	105.9416	1.661188	0.784468	0.215532	0.603104
31596	-2620.887	-2726.82	105.9336	1.659309	0.784566	0.215434	0.6291537
31602	-2628.163	-2734.165	106.0026	1.59382	0.7082	0.2918	0.6203999
31608	-2625.368	-2731.287	105.9185	1.677959	0.819282	0.180718	0.6203999
31614	-2629.777	-2735.73	105.9525	1.661408	0.83243	0.16757	0.563917
31620	-2628.065	-2733.984	105.9192	1.60695	0.664232	0.335768	0.751186
31626	-2634.044	-2740.001	105.9573	1.611587	0.785116	0.214884	0.6800363
31632	-2636.309	-2742.291	105.9825	1.611587	0.751095	0.248905	0.6263281
31638	-2630.149	-2736.209	106.0593	1.534788	0.730543	0.269457	0.6263281
31644	-2617.949	-2723.959	106.0104	1.469822	0.793377	0.206623	0.8148278
31650	-2621.679	-2727.582	105.9025	1.398914	0.780924	0.219076	1.013135
31656	-2617.215	-2723.176	105.9616	1.330333	0.710307	0.289693	1.022454
31662	-2623.136	-2729.023	105.8877	1.317669	0.704123	0.295877	1.104159
31668	-2629.231	-2735.161	105.9299	1.275437	0.762895	0.237105	1.104159
31674	-2623.196	-2729.073	105.8768	1.401885	0.821774	0.178226	1.035352
31680	-2620.012	-2725.97	105.9573	1.478335	0.808737	0.191263	0.8696971
31686	-2625.316	-2731.233	105.9168	1.375713	0.751124	0.248876	1.021915
31692	-2622.915	-2728.887	105.9713	1.258529	0.753687	0.246313	1.081645
31698	-2621.116	-2726.65	105.5339	1.150331	0.77482	0.22518	1.526763
31704	-2624.419	-2729.735	105.3162	1.159261	0.752532	0.247468	1.678554
31710	-2622.899	-2728.696	105.7964	1.309372	0.80657	0.19343	1.192441
31716	-2623.097	-2728.883	105.7863	1.373355	0.77986	0.22014	1.145365
31722	-2626.341	-2732.275	105.9345	1.357732	0.787261	0.212739	1.02218
31728	-2628.156	-2734.092	105.9366	1.313042	0.827053	0.172947	1.063109
31734	-2635.406	-2741.224	105.8171	1.279531	0.710918	0.289082	1.200285
31740	-2632.776	-2738.518	105.7426	1.18932	0.7513	0.2487	1.3363
31746	-2639.77	-2745.575	105.8048	1.28722	0.7513	0.2487	1.204251
31752	-2639.301	-2745.001	105.7005	1.389803	0.780407	0.219593	1.205699
31758	-2627.314	-2733.075	105.7606	1.246205	0.807951	0.192049	1.275605
31764	-2627.05	-2732.876	105.8254	1.317602	0.685864	0.314136	1.160047
31770	-2629.867	-2735.62	105.7533	1.472211	0.820113	0.179887	1.085653
31776	-2622.431	-2728.37	105.9392	1.397613	0.696914	0.303086	0.9774999
31782	-2621.052	-2726.949	105.8974	1.321852	0.776716	0.223284	1.091381
31788	-2623.035	-2728.833	105.7982	1.449411	0.741053	0.258947	1.064979
31794	-2629.625	-2735.676	106.0509	1.442897	0.812924	0.187076	0.7968284
31800	-2624.194	-2730.147	105.953	1.402362	0.70763	0.29237	0.9583386
31806	-2638.389	-2744.309	105.9197	1.435659	0.720935	0.279065	0.9583386
31812	-2627.992	-2734.017	106.025	1.349562	0.720935	0.279065	0.9380499
31818	-2639.784	-2745.726	105.9415	1.217342	0.831654	0.168346	1.146029
31824	-2636.567	-2742.107	105.5399	1.104833	0.750929	0.249071	1.556012
31830	-2629.982	-2735.829	105.8478	1.056577	0.750929	0.249071	1.358227
31836	-2633.672	-2738.931	105.2587	1.104138	0.81247	0.18753	1.758005
31842	-2618.326	-2724.012	105.6867	1.215586	0.850945	0.149055	1.359891
31848	-2623.063	-2729.059	105.9965	1.457032	0.795599	0.204401	0.8482831
31854	-2629.274	-2735.159	105.8858	1.644718	0.77283	0.22717	0.7445478
31860	-2629.519	-2735.422	105.9036	1.552693	0.723393	0.276607	0.8449377
31866	-2630.473	-2736.373	105.8999	1.417841	0.723771	0.276229	0.9969011
31872	-2624.65	-2730.593	105.9429	1.520563	0.785724	0.214276	0.8360886
31878	-2633.567	-2739.576	106.0087	1.418243	0.749915	0.250085	0.8798438
31884	-2623.422	-2729.355	105.9336	1.623335	0.740957	0.259043	0.701828
31890	-2620.317	-2726.292	105.9753	1.613515	0.772314	0.227686	0.6389821
31896	-2625.068	-2731.02	105.9526	1.605912	0.772314	0.227686	0.6990669
31902	-2622.56	-2728.52	105.9603	1.611425	0.742306	0.257694	0.6747749
31908	-2618.846	-2724.902	106.0566	1.401897	0.714874	0.285126	0.8421843
31914	-2622.462	-2728.486	106.0234	1.488319	0.750183	0.249817	0.7722118
31920	-2623.885	-2729.932	106.0468	1.444029	0.794474	0.205526	0.8008767
31926	-2626.784	-2732.76	105.9759	1.514901	0.712813	0.287187	0.8008767
31932	-2626.068	-2732.033	105.9648	1.52869	0.728401	0.271599	0.7973071
31938	-2629.44	-2735.378	105.9371	1.488549	0.650492	0.349508	0.881317
31944	-2630.24	-2736.273	106.0329	1.394624	0.650492	0.349508	0.8791749
31950	-2633.147	-2739.072	105.9251	1.561722	0.873477	0.126523	0.8061988
31956	-2622.175	-2728.182	106.0075	1.462057	0.806587	0.193413	0.8284226
31962	-2619.362	-2725.437	106.0748	1.322015	0.797642	0.202358	0.9138782
31968	-2625.645	-2731.461	105.8166	1.27446	0.692719	0.307281	1.204995
31974	-2621.154	-2726.871	105.7173	1.167047	0.734009	0.265991	1.373986
31980	-2626.145	-2731.862	105.7166	1.089357	0.813272	0.186728	1.434891
31986	-2614.33	-2719.987	105.6564	1.199867	0.75051	0.24949	1.395932
31992	-2620.435	-2726.151	105.7165	1.30951	0.758655	0.241345	1.259756
31998	-2636.524	-2742.304	105.7804	1.273428	0.758655	0.241345	1.236569
32004	-2625.284	-2731.059	105.7748	1.289947	0.74752	0.25248	1.227365
32010	-2618.294	-2724.141	105.8477	1.366522	0.777566	0.222434	1.096037
32016	-2632.261	-2738.2	105.9388	1.359218	0.764607	0.235393	1.016455
32022	-2625.432	-2731.335	105.9033	1.470743	0.719216	0.280784	0.9385623
32028	-2624.872	-2730.879	106.0073	1.366771	0.678073	0.321927	0.9385623
32034	-2632.013	-2737.949	105.9361	1.362091	0.751625	0.248375	1.016345
32040	-2624.32	-2730.177	105.8564	1.211714	0.79442	0.20558	1.224515
32046	-2631.038	-2736.589	105.5515	1.24504	0.735755	0.264245	1.442111
32052	-2624.36	-2730.011	105.6512	1.145351	0.735755	0.264245	1.442111
32058	-2629.592	-2734.974	105.3823	1.108382	0.735755	0.264245	1.667713
32064	-2629.168	-2734.616	105.4486	1.044517	0.730102	0.269898	1.665949
32070	-2629.32	-2735.3	105.9799	1.497472	0.714447	0.285553	0.818395
32076	-2627.237	-2733.201	105.9644	1.460788	0.686684	0.313316	0.8818651
32082	-2617.184	-2723.115	105.9318	1.581684	0.787547	0.212453	0.7696598
32088	-2630.106	-2736.076	105.9706	1.547284	0.66567	0.33433	0.7632709
32094	-2621.804	-2727.788	105.9839	1.479684	0.811059	0.188941	0.8358435
32100	-2620.54	-2726.493	105.9533	1.578595	0.759453	0.240547	0.7425078
32106	-2620.593	-2726.543	105.9505	1.551834	0.748221	0.251779	0.7853418
32112	-2618.14	-2724.008	105.8682	1.412609	0.726944	0.273056	1.033256
32118	-2613.317	-2718.94	105.6234	1.168866	0.726944	0.273056	1.44537
32124	-2623.86	-2729.431	105.571	1.076427	0.73407	0.26593	1.554005
32130	-2634.093	-2739.66	105.5668	0.9957488	0.6577	0.3423	1.61601
32136	-2621.307	-2727.223	105.9161	1.127213	0.76997	0.23003	1.245395
32142	-2631.73	-2737.718	105.9878	1.281869	0.7214	0.2786	1.043975
32148	-2624.668	-2730.467	105.7993	1.294208	0.759755	0.240245	1.202946
32154	-2626.953	-2732.775	105.8219	1.356715	0.763197	0.236803	1.12837
32160	-2626.029	-2731.88	105.8512	1.339569	0.744464	0.255536	1.117417
32166	-2622.036	-2728.005	105.9693	1.397939	0.69691	0.30309	0.9458432
32172	-2621.852	-2727.634	105.7821	1.437485	0.810211	0.189789	1.091098
32178	-2634.71	-2740.658	105.9484	1.501238	0.760116	0.239884	0.8530132
32184	-2637.292	-2743.114	105.822	1.7992	0.769539	0.230461	0.4884974
32190	-2626.105	-2731.926	105.8217	1.7992	0.764381	0.235619	0.4831173
32196	-2625.046	-2730.83	105.7837	1.837634	0.764381	0.235619	0.4909686
32202	-2627.016	-2732.849	105.8326	1.785799	0.75576	0.24424	0.4619469
32208	-2627.414	-2733.152	105.7385	1.879811	0.754471	0.245529	0.4611164
32214	-2634.732	-2740.447	105.7158	1.879811	0.730703	0.269297	0.3947628
32220	-2635.674	-2741.332	105.6577	1.265696	0.654367	0.345633	1.343099
32226	-2635.341	-2740.957	105.6166	1.142613	0.705357	0.294643	1.470541
32232	-2633.976	-2739.778	105.8018	1.237356	0.814562	0.185438	1.248813
32238	-2628.436	-2734.296	105.8607	1.354751	0.732269	0.267731	1.094908
32244	-2630.427	-2736.091	105.6635	1.946829	0.756981	0.243019	0.4291707
32250	-2633.752	-2739.416	105.6643	1.946829	0.836946	0.163054	0.4314613
32256	-2636.144	-2741.955	105.8101	1.809525	0.802335	0.197665	0.4705863
32262	-2626.154	-2732.188	106.0342	1.297397	0.762785	0.237215	0.9828353
32268	-2629.67	-2735.614	105.944	1.272638	0.761251	0.238749	1.093815
32274	-2631.067	-2737.031	105.9636	1.27501	0.684085	0.315915	1.073434
32280	-2626.944	-2732.906	105.9615	1.326118	0.8054	0.1946	1.026641
32286	-2624.884	-2730.652	105.7674	1.303496	0.821816	0.178184	1.2222
32292	-2626.466	-2732.17	105.7045	1.220463	0.714954	0.285046	1.341871
32298	-2630.047	-2735.943	105.8965	1.428881	0.621355	0.378645	0.9891499
32304	-2625.621	-2731.588	105.9671	1.507511	0.796637	0.203363	0.8219427
32310	-2626.641	-2732.179	105.538	2.007319	0.770119	0.229881	0.3293684
32316	-2623.02	-2728.6	105.5801	2.007319	0.780274	0.219726	0.380578
32322	-2625.629	-2731.318	105.6891	1.921029	0.815936	0.184064	0.4284605
32328	-2619.244	-2725.019	105.775	1.838952	0.779867	0.220133	0.4412565
32334	-2626.758	-2732.565	105.8067	1.806422	0.779867	0.220133	0.5674587
32340	-2632.452	-2738.307	105.8556	1.669051	0.667506	0.332494	0.7534371
32346	-2633.132	-2738.928	105.7959	1.823973	0.732435	0.267565	0.5289364
32352	-2630.66	-2736.57	105.9101	1.711294	0.785621	0.214379	0.5061223
32358	-2630.722	-2736.625	105.9038	1.685483	0.753296	0.246704	0.6377374
32364	-2625.353	-2731.285	105.9316	1.653809	0.747526	0.252474	0.6465853
32370	-2628.656	-2734.61	105.9545	1.66475	0.828538	0.171462	0.5339143
32376	-2621.309	-2727.267	105.9579	1.652865	0.783395	0.216605	0.5768365
32382	-2625.706	-2731.594	105.8887	1.695739	0.689956	0.310044	0.6486875
32388	-2621.404	-2727.402	105.9979	1.586428	0.769085	0.230915	0.6490051
32394	-2621.007	-2727.065	106.0581	1.531	0.744433	0.255567	0.638184
32400	-2622.425	-2728.358	105.9327	1.574965	0.744433	0.255567	0.7778275
32406	-2623.034	-2729.056	106.022	1.416386	0.708507	0.291493	0.8663851
32412	-2623.761	-2729.728	105.9663	1.50986	0.715498	0.284502	0.8200133
32418	-2627.906	-2733.86	105.9538	1.387771	0.714884	0.285116	0.9726189
32424	-2629.641	-2735.584	105.9431	1.50367	0.786471	0.213529	0.8564799
32430	-2625.861	-2731.834	105.9726	1.414442	0.786471	0.213529	0.9246182
32436	-2632.204	-2738.144	105.9393	1.45851	0.786471	0.213529	0.9127513
32442	-2632.007	-2737.966	105.9591	1.598414	0.809262	0.190738	0.7007336
32448	-2623.981	-2729.897	105.916	1.628207	0.732859	0.267141	0.7231625
32454	-2620.208	-2726.111	105.9035	1.700972	0.736305	0.263695	0.5980592
32460	-2621.67	-2727.653	105.9829	1.562886	0.754599	0.245401	0.7205708
32466	-2623.583	-2729.582	105.9992	1.561921	0.799728	0.200272	0.6943169
32472	-2630.654	-2736.609	105.9549	1.607756	0.797046	0.202954	0.6915838
32478	-2633.333	-2739.305	105.9717	1.561291	0.832268	0.167732	0.7408812
32484	-2639.896	-2745.321	105.4243	2.052635	0.652851	0.347149	0.2770615
32490	-2631.151	-2737.052	105.9014	1.698933	0.805243	0.194757	0.6098978
32496	-2644.401	-2750.255	105.8543	1.746108	0.683839	0.316161	0.6098978
32502	-2633.516	-2739.204	105.688	1.915728	0.696615	0.303385	0.4116626
32508	-2627.125	-2732.792	105.6661	1.919434	0.845503	0.154497	0.3776635
32514	-2627.397	-2733.043	105.6454	1.954286	0.715893	0.284107	0.402795
32520	-2619.474	-2725.212	105.7371	1.869807	0.767128	0.232872	0.4195098
32526	-2618.901	-2724.742	105.8406	1.778029	0.697069	0.302931	0.5389925
32532	-2621.381	-2727.379	105.9978	1.593919	0.815489	0.184511	0.6321469
32538	-2624.832	-2730.804	105.9722	1.561395	0.774373	0.225627	0.7399467
32544	-2618.638	-2724.579	105.9408	1.517532	0.829438	0.170562	0.842321
32550	-2627.996	-2734.042	106.0462	1.505547	0.763437	0.236563	0.7107223
32556	-2630.965	-2736.786	105.8203	1.427953	0.752419	0.247581	1.064351
32562	-2625.254	-2731.279	106.0249	1.363233	0.752419	0.247581	0.9233805
32568	-2627.146	-2733.184	106.0373	1.390417	0.785466	0.214534	0.878899
32574	-2643.003	-2748.875	105.8723	1.354797	0.807913	0.192087	1.084143
32580	-2628.896	-2734.629	105.7326	1.350406	0.796781	0.203219	1.211937
32586	-2624.865	-2730.816	105.9509	1.406696	0.786002	0.213998	0.9560421
32592	-2628.857	-2734.857	105.9993	1.261197	0.869552	0.130448	1.052739
32598	-2627.382	-2733.394	106.0122	1.365544	0.758422	0.241578	0.9346545
32604	-2633.076	-2738.907	105.8302	1.260054	0.835897	0.164103	1.205723
32610	-2630.309	-2736.177	105.868	1.353036	0.799007	0.200993	1.089747
32616	-2635.384	-2741.362	105.9781	1.4284	0.675668	0.324332	0.903087
32622	-2630.107	-2736.028	105.9215	1.478557	0.780399	0.219601	0.9102707
32628	-2629.48	-2735.548	106.0683	1.379381	0.73721	0.26279	0.8553566
32634	-2634.234	-2740.22	105.9859	1.256494	0.747067	0.252933	1.069921
32640	-2632.615	-2738.448	105.8329	1.319108	0.762536	0.237464	1.152076
32646	-2625.623	-2731.393	105.7696	1.286437	0.77783	0.22217	1.234705
32652	-2628.512	-2734.035	105.5235	1.127293	0.763646	0.236354	1.551562
32658	-2622.037	-2727.836	105.7993	1.051888	0.764251	0.235749	1.399887
32664	-2622.77	-2728.551	105.7805	1.231454	0.674773	0.325227	1.271394
32670	-2629.158	-2734.974	105.8165	1.341396	0.744181	0.255819	1.146901
32676	-2631.917	-2737.536	105.6188	1.058368	0.755138	0.244862	1.532004
32682	-2638.33	-2744.197	105.8664	1.139175	0.802661	0.197339	1.276654
32688	-2629.182	-2734.743	105.5612	1.055231	0.743492	0.256508	1.576795
32694	-2635.712	-2740.957	105.2448	0.9571665	0.806343	0.193657	1.869068
32700	-2638.864	-2744.077	105.213	0.9097569	0.8485	0.1515	1.922859
32706	-2631.239	-2736.762	105.5229	0.9780096	0.717156	0.282844	1.660393
32712	-2634.109	-2739.639	105.5292	1.013464	0.819745	0.180255	1.630367
32718	-2628.762	-2734.315	105.5531	0.9896334	0.819745	0.180255	1.630367
32724	-2621.011	-2726.324	105.3132	1.013672	0.781558	0.218442	1.783032
32730	-2623.383	-2728.786	105.4027	1.035941	0.782175	0.217825	1.704681
32736	-2621.954	-2727.58	105.6251	1.092883	0.869596	0.130404	1.501607
32742	-2622.073	-2727.683	105.6107	1.199051	0.708758	0.291242	1.431929
32748	-2618.155	-2723.966	105.8111	1.195154	0.687707	0.312293	1.276051
32754	-2632.549	-2737.919	105.3701	1.166302	0.664295	0.335705	1.634896
32760	-2626.138	-2731.892	105.7531	1.089458	0.691109	0.308891	1.406594
32766	-2624.217	-2730.042	105.8249	1.29748	0.734688	0.265312	1.17804
32772	-2627.089	-2733.098	106.0097	1.39525	0.826061	0.173939	0.9047897
32778	-2621.351	-2727.27	105.9186	1.384094	0.677185	0.322815	1.011826
32784	-2621.899	-2727.919	106.0204	1.328533	0.684637	0.315363	0.9650209
32790	-2619.439	-2725.446	106.0076	1.411934	0.806777	0.193223	0.8883488
32796	-2614.382	-2720.187	105.8048	1.433043	0.721918	0.278082	1.074186
32802	-2622.679	-2728.57	105.8909	1.386523	0.743293	0.256707	1.036523
32808	-2622.031	-2727.872	105.8406	1.291999	0.716163	0.283837	1.169172
32814	-2631.937	-2737.762	105.8252	1.179348	0.733761	0.266239	1.277494
32820	-2628.666	-2734.631	105.9655	1.257422	0.811372	0.188628	1.08806
32826	-2623.145	-2729.081	105.9354	1.304077	0.764116	0.235884	1.072589
32832	-2628.305	-2734.173	105.8681	1.37145	0.77504	0.22496	1.072589
32838	-2624.618	-2730.271	105.6535	1.159168	0.67362	0.32638	1.429708
32844	-2625.236	-2730.894	105.6576	1.233856	0.73507	0.26493	1.368372
32850	-2625.043	-2730.952	105.9092	1.692592	0.708914	0.291086	0.6059072
32856	-2634.444	-2740.356	105.9125	1.704527	0.774591	0.225409	0.5487059
32862	-2625.292	-2731.015	105.7229	1.898505	0.782192	0.217808	0.4955421
32868	-2625.348	-2731.213	105.8654	1.752607	0.729874	0.270126	0.4596346
32874	-2628.758	-2734.485	105.7265	1.89157	0.739705	0.260295	0.4596346
32880	-2626.654	-2731.981	105.3268	1.028998	0.692444	0.307556	1.762892
32886	-2621.59	-2726.797	105.2073	1.128277	0.744265	0.255735	1.776952
32892	-2618.744	-2724.673	105.9296	1.271283	0.744265	0.255735	1.10826
32898	-2626.953	-2732.579	105.6259	1.195307	0.784849	0.215151	1.423145
32904	-2630.975	-2736.77	105.7945	1.215299	0.742803	0.257197	1.273182
32910	-2629.711	-2735.375	105.6637	1.218167	0.81406	0.18594	1.375933
32916	-2623.895	-2729.682	105.7864	1.155885	0.673746	0.326254	1.328019
32922	-2626.475	-2732.305	105.8301	1.257781	0.798476	0.201524	1.207756
32928	-2625.443	-2731.501	106.0585	1.306277	0.727171	0.272829	0.9484462
32934	-2626.528	-2732.467	105.9391	1.443578	0.780578	0.219422	0.9292858
32940	-2631.121	-2737.162	106.0417	1.341004	0.768235	0.231765	0.9292858
32946	-2628.204	-2734.26	106.0554	1.391578	0.666022	0.333978	0.8561399
32952	-2619.905	-2725.768	105.8627	1.758597	0.786033	0.213967	0.5105935
32958	-2624.553	-2730.474	105.9216	1.699778	0.785614	0.214386	0.5068945
32964	-2623.72	-2729.596	105.8764	1.745068	0.783582	0.216418	0.5000318
32970	-2627.098	-2732.797	105.6992	1.338437	0.807318	0.192682	1.25012
32976	-2621.331	-2727.139	105.8083	1.440161	0.790483	0.209517	1.064211
32982	-2627.446	-2733.443	105.9968	1.401139	0.790483	0.209517	0.9125826
32988	-2627.838	-2733.788	105.9508	1.434315	0.790483	0.209517	0.9267107
32994	-2628.263	-2733.83	105.5663	2.014517	0.683334	0.316666	0.3706817
33000	-2630.744	-2736.11	105.3658	2.130952	0.790326	0.209674	0.289974
33006	-2624.734	-2730.279	105.5454	2.008825	0.73991	0.26009	0.3382878
33012	-2620.343	-2725.89	105.5475	2.003317	0.793431	0.206569	0.3347994
33018	-2629.363	-2735.008	105.6443	1.927423	0.713189	0.286811	0.3584339
33024	-2630.144	-2735.674	105.53	2.020293	0.760385	0.239615	0.334324
33030	-2627.287	-2732.851	105.5644	2.008805	0.792246	0.207754	0.360348
33036	-2628.545	-2734.37	105.825	1.793538	0.701371	0.298629	0.4627258
33042	-2629.645	-2735.441	105.7959	1.825042	0.788892	0.211108	0.4833583
33048	-2623.583	-2729.272	105.6885	1.916092	0.788892	0.211108	0.41369
33054	-2619.813	-2725.543	105.7297	1.874899	0.788892	0.211108	0.41369
33060	-2622.893	-2728.58	105.6861	1.922275	0.778862	0.221138	0.4232623
33066	-2627.511	-2732.995	105.4846	2.074569	0.739417	0.260583	0.3436605
33072	-2622.011	-2727.499	105.4879	2.071322	0.782498	0.217502	0.3436605
33078	-2624.391	-2729.983	105.5928	1.963438	0.805967	0.194033	0.3404859
33084	-2624.566	-2730.151	105.5851	1.996025	0.723401	0.276599	0.3711573
33090	-2622.987	-2728.481	105.4938	2.038737	0.796137	0.203863	0.3177088
33096	-2618.659	-2724.175	105.5153	2.038737	0.791414	0.208586	0.3381004
33102	-2615.81	-2721.29	105.4803	2.038737	0.767704	0.232296	0.3064514
33108	-2621.679	-2727.076	105.3975	2.121496	0.79084	0.20916	0.3064514
33114	-2625.347	-2731.137	105.7902	1.823922	0.682143	0.317857	0.4416874
33120	-2632.714	-2738.611	105.8975	1.723778	0.637742	0.362258	0.5085192
33126	-2631.483	-2737.243	105.7601	1.861257	0.76555	0.23445	0.5085192
33132	-2623.976	-2729.744	105.7682	1.850988	0.754297	0.245703	0.4670864
33138	-2631.058	-2736.897	105.8393	1.751701	0.714499	0.285501	0.6337
33144	-2632.033	-2737.951	105.9184	1.405544	0.719124	0.280876	0.9906328
33150	-2636.292	-2741.979	105.6867	1.352984	0.728825	0.271175	1.248357
33156	-2643.434	-2749.346	105.9125	1.294408	0.829047	0.170953	1.102742
33162	-2630.937	-2736.906	105.9687	1.263425	0.771574	0.228426	1.079449
33168	-2630.351	-2736.129	105.7773	1.135142	0.787897	0.212103	1.351813
33174	-2623.028	-2728.721	105.6929	1.219504	0.768069	0.231931	1.351813
33180	-2631.461	-2737.145	105.6839	1.176599	0.852751	0.147249	1.392684
33186	-2630.401	-2735.585	105.1841	1.084154	0.664047	0.335953	1.82356
33192	-2625.123	-2730.715	105.5922	1.124075	0.658792	0.341208	1.502869
33198	-2616.742	-2722.706	105.9645	1.234583	0.745196	0.254804	1.109861
33204	-2624.414	-2730.439	106.0254	1.393797	0.746815	0.253185	0.8887096
33210	-2627.011	-2733.029	106.0173	1.539683	0.722755	0.277245	0.7016509
33216	-2632.333	-2738.43	106.0965	1.496772	0.715411	0.284589	0.6283527
33222	-2630.581	-2736.576	105.9951	1.46874	0.720615	0.279385	0.8356195
33228	-2645.066	-2751.061	105.9951	1.46874	0.818807	0.181193	0.8356195
33234	-2627.502	-2733.16	105.6583	1.123293	0.73584	0.26416	1.453489
33240	-2625.815	-2731.628	105.8122	1.191528	0.703638	0.296362	1.278142
33246	-2635.465	-2741.341	105.8759	1.342033	0.740269	0.259731	1.092656
33252	-2621.582	-2727.417	105.835	1.250724	0.843209	0.156791	1.209552
33258	-2629.342	-2734.792	105.4502	1.072188	0.718389	0.281611	1.645014
33264	-2656.562	-2762.394	105.8324	0.9920734	0.767625	0.232375	1.420644
33270	-2640.556	-2746.425	105.869	1.387078	0.755339	0.244661	1.056989
33276	-2631.241	-2737.156	105.9154	1.405048	0.718872	0.281128	0.9941167
33282	-2627.071	-2732.913	105.8416	1.383191	0.79759	0.20241	1.08632
33288	-2627.492	-2733.361	105.869	1.355728	0.83845	0.16155	1.08632
33294	-2631.322	-2737.197	105.8744	1.457805	0.750892	0.249108	0.9822729
33300	-2628.776	-2734.731	105.954	1.415759	0.794321	0.205679	0.9431362
33306	-2621.303	-2727.229	105.9265	1.328233	0.741048	0.258952	1.058233
33312	-2633.31	-2739.004	105.6944	1.236592	0.723859	0.276141	1.33707
33318	-2627.668	-2733.361	105.6931	1.29782	0.776101	0.223899	1.288618
33324	-2635.797	-2741.445	105.6481	1.176822	0.711391	0.288609	1.420291
33330	-2629.556	-2735.391	105.8353	1.238861	0.732931	0.267069	1.219384
33336	-2630.569	-2736.513	105.9441	1.411156	0.726438	0.273562	0.9585009
33342	-2625.074	-2730.87	105.7954	1.309533	0.792636	0.207364	1.193101
33348	-2629.161	-2735.155	105.994	1.186029	0.782599	0.217401	1.127145
33354	-2616.679	-2722.488	105.8093	1.346898	0.725077	0.274923	1.148378
33360	-2615.619	-2721.419	105.7996	1.356569	0.743012	0.256988	1.148378
33366	-2621.381	-2727.343	105.9618	1.396585	0.742982	0.257018	0.9551858
33372	-2616.325	-2722.252	105.9266	1.470597	0.735027	0.264973	0.9134605
33378	-2615.155	-2721.175	106.0206	1.419049	0.699992	0.300008	0.8649121
33384	-2621.593	-2727.539	105.9458	1.493883	0.771189	0.228811	0.8649121
33390	-2621.994	-2727.89	105.8968	1.372573	0.675117	0.324883	1.044261
33396	-2620.449	-2726.355	105.9057	1.405811	0.725687	0.274313	1.003072
33402	-2625.108	-2731.004	105.896	1.447665	0.690263	0.309737	0.9704911
33408	-2629.716	-2735.504	105.7882	1.403479	0.750714	0.249286	1.1166
33414	-2627.874	-2733.635	105.7607	1.327716	0.653783	0.346217	1.207264
33420	-2616.25	-2722.14	105.8907	1.197729	0.777967	0.222033	1.207264
33426	-2616.224	-2722.137	105.9131	1.284004	0.777967	0.222033	1.111668
33432	-2619.502	-2725.415	105.9131	1.192015	0.760672	0.239328	1.192995
33438	-2627.186	-2732.995	105.8093	1.417734	0.79556	0.20444	1.084242
33444	-2629.017	-2734.994	105.9772	1.575009	0.755025	0.244975	0.709808
33450	-2633.921	-2739.97	106.0487	1.445882	0.755025	0.244975	0.7958729
33456	-2622.12	-2728.144	106.0242	1.541098	0.682206	0.317794	0.6867556
33462	-2624.148	-2730.171	106.0229	1.541098	0.793527	0.206473	0.6892111
33468	-2625.93	-2731.909	105.9787	1.418775	0.793527	0.206473	0.9131364
33474	-2623.655	-2729.474	105.8194	1.262089	0.756957	0.243043	1.21318
33480	-2624.679	-2730.455	105.7758	1.305666	0.758122	0.241878	1.213206
33486	-2632.778	-2738.715	105.9374	1.296553	0.771799	0.228201	1.077757
33492	-2627.141	-2733.059	105.918	1.330158	0.819977	0.180023	1.064492
33498	-2618.63	-2724.493	105.8634	1.258126	0.784888	0.215112	1.178775
33504	-2630.407	-2736.382	105.9758	1.31698	0.846656	0.153344	1.021604
33510	-2632.506	-2738.601	106.0957	1.399062	0.752526	0.247474	0.7955489
33516	-2619.923	-2725.911	105.9879	1.421088	0.750944	0.249056	0.900313
33522	-2623.051	-2729.055	106.0043	1.493723	0.750944	0.249056	0.7912187
33528	-2619.911	-2725.818	105.907	1.493945	0.82344	0.17656	0.9093237
33534	-2618.479	-2724.43	105.9511	1.590449	0.696857	0.303143	0.7273664
33540	-2628.268	-2734.408	106.1402	1.402968	0.739536	0.260464	0.7247803
33546	-2622.53	-2728.575	106.0454	1.500904	0.831254	0.168746	0.7196658
33552	-2633.499	-2739.463	105.9636	1.598402	0.711713	0.288287	0.6927406
33558	-2635.703	-2741.674	105.971	1.556354	0.742671	0.257329	0.7493111
33564	-2622.955	-2728.92	105.9647	1.495414	0.681645	0.318355	0.8401272
33570	-2629.288	-2735.141	105.8528	1.688408	0.797376	0.202624	0.727997
33576	-2625.221	-2731.144	105.9224	1.659186	0.786845	0.213155	0.6549128
33582	-2632.953	-2738.839	105.8853	1.519984	0.825033	0.174967	0.9044108
33588	-2628.055	-2733.823	105.7681	1.651536	0.793682	0.206318	0.8882783
33594	-2626.251	-2732.109	105.8585	1.586476	0.690282	0.309718	0.8585303
33600	-2626.817	-2732.393	105.5764	1.99942	0.729123	0.270877	0.3637067
33606	-2628.542	-2734.252	105.7103	1.87691	0.802954	0.197046	0.3802969
33612	-2631.142	-2736.968	105.8262	1.727812	0.665602	0.334398	0.7068253
33618	-2630.368	-2736.284	105.9151	1.682835	0.665602	0.334398	0.6163912
33624	-2628.08	-2733.989	105.9087	1.682306	0.786046	0.213954	0.633834
33630	-2621.498	-2727.401	105.903	1.68797	0.781464	0.218536	0.633834
33636	-2623.579	-2729.489	105.9106	1.659883	0.82375	0.17625	0.6771363
33642	-2624.994	-2730.768	105.7739	1.836656	0.824915	0.175085	0.5774677
33648	-2625.068	-2730.852	105.7838	1.836656	0.710361	0.289639	0.4772954
33654	-2623.934	-2729.72	105.7861	1.835343	0.792443	0.207557	0.4969933
33660	-2621.196	-2727.178	105.9818	1.494939	0.767084	0.232916	0.8192815
33666	-2618.22	-2724.239	106.0188	1.498782	0.728405	0.271595	0.7637497
33672	-2615.617	-2721.648	106.031	1.488917	0.759596	0.240404	0.760445
33678	-2614.695	-2720.708	106.0129	1.523492	0.759596	0.240404	0.7355002
33684	-2622.329	-2728.303	105.9744	1.499047	0.886877	0.113123	0.8234654
33690	-2624.541	-2730.603	106.0622	1.293214	0.851424	0.148576	0.9582882
33696	-2633.161	-2738.979	105.8184	1.373491	0.705259	0.294741	1.116454
33702	-2634.17	-2739.921	105.7512	1.86177	0.797748	0.202252	0.5678705
33708	-2621.92	-2727.754	105.8341	1.783568	0.723495	0.276505	0.5445944
33714	-2613.428	-2719.194	105.7663	1.84371	0.789259	0.210741	0.4279232
33720	-2613.665	-2719.394	105.7284	1.882313	0.808609	0.191391	0.4301088
33726	-2614.706	-2720.432	105.7255	1.882313	0.72483	0.27517	0.4219085
33732	-2613.848	-2719.565	105.7165	1.891308	0.788899	0.211101	0.4219085
33738	-2619.577	-2725.293	105.7165	1.891308	0.832869	0.167131	0.4219085
33744	-2623.669	-2729.406	105.7375	1.882157	0.800608	0.199392	0.5303823
33750	-2627.505	-2733.419	105.9144	1.669942	0.77094	0.22906	0.6489131
33756	-2636.15	-2742.021	105.8717	1.737014	0.807665	0.192335	0.5843248
33762	-2630.317	-2736.209	105.8919	1.729099	0.726865	0.273135	0.4851497
33768	-2629.119	-2735.011	105.8911	1.72266	0.778245	0.221755	0.4406294
33774	-2623.317	-2729.239	105.9222	1.695959	0.735223	0.264777	0.5416001
33780	-2622.606	-2728.367	105.7609	1.860292	0.693076	0.306924	0.4879586
33786	-2625.169	-2730.794	105.6249	1.960922	0.721449	0.278551	0.378174
33792	-2625.793	-2731.382	105.5888	1.960629	0.823571	0.176429	0.3333958
33798	-2636.006	-2741.646	105.6403	1.955484	0.731145	0.268855	0.3950779
33804	-2625.969	-2731.512	105.5426	2.020547	0.764585	0.235415	0.3480396
33810	-2628.129	-2733.689	105.56	2.007694	0.826103	0.173897	0.3534394
33816	-2623.786	-2729.388	105.6021	1.970134	0.70171	0.29829	0.3590157
33822	-2623.289	-2728.76	105.4717	2.044409	0.763524	0.236476	0.304193
33828	-2624.569	-2730.113	105.5442	2.002513	0.742122	0.257878	0.3306891
33834	-2626.655	-2732.313	105.6583	1.911438	0.742122	0.257878	0.3558775
33840	-2628.14	-2733.636	105.4961	2.064471	0.756317	0.243683	0.3452237
33846	-2635.581	-2741.09	105.5097	2.054286	0.754299	0.245701	0.3490357
33852	-2624.516	-2729.974	105.4576	2.070129	0.79207	0.20793	0.3135485
33858	-2628.425	-2733.936	105.5109	2.061424	0.79207	0.20793	0.3592384
33864	-2638.44	-2743.863	105.4222	2.083079	0.728929	0.271071	0.2960369
33870	-2639.846	-2745.273	105.4273	2.086291	0.77467	0.22533	0.3022199
33876	-2635.989	-2741.39	105.4017	2.111918	0.77076	0.22924	0.3022199
33882	-2628.37	-2734.205	105.8344	1.220231	0.793488	0.206512	1.235855
33888	-2632.839	-2738.615	105.776	1.130608	0.718926	0.281074	1.356465
33894	-2625.307	-2731.09	105.7832	1.123326	0.710864	0.289136	1.356465
33900	-2633.347	-2739.094	105.7475	1.130904	0.684539	0.315461	1.378667
33906	-2629.6	-2735.31	105.7099	1.214745	0.81761	0.18239	1.342096
33912	-2629.696	-2735.149	105.453	1.05399	0.828142	0.171858	1.65603
33918	-2633.617	-2739.296	105.6797	1.049313	0.665915	0.334085	1.493314
33924	-2625.596	-2731.676	106.0802	1.512416	0.631678	0.368322	0.6300023
33930	-2626.723	-2732.425	105.7015	1.226557	0.803783	0.196217	1.339423
33936	-2621.582	-2727.282	105.6998	1.202356	0.813796	0.186204	1.359955
33942	-2623.106	-2728.626	105.5199	1.215185	0.813796	0.186204	1.488735
33948	-2619.601	-2725.58	105.9788	1.267875	0.786746	0.213254	1.065819
33954	-2614.971	-2720.905	105.9335	1.309634	0.711466	0.288534	1.069206
33960	-2621.758	-2727.706	105.9488	1.331643	0.765637	0.234363	1.033614
33966	-2620.515	-2726.437	105.9226	1.407122	0.76743	0.23257	0.9847761
33972	-2619.235	-2725.234	105.9993	1.505081	0.839184	0.160816	0.7824533
33978	-2621.292	-2727.084	105.792	1.342707	0.688671	0.311329	1.167334
33984	-2614.925	-2720.925	106.0004	1.434973	0.753766	0.246234	0.8699354
33990	-2621.266	-2727.043	105.7767	1.417294	0.753766	0.246234	1.114509
33996	-2618.776	-2724.76	105.9838	1.540163	0.710783	0.289217	0.7543634
34002	-2620.087	-2726.064	105.9773	1.51369	0.710783	0.289217	0.8007011
34008	-2615.748	-2721.712	105.9641	1.511706	0.748153	0.251847	0.8204945
34014	-2615.456	-2721.316	105.8603	1.716585	0.799977	0.200023	0.6646172
34020	-2622.239	-2728.239	106.0002	1.541401	0.767615	0.232385	0.7272958
34026	-2620.088	-2726.027	105.9387	1.541401	0.77612	0.22388	0.8149311
34032	-2614.726	-2720.76	106.0338	1.532838	0.70022	0.29978	0.6843124
34038	-2612.404	-2718.427	106.0224	1.499027	0.731017	0.268983	0.7582431
34044	-2614.425	-2720.47	106.0457	1.332862	0.731017	0.268983	0.9337586
34050	-2619.781	-2725.682	105.9008	1.304456	0.761675	0.238325	1.104273
34056	-2616.962	-2723.034	106.0719	1.409574	0.808074	0.191926	0.8131048
34062	-2624.028	-2729.967	105.9387	1.374605	0.752115	0.247885	1.001342
34068	-2634.389	-2740.446	106.057	1.406441	0.806878	0.193122	0.8360257
34074	-2631.729	-2737.702	105.9731	1.196587	0.824965	0.175035	1.136441
34080	-2636.741	-2742.717	105.9757	1.422396	0.740692	0.259308	0.9124057
34086	-2629.621	-2735.549	105.9278	1.49749	0.74625	0.25375	0.8817365
34092	-2628.066	-2734.136	106.0702	1.462801	0.74625	0.25375	0.7407922
34098	-2619.125	-2725.191	106.0662	1.373113	0.74625	0.25375	0.865283
34104	-2623.161	-2729.058	105.8971	1.342955	0.74625	0.25375	1.072051
34110	-2631.92	-2737.864	105.944	1.327024	0.684947	0.315053	1.042713
34116	-2628.125	-2734.182	106.0575	1.245732	0.7172	0.2828	1.011324
34122	-2631.178	-2737.218	106.0401	1.44009	0.684364	0.315636	0.8148387
34128	-2624.449	-2730.405	105.9562	1.478572	0.733377	0.266623	0.8707118
34134	-2628.997	-2734.941	105.9433	1.276662	0.674047	0.325953	1.09079
34140	-2625.776	-2731.497	105.7209	1.341546	0.770905	0.229095	1.229292
34146	-2633.708	-2739.516	105.8088	1.425771	0.792959	0.207041	1.077204
34152	-2618.96	-2724.833	105.8729	1.424031	0.838211	0.161789	1.017564
34158	-2618.574	-2724.484	105.9108	1.386063	0.758499	0.241501	1.017564
34164	-2620.422	-2726.317	105.8943	1.725169	0.685293	0.314707	0.5320652
34170	-2625.727	-2731.609	105.8821	1.650255	0.706664	0.293336	0.7417808
34176	-2623.661	-2729.542	105.8807	1.627342	0.722521	0.277479	0.7773879
34182	-2627.106	-2732.985	105.8793	1.663704	0.85806	0.14194	0.7250693
34188	-2623.915	-2729.899	105.9843	1.548736	0.63311	0.36689	0.7406781
34194	-2621.757	-2727.795	106.0375	1.510033	0.778869	0.221131	0.7176317
34200	-2623.716	-2729.598	105.8824	1.340729	0.684151	0.315849	1.087881
34206	-2620.678	-2726.604	105.9251	1.340729	0.803072	0.196928	1.047672
34212	-2618.174	-2724.23	106.0553	1.287122	0.69108	0.30892	0.9717431
34218	-2622.978	-2729.071	106.093	1.393923	0.779215	0.220785	0.8059734
34224	-2627.724	-2733.652	105.9279	1.499303	0.76176	0.23824	0.8795578
34230	-2624.749	-2730.724	105.9748	1.500812	0.747453	0.252547	0.8207637
34236	-2633.837	-2739.911	106.0746	1.386841	0.747453	0.252547	0.8386007
34242	-2615.29	-2721.059	105.769	1.834766	0.789955	0.210045	0.4118141
34248	-2621.314	-2727.128	105.814	1.80705	0.728479	0.271521	0.4849564
34254	-2622.013	-2727.876	105.8633	1.757744	0.723639	0.276361	0.4849564
34260	-2625.778	-2731.731	105.9523	1.652046	0.693942	0.306058	0.5982479
34266	-2628.853	-2734.879	106.0256	1.552428	0.78254	0.21746	0.6622449
34272	-2622.066	-2728.031	105.9647	1.635248	0.809765	0.190235	0.6110315
34278	-2622.345	-2728.241	105.8961	1.719428	0.84242	0.15758	0.5566382
34284	-2631.974	-2737.905	105.9308	1.664641	0.808882	0.191118	0.6228369
34290	-2632.698	-2738.769	106.0712	1.356221	0.710086	0.289914	0.8792197
34296	-2637.823	-2743.799	105.9766	1.507204	0.826889	0.173111	0.8101053
34302	-2636.761	-2742.632	105.8718	1.462269	0.826889	0.173111	0.9803969
34308	-2626.795	-2732.695	105.9001	1.571	0.762028	0.237972	0.8264117
34314	-2629.219	-2735.252	106.0338	1.436315	0.682949	0.317051	0.8277031
34320	-2635.77	-2741.768	105.9978	1.462361	0.85046	0.14954	0.8401461
34326	-2626.486	-2732.486	106.0002	1.588577	0.816151	0.183849	0.6388686
34332	-2623.467	-2729.46	105.9932	1.576753	0.7377	0.2623	0.6781313
34338	-2613.128	-2719.042	105.9137	1.65363	0.7377	0.2623	0.6830678
34344	-2618.017	-2723.914	105.8969	1.71488	0.760827	0.239173	0.5728754
34350	-2618.776	-2724.72	105.9445	1.632238	0.754673	0.245327	0.6647961
34356	-2621.709	-2727.787	106.0772	1.449668	0.687214	0.312786	0.7500544
34362	-2611.592	-2717.611	106.0183	1.360087	0.753817	0.246183	0.9339185
34368	-2620.254	-2726.22	105.9664	1.344592	0.752579	0.247421	1.003664
34374	-2617.048	-2722.931	105.8826	1.355612	0.764481	0.235519	1.07379
34380	-2629.099	-2735.147	106.048	1.346788	0.680155	0.319845	0.9160536
34386	-2632.8	-2738.849	106.0491	1.296107	0.680155	0.319845	0.968967
34392	-2621.909	-2727.724	105.8153	1.32897	0.733364	0.266636	1.158915
34398	-2619.042	-2724.839	105.7974	1.19864	0.719658	0.280342	1.284446
34404	-2629.768	-2735.534	105.7657	1.129756	0.70184	0.29816	1.36522
34410	-2628.856	-2734.53	105.6735	0.9290418	0.771328	0.228672	1.586954
34416	-2624.682	-2730.009	105.3262	1.069361	0.773141	0.226859	1.735041
34422	-2631.211	-2736.431	105.2195	0.8612898	0.810838	0.189162	1.951097
34428	-2621.267	-2726.846	105.5786	1.047677	0.814363	0.185637	1.569586
34434	-2629.049	-2734.777	105.728	1.153593	0.842444	0.157556	1.376168
34440	-2630.451	-2736.112	105.6605	1.195541	0.834695	0.165305	1.39613
34446	-2630.267	-2736.08	105.813	1.247426	0.738538	0.261462	1.231044
34452	-2628.2	-2733.98	105.7802	1.187176	0.769138	0.230862	1.30783
34458	-2630.122	-2735.895	105.7731	1.19427	0.712149	0.287851	1.30783
34464	-2628.231	-2733.902	105.6714	1.203573	0.691001	0.308999	1.381369
34470	-2629.081	-2734.995	105.9147	1.248638	0.74017	0.25983	1.14207
34476	-2624.015	-2729.969	105.9543	1.389055	0.733541	0.266459	0.9708701
34482	-2623.427	-2729.238	105.8113	1.402175	0.765768	0.234232	1.096789
34488	-2627.022	-2733.016	105.9947	1.336637	0.753257	0.246743	0.9831705
34494	-2635.432	-2741.37	105.9377	1.273005	0.762962	0.237038	1.09926
34500	-2626.371	-2732.298	105.9267	1.406537	0.836892	0.163108	0.9811851
34506	-2631.159	-2737.026	105.8669	1.153336	0.775038	0.224962	1.264576
34512	-2629.184	-2735.008	105.8236	1.254825	0.753005	0.246995	1.215761
34518	-2630.856	-2736.696	105.8402	1.238305	0.768235	0.231765	1.215761
34524	-2625.094	-2730.963	105.8691	1.489256	0.760803	0.239197	0.9552204
34530	-2627.848	-2733.804	105.9564	1.473482	0.85227	0.14773	0.8763541
34536	-2629.053	-2735.102	106.0488	1.406185	0.85227	0.14773	0.8464413
34542	-2626.106	-2731.217	105.1105	0.8965089	0.735453	0.264547	2.000523
34548	-2629.029	-2734.148	105.1191	0.9117332	0.69209	0.30791	1.984576
34554	-2622.765	-2728.237	105.4715	1.084591	0.731319	0.268681	1.620658
34560	-2628.697	-2734.295	105.5982	1.095886	0.856878	0.143122	1.519427
34566	-2622.538	-2728.246	105.7087	1.124168	0.844692	0.155308	1.414154
34572	-2627.703	-2733.599	105.8955	1.101924	0.805348	0.194652	1.283323
34578	-2623.643	-2729.348	105.7057	1.03989	0.805348	0.194652	1.480777
34584	-2626.794	-2732.394	105.5997	1.117191	0.731249	0.268751	1.502394
34590	-2627.031	-2733.011	105.98	1.570313	0.732272	0.267728	0.7131047
34596	-2617.848	-2723.849	106.0013	1.597132	0.770183	0.229817	0.6150416
34602	-2618.681	-2724.733	106.0525	1.504091	0.753993	0.246007	0.7024262
34608	-2618.017	-2724.023	106.0056	1.561429	0.813119	0.186881	0.6835294
34614	-2612.757	-2718.79	106.033	1.506864	0.751737	0.248263	0.730001
34620	-2630.398	-2736.084	105.6857	1.228357	0.74261	0.25739	1.350566
34626	-2632.208	-2738.134	105.9256	1.218756	0.784216	0.215784	1.158834
34632	-2628.25	-2734.114	105.8635	1.290629	0.678557	0.321443	1.150224
34638	-2626.746	-2732.536	105.7898	1.172195	0.861108	0.138892	1.312167
34644	-2623.348	-2729.157	105.8088	1.250679	0.727048	0.272952	1.23182
34650	-2618.815	-2724.581	105.7664	1.213343	0.644948	0.355052	1.297727
34656	-2620.221	-2725.986	105.7655	1.300518	0.744574	0.255426	1.226293
34662	-2631.422	-2737.129	105.7067	1.250294	0.795453	0.204547	1.31618
34668	-2630.652	-2736.166	105.5137	1.167812	0.778365	0.221635	1.528796
34674	-2629.208	-2734.98	105.772	1.105229	0.71231	0.28769	1.379607
34680	-2626.081	-2731.732	105.651	1.226234	0.775241	0.224759	1.379607
34686	-2630.438	-2735.869	105.4306	1.082737	0.720444	0.279556	1.651448
34692	-2636.426	-2741.872	105.4462	1.102678	0.719836	0.280164	1.625897
34698	-2624.694	-2730.523	105.8287	1.338448	0.833421	0.166579	1.138686
34704	-2636.841	-2742.712	105.8713	1.280942	0.833421	0.166579	1.151859
34710	-2628.063	-2733.821	105.7579	1.853316	0.86369	0.13631	0.4319162
34716	-2633.83	-2739.566	105.7361	1.875131	0.795093	0.204907	0.4319162
34722	-2629.774	-2735.644	105.8705	1.7506	0.795093	0.204907	0.486512
34728	-2625.254	-2731.133	105.879	1.736934	0.704248	0.295752	0.5544038
34734	-2632.976	-2738.524	105.5482	1.292729	0.802598	0.197402	1.407884
34740	-2629.443	-2735.416	105.9734	1.589402	0.720064	0.279936	0.6913636
34746	-2622.15	-2728.125	105.9746	1.630386	0.784893	0.215107	0.5963863
34752	-2625.767	-2731.765	105.9975	1.601968	0.802663	0.197337	0.6124193
34758	-2624.117	-2730.021	105.9039	1.655822	0.71634	0.28366	0.696813
34764	-2628.058	-2733.998	105.9399	1.626694	0.687104	0.312896	0.6843674
34770	-2626.942	-2732.8	105.8582	1.757631	0.682437	0.317563	0.554852
34776	-2622.396	-2728.174	105.7781	1.833732	0.740967	0.259033	0.4336482
34782	-2625.351	-2730.998	105.648	1.917736	0.69398	0.30602	0.3510655
34788	-2634.2	-2739.805	105.6046	1.961155	0.712905	0.287095	0.3510655
34794	-2625.384	-2731.048	105.6638	1.910807	0.754122	0.245878	0.3621533
34800	-2624.694	-2730.514	105.8206	1.799624	0.766931	0.233069	0.4757012
34806	-2625.13	-2730.903	105.7728	1.845268	0.844973	0.155027	0.4598453
34812	-2617.582	-2723.352	105.7703	1.847732	0.729451	0.270549	0.4598453
34818	-2623.812	-2729.664	105.8519	1.767876	0.835768	0.164232	0.5297423
34824	-2632.648	-2738.424	105.7759	1.84549	0.802076	0.197924	0.4937748
34830	-2629.578	-2735.52	105.9429	1.673284	0.831446	0.168554	0.5534356
34836	-2627.427	-2733.37	105.9439	1.663427	0.835565	0.164435	0.5889413
34842	-2635.742	-2741.714	105.9723	1.609612	0.802355	0.197645	0.6540835
34848	-2636.371	-2742.336	105.9648	1.63144	0.806332	0.193668	0.6209618
34854	-2630.948	-2736.879	105.9311	1.427591	0.709714	0.290286	0.9548363
34860	-2633.527	-2739.595	106.0681	1.465689	0.72469	0.27531	0.7395835
34866	-2621.589	-2727.571	105.9815	1.534965	0.680431	0.319569	0.7653335
34872	-2631.059	-2737.003	105.9436	1.491564	0.774417	0.225583	0.8702016
34878	-2624.96	-2730.988	106.0273	1.361295	0.801675	0.198325	0.9228757
34884	-2629.278	-2735.217	105.9387	1.483592	0.830554	0.169446	0.8851274
34890	-2621.103	-2727.021	105.9186	1.557019	0.798797	0.201203	0.8206607
34896	-2641.976	-2747.811	105.8351	1.699971	0.798797	0.201203	0.7375436
34902	-2634.882	-2740.563	105.6814	1.198525	0.720162	0.279838	1.377492
34908	-2626.655	-2732.368	105.7134	1.183691	0.720162	0.279838	1.363934
34914	-2630.875	-2736.7	105.8244	1.055976	0.720162	0.279838	1.377124
34920	-2626.735	-2732.581	105.8465	1.050936	0.71727	0.28273	1.363654
34926	-2621.198	-2726.944	105.7469	1.20303	0.64792	0.35208	1.321902
34932	-2630.428	-2736.287	105.8599	1.090023	0.70609	0.29391	1.321902
34938	-2621.804	-2727.515	105.7116	1.218576	0.80674	0.19326	1.337717
34944	-2627.034	-2732.826	105.7929	1.171558	0.804604	0.195396	1.31015
34950	-2622.039	-2727.801	105.7622	1.174427	0.741589	0.258411	1.332561
34956	-2631.599	-2737.321	105.7227	1.213902	0.808657	0.191343	1.332561
34962	-2626.859	-2732.67	105.8116	1.153198	0.813924	0.186076	1.309873
34968	-2634.11	-2739.692	105.5815	1.116921	0.702167	0.297833	1.516173
34974	-2638.379	-2743.86	105.4818	1.219173	0.764798	0.235202	1.514282
34980	-2623.18	-2728.791	105.6103	1.126655	0.764798	0.235202	1.487287
34986	-2620	-2725.754	105.7535	1.214078	0.708109	0.291891	1.307651
34992	-2626.806	-2732.49	105.6836	1.142048	0.735483	0.264517	1.419726
34998	-2619.374	-2725.066	105.6922	1.260337	0.784478	0.215522	1.319792
35004	-2623.5	-2729.031	105.5314	1.186593	0.748322	0.251678	1.501572
35010	-2619.158	-2724.841	105.6827	1.218925	0.816145	0.183855	1.360343
35016	-2626.675	-2732.176	105.5009	1.171975	0.80627	0.19373	1.535217
35022	-2629.948	-2735.937	105.9887	1.499665	0.675786	0.324214	0.8041749
35028	-2632.096	-2738.024	105.9287	1.428584	0.693674	0.306326	0.9563398
35034	-2633.575	-2739.567	105.9924	1.366537	0.746245	0.253755	0.9546647
35040	-2631.447	-2737.215	105.7684	1.406494	0.776297	0.223703	1.131736
35046	-2622.075	-2727.817	105.742	1.2483	0.720839	0.279161	1.28918
35052	-2639.011	-2744.453	105.4422	0.8798248	0.714944	0.285056	1.786391
35058	-2637.617	-2742.358	104.7409	0.9634844	0.796888	0.203112	2.19913
35064	-2631.438	-2737.002	105.5638	1.121854	0.794224	0.205776	1.525728
35070	-2627.443	-2732.921	105.4783	1.201421	0.74109	0.25891	1.530109
35076	-2627.424	-2733.136	105.7118	1.276544	0.769623	0.230377	1.290786
35082	-2622.803	-2728.665	105.862	1.362864	0.70138	0.29862	1.086226
35088	-2620.367	-2726.237	105.8703	1.231559	0.771365	0.228635	1.195801
35094	-2621.598	-2727.595	105.9969	1.360283	0.808003	0.191997	0.9564791
35100	-2631.146	-2737.158	106.0117	1.532421	0.7199	0.2801	0.72323
35106	-2627.005	-2732.917	105.9121	1.563721	0.740384	0.259616	0.8205001
35112	-2624.898	-2730.95	106.0524	1.504205	0.780418	0.219582	0.7023202
35118	-2620.002	-2725.974	105.9712	1.5462	0.780418	0.219582	0.7640262
35124	-2626.785	-2732.638	105.8534	1.588613	0.739257	0.260743	0.8621253
35130	-2624.009	-2729.925	105.9167	1.356668	0.664191	0.335809	1.040477
35136	-2615.028	-2720.887	105.8593	1.384033	0.78525	0.21475	1.069011
35142	-2621.557	-2727.455	105.8982	1.436289	0.670863	0.329137	0.9799551
35148	-2630.19	-2736.082	105.8921	1.48544	0.692091	0.307909	0.9348448
35154	-2624.822	-2730.904	106.0823	1.346895	0.739904	0.260096	0.8772252
35160	-2619.491	-2725.43	105.9389	1.407964	0.735779	0.264221	0.9671853
35166	-2619.009	-2724.91	105.9007	1.292134	0.745467	0.254533	1.115563
35172	-2624.486	-2730.486	105.9996	1.231689	0.833922	0.166078	1.08029
35178	-2621.257	-2727.076	105.8185	1.330339	0.786007	0.213993	1.154902
35184	-2620.785	-2726.765	105.9796	1.4427	0.787175	0.212825	0.8851578
35190	-2619.762	-2725.683	105.9205	1.681916	0.708799	0.291201	0.6039223
35196	-2620.411	-2726.309	105.8983	1.707723	0.812555	0.187445	0.5932077
35202	-2617.247	-2723.254	106.0066	1.577123	0.732163	0.267837	0.6501467
35208	-2620.569	-2726.516	105.9475	1.654648	0.763352	0.236648	0.6049821
35214	-2623.38	-2729.364	105.9838	1.628851	0.799107	0.200893	0.5693266
35220	-2623.181	-2729.088	105.9066	1.707861	0.747769	0.252231	0.5615749
35226	-2636.828	-2742.58	105.7517	1.85902	0.813007	0.186993	0.5768673
35232	-2626.444	-2732.328	105.8835	1.712379	0.6332	0.3668	0.6217885
35238	-2623.955	-2729.899	105.9438	1.595386	0.632714	0.367286	0.7311449
35244	-2623.605	-2729.543	105.938	1.637153	0.647921	0.352079	0.6679248
35250	-2623.582	-2729.454	105.8721	1.748493	0.801942	0.198058	0.5209332
35256	-2627.36	-2733.097	105.737	1.883648	0.77202	0.22798	0.4802229
35262	-2625.412	-2731.245	105.8323	1.787701	0.658943	0.341057	0.4734869
35268	-2616.155	-2721.89	105.7346	1.864336	0.740921	0.259079	0.401324
35274	-2615.68	-2721.449	105.7698	1.849335	0.740672	0.259328	0.4663292
35280	-2618.018	-2723.806	105.7884	1.831722	0.691883	0.308117	0.4745396
35286	-2615.74	-2721.392	105.6518	1.949184	0.691883	0.308117	0.4055708
35292	-2618.029	-2723.65	105.6208	1.952528	0.742077	0.257923	0.3604681
35298	-2627.234	-2732.692	105.4589	2.050443	0.817299	0.182701	0.2990528
35304	-2629.884	-2735.145	105.2603	2.214275	0.739191	0.260809	0.2755992
35310	-2634.536	-2740.181	105.6453	1.955166	0.739191	0.260809	0.4044877
35316	-2630.334	-2736.022	105.6877	1.895193	0.745684	0.254316	0.3736143
35322	-2636.163	-2741.943	105.7799	1.148731	0.731338	0.268662	1.338965
35328	-2634.974	-2740.695	105.7214	1.126248	0.765918	0.234082	1.402647
35334	-2635.338	-2740.994	105.6555	1.208044	0.748341	0.251659	1.390261
35340	-2631.24	-2737.124	105.8842	1.258534	0.757497	0.242503	1.160306
35346	-2625.635	-2731.251	105.6164	1.119904	0.751122	0.248878	1.487795
35352	-2626.143	-2731.877	105.7343	1.248485	0.794289	0.205711	1.295313
35358	-2633.134	-2738.845	105.7111	1.387156	0.673919	0.326081	1.198864
35364	-2621.747	-2727.308	105.5608	1.050462	0.72588	0.27412	1.580596
35370	-2620.723	-2726.354	105.6312	1.086373	0.697311	0.302689	1.501868
35376	-2618.504	-2724.113	105.6084	1.109199	0.775793	0.224207	1.501868
35382	-2615.632	-2721.452	105.8198	1.130648	0.775793	0.224207	1.321483
35388	-2630.295	-2736.115	105.8196	1.109252	0.711497	0.288503	1.338761
35394	-2626.472	-2732.484	106.0126	1.336774	0.721266	0.278734	0.964649
35400	-2626.464	-2732.396	105.9313	1.450203	0.817841	0.182159	0.9305931
35406	-2618.743	-2724.778	106.0347	1.441055	0.762626	0.237374	0.8205418
35412	-2626.886	-2732.892	106.0067	1.561369	0.728677	0.271323	0.6817176
35418	-2620.372	-2726.237	105.8653	1.652716	0.733945	0.266055	0.7632217
35424	-2623.918	-2729.956	106.038	1.408583	0.708233	0.291767	0.8567167
35430	-2621.899	-2727.848	105.9487	1.252577	0.824615	0.175385	1.107891
35436	-2621.47	-2727.176	105.7056	1.091048	0.709685	0.290315	1.441969
35442	-2619.871	-2725.537	105.6666	1.118944	0.706137	0.293863	1.45051
35448	-2624.412	-2730.273	105.8609	1.253748	0.750552	0.249448	1.18474
35454	-2634.545	-2740.054	105.5091	1.09778	0.826545	0.173455	1.583801
35460	-2626.209	-2731.359	105.1496	0.9308571	0.813321	0.186679	1.95134
35466	-2628.076	-2733.095	105.0187	0.9097576	0.674594	0.325406	2.052661
35472	-2619.91	-2725.772	105.8614	1.384929	0.769432	0.230568	1.066206
35478	-2616.921	-2722.755	105.8338	1.267878	0.699438	0.300562	1.195915
35484	-2621.582	-2727.5	105.9183	1.33334	0.699438	0.300562	1.061213
35490	-2614.155	-2719.9	105.7448	1.322788	0.748036	0.251964	1.224953
35496	-2615.515	-2720.977	105.4619	1.273926	0.72819	0.27181	1.488165
35502	-2629.477	-2735.137	105.6599	1.29399	0.743517	0.256483	1.318642
35508	-2627.317	-2733.052	105.7353	1.266344	0.778414	0.221586	1.279849
35514	-2620.667	-2726.375	105.7075	1.249847	0.753697	0.246303	1.315905
35520	-2630.565	-2735.975	105.4105	1.186413	0.712455	0.287545	1.591073
35526	-2621.585	-2727.15	105.5651	1.119411	0.84435	0.15565	1.526538
35532	-2626.964	-2732.632	105.668	1.152039	0.746027	0.253973	1.424074
35538	-2627.927	-2733.151	105.224	1.152039	0.717093	0.282907	1.748716
35544	-2624.57	-2730.194	105.6233	1.123019	0.812532	0.187468	1.480272
35550	-2621.402	-2726.922	105.5205	1.106915	0.727163	0.272837	1.568715
35556	-2625.199	-2730.464	105.2657	1.090432	0.727163	0.272837	1.762621
35562	-2617.175	-2722.492	105.3168	1.039378	0.725851	0.274149	1.762621
35568	-2626.36	-2731.707	105.3469	0.9669568	0.732722	0.267278	1.79205
35574	-2640.781	-2746.155	105.3738	0.9617626	0.771696	0.228304	1.776996
35580	-2632.301	-2737.817	105.516	0.9616799	0.79594	0.20406	1.676941
35586	-2628.873	-2734.28	105.4072	0.9943502	0.782134	0.217866	1.730855
35592	-2630.839	-2736.378	105.5389	1.256108	0.782134	0.217866	1.443257
35598	-2623.414	-2729.282	105.8679	1.281257	0.750027	0.249973	1.15457
35604	-2620.609	-2726.423	105.8135	1.346617	0.73213	0.26787	1.144884
35610	-2625.441	-2731.203	105.762	1.23399	0.744721	0.255279	1.284465
35616	-2628.367	-2734.163	105.796	1.333043	0.785457	0.214543	1.172255
35622	-2622.162	-2727.992	105.8299	1.38121	0.811708	0.188292	1.098947
35628	-2627.548	-2733.495	105.947	1.264879	0.811708	0.188292	1.09817
35634	-2637.659	-2743.634	105.9748	1.622724	0.800128	0.199872	0.6176164
35640	-2634.343	-2740.338	105.9953	1.556753	0.75824	0.24176	0.7101964
35646	-2629.606	-2735.511	105.9051	1.593207	0.747344	0.252656	0.7907947
35652	-2630.795	-2736.839	106.0443	1.419503	0.747344	0.252656	0.8356086
35658	-2645.032	-2750.944	105.9124	1.341266	0.747344	0.252656	1.059284
35664	-2633.348	-2739.156	105.8079	1.812718	0.762351	0.237649	0.4791291
35670	-2624.684	-2730.365	105.6811	1.229061	0.858476	0.141524	1.353607
35676	-2628.029	-2733.763	105.7335	1.286328	0.722934	0.277066	1.264866
35682	-2627.583	-2733.039	105.4564	1.321929	0.729464	0.270536	1.456019
35688	-2625.386	-2730.986	105.5997	1.178629	0.792256	0.207744	1.456019
35694	-2616.935	-2722.522	105.587	1.094919	0.800943	0.199057	1.528506
35700	-2614.291	-2720.094	105.8029	1.210601	0.801937	0.198063	1.270093
35706	-2617.341	-2723.165	105.8244	1.189079	0.807085	0.192915	1.270093
35712	-2620.38	-2726.169	105.7887	1.2248	0.70675	0.29325	1.270093
35718	-2625.299	-2731.261	105.9623	1.312705	0.78284	0.21716	1.038916
35724	-2623.969	-2729.834	105.8653	1.400826	0.723825	0.276175	1.047375
35730	-2621.776	-2727.479	105.7027	1.306506	0.803169	0.196831	1.273614
35736	-2630.432	-2736.192	105.7597	1.24952	0.661776	0.338224	1.273614
35742	-2630.22	-2736.195	105.9755	1.330674	0.635876	0.364124	1.008403
35748	-2628.733	-2734.685	105.9518	1.576762	0.723526	0.276474	0.7475639
35754	-2630.634	-2736.518	105.884	1.660925	0.833525	0.166475	0.7219225
35760	-2632.189	-2738.16	105.9712	1.570858	0.750074	0.249926	0.7266466
35766	-2628.51	-2734.437	105.9276	1.506308	0.750074	0.249926	0.8716985
35772	-2624.29	-2730.132	105.8414	1.387156	0.71914	0.28086	1.082802
35778	-2623.142	-2729.058	105.9163	1.342634	0.669325	0.330675	1.054283
35784	-2625.64	-2731.579	105.9389	1.354375	0.771584	0.228416	1.021158
35790	-2633.263	-2739.32	106.0569	1.251832	0.676838	0.323162	1.005833
35796	-2629.201	-2735.153	105.9523	1.399514	0.784135	0.215865	0.9620586
35802	-2623.553	-2729.495	105.9419	1.511572	0.677443	0.322557	0.8482731
35808	-2616.812	-2722.853	106.041	1.329483	0.737389	0.262611	0.9424195
35814	-2622.946	-2728.947	106.0009	1.369592	0.856678	0.143322	0.9424195
35820	-2621.895	-2727.896	106.0004	1.445514	0.681489	0.318511	0.8574072
35826	-2627.936	-2733.84	105.9041	1.295193	0.703683	0.296317	1.109732
35832	-2630.277	-2735.945	105.6683	1.229709	0.64696	0.35304	1.363251
35838	-2627.337	-2733.105	105.7685	1.205851	0.648014	0.351986	1.30212
35844	-2627.751	-2733.464	105.7121	1.337529	0.743357	0.256643	1.240054
35850	-2620.107	-2725.82	105.7128	1.190793	0.746412	0.253588	1.358846
35856	-2626.971	-2732.502	105.5317	0.9917695	0.701083	0.298917	1.644216
35862	-2621.045	-2726.943	105.8986	1.722325	0.812757	0.187243	0.5170586
35868	-2617.395	-2723.236	105.8407	1.780741	0.723162	0.276838	0.4995155
35874	-2625.32	-2730.801	105.4804	1.094681	0.759257	0.240743	1.60693
35880	-2624.971	-2730.678	105.7068	1.908028	0.668951	0.331049	0.4445126
35886	-2623.749	-2729.633	105.8844	1.718738	0.82401	0.17599	0.6019796
35892	-2637.56	-2743.208	105.6488	1.03538	0.684868	0.315132	1.526836
35898	-2627.802	-2733.227	105.4255	1.048486	0.684868	0.315132	1.679617
35904	-2618.66	-2724.537	105.8768	1.744153	0.760858	0.239142	0.5163413
35910	-2621.734	-2727.648	105.9139	1.666892	0.734193	0.265807	0.6565207
35916	-2619.693	-2725.592	105.8985	1.721711	0.737433	0.262567	0.5255514
35922	-2622.153	-2728.108	105.9551	1.6543	0.671817	0.328183	0.5818617
35928	-2627.706	-2733.641	105.9343	1.637857	0.853226	0.146774	0.6739234
35934	-2628.705	-2734.508	105.8033	1.81787	0.740351	0.259649	0.4883729
35940	-2635.151	-2741.063	105.9116	1.667673	0.826814	0.173186	0.6595561
35946	-2627.979	-2733.906	105.927	1.65479	0.811075	0.188925	0.65435
35952	-2621.378	-2727.353	105.9745	1.643921	0.763708	0.236292	0.539976
35958	-2618.403	-2724.335	105.9317	1.666429	0.793042	0.206958	0.6158329
35964	-2618.257	-2724.154	105.8976	1.717588	0.787109	0.212891	0.5582896
35970	-2618.301	-2724.151	105.8501	1.77048	0.756008	0.243992	0.4790739
35976	-2621.122	-2727.079	105.9578	1.658235	0.756008	0.243992	0.5537096
35982	-2634.849	-2740.893	106.0441	1.523656	0.76704	0.23296	0.6823245
35988	-2627.799	-2733.727	105.9285	1.422879	0.796457	0.203543	0.962566
35994	-2625.178	-2731.081	105.9035	1.447822	0.796457	0.203543	0.962566
36000	-2632.067	-2738.008	105.9413	1.591752	0.701701	0.298299	0.7407576
36006	-2629.991	-2736.018	106.0274	1.49072	0.632013	0.367987	0.7629454
36012	-2620.925	-2726.947	106.0225	1.478223	0.667047	0.332953	0.787553
36018	-2621.691	-2727.56	105.8693	1.519209	0.748454	0.251546	0.9229464
36024	-2618.243	-2724.186	105.9425	1.474158	0.703919	0.296081	0.8915865
36030	-2625.397	-2731.321	105.9241	1.401421	0.643662	0.356338	0.9889983
36036	-2627.157	-2733.054	105.8972	1.356921	0.754845	0.245155	1.058851
36042	-2627.223	-2733.241	106.0187	1.297902	0.771899	0.228101	0.9979692
36048	-2619.892	-2725.859	105.9661	1.335482	0.834218	0.165782	1.012911
36054	-2616.012	-2722.032	106.0206	1.360951	0.765212	0.234788	0.9305366
36060	-2624.814	-2730.771	105.957	1.527662	0.848054	0.151946	0.8090132
36066	-2620.209	-2726.104	105.8948	1.480676	0.666116	0.333884	0.9370716
36072	-2629.024	-2734.893	105.8684	1.345113	0.738532	0.261468	1.096708
36078	-2625.298	-2731.321	106.0226	1.405256	0.738532	0.261468	0.8787463
36084	-2627.886	-2733.87	105.984	1.421583	0.842896	0.157104	0.9040821
36090	-2623.292	-2729.244	105.9515	1.442213	0.862323	0.137677	0.9172839
36096	-2629.09	-2734.964	105.873	1.445518	0.672642	0.327358	0.996061
36102	-2623.719	-2729.739	106.0207	1.375086	0.725362	0.274638	0.9149936
36108	-2630.601	-2736.657	106.0556	1.318609	0.755758	0.244242	0.9384744
36114	-2626.476	-2732.534	106.0575	1.336535	0.77232	0.22768	0.9169556
36120	-2625.541	-2731.519	105.978	1.485783	0.812369	0.187631	0.8356095
36126	-2621.636	-2727.582	105.9458	1.482735	0.750324	0.249676	0.8779516
36132	-2627.921	-2733.793	105.8717	1.507196	0.784959	0.215041	0.9334101
36138	-2629.085	-2735.136	106.0511	1.347487	0.754236	0.245764	0.9118665
36144	-2626.108	-2732.033	105.9252	1.510255	0.770552	0.229448	0.869933
36150	-2626.88	-2732.899	106.0199	1.450691	0.770552	0.229448	0.8271127
36156	-2625.572	-2731.505	105.9323	1.585992	0.738427	0.261573	0.7627076
36162	-2621.935	-2727.789	105.8542	1.434271	0.764503	0.235497	1.025822
36168	-2616.568	-2722.493	105.9249	1.58046	0.785543	0.214457	0.7810498
36174	-2617.353	-2723.361	106.0088	1.496623	0.727674	0.272326	0.7810498
36180	-2626.396	-2732.402	106.0064	1.506033	0.774343	0.225657	0.7712025
36186	-2626.194	-2732.124	105.9299	1.641828	0.820124	0.179876	0.6746735
36192	-2627.589	-2733.611	106.0214	1.483475	0.812546	0.187454	0.7817284
36198	-2625.121	-2730.952	105.8316	1.433999	0.854495	0.145505	1.047873
36204	-2623.699	-2729.651	105.9522	1.313412	0.691232	0.308768	1.047873
36210	-2616.861	-2722.603	105.7416	1.265187	0.848593	0.151407	1.275605
36216	-2622.104	-2727.983	105.879	1.216839	0.794899	0.205101	1.200924
36222	-2621.187	-2727.074	105.8873	1.313795	0.780807	0.219193	1.108071
36228	-2620.753	-2726.764	106.0112	1.345363	0.802716	0.197284	0.9571122
36234	-2631.203	-2737.04	105.8369	1.408786	0.88097	0.11903	1.066754
36240	-2618.672	-2724.574	105.9019	1.336497	0.776044	0.223956	1.073647
36246	-2624.735	-2730.667	105.9322	1.380558	0.726235	0.273765	1.001854
36252	-2626.461	-2732.112	105.6511	1.063949	0.778542	0.221458	1.503773
36258	-2631.932	-2737.187	105.2551	1.065054	0.87186	0.12814	1.787679
36264	-2626.446	-2732.397	105.951	1.507555	0.712929	0.287071	0.8421306
36270	-2630.55	-2736.488	105.9387	1.40242	0.764006	0.235994	0.973087
36276	-2617.747	-2723.635	105.8884	1.452748	0.736365	0.263635	0.973087
36282	-2618.162	-2724.09	105.9283	1.568896	0.705921	0.294079	0.7922658
36288	-2627.112	-2733.113	106.0015	1.500443	0.708752	0.291248	0.7858059
36294	-2629.087	-2734.925	105.8371	1.664833	0.811652	0.188348	0.7858059
36300	-2621.99	-2727.899	105.9094	1.584464	0.803809	0.196191	0.7968302
36306	-2626.233	-2732.148	105.9143	1.564091	0.803809	0.196191	0.8171497
36312	-2617.307	-2723.391	106.0846	1.420347	0.812489	0.187511	0.7817411
36318	-2627.65	-2733.645	105.9949	1.510013	0.830455	0.169545	0.7817411
36324	-2621.196	-2727.093	105.8974	1.616384	0.697551	0.302449	0.7692145
36330	-2619.847	-2725.732	105.8847	1.456643	0.614435	0.385565	0.9729247
36336	-2615.805	-2721.721	105.9163	1.470752	0.840706	0.159294	0.9245477
36342	-2617.084	-2723.057	105.9729	1.429984	0.790053	0.209947	0.9070918
36348	-2613.691	-2719.704	106.0125	1.405591	0.790053	0.209947	0.8900329
36354	-2619.131	-2724.848	105.7169	1.903917	0.780098	0.219902	0.4818721
36360	-2622.011	-2727.926	105.9151	1.705684	0.821931	0.178069	0.4818721
36366	-2633.396	-2739.404	106.0078	1.587331	0.763882	0.236118	0.6236195
36372	-2635.046	-2740.982	105.9359	1.437361	0.888655	0.111345	0.9394702
36378	-2625.528	-2731.528	105.9995	1.462809	0.726704	0.273296	0.8375286
36384	-2623.079	-2728.941	105.8612	1.758998	0.695553	0.304447	0.5255657
36390	-2622.846	-2728.526	105.6796	1.928356	0.781128	0.218872	0.422141
36396	-2625.08	-2730.982	105.9021	1.682612	0.601282	0.398718	0.648069
36402	-2630.165	-2736.19	106.0249	1.487648	0.702016	0.297984	0.7709418
36408	-2622.522	-2728.534	106.0121	1.435629	0.848575	0.151425	0.8552315
36414	-2624.44	-2730.515	106.0753	1.485901	0.787231	0.212769	0.6942019
36420	-2622.684	-2728.655	105.9716	1.620401	0.701498	0.298502	0.6314769
36426	-2627.612	-2733.479	105.8676	1.720004	0.785903	0.214097	0.6416418
36432	-2634.578	-2740.439	105.8606	1.741676	0.703362	0.296638	0.6045001
36438	-2624.753	-2730.62	105.8669	1.75441	0.752443	0.247557	0.5103329
36444	-2623.243	-2729.012	105.7695	1.845849	0.752443	0.247557	0.4465108
36450	-2633.62	-2739.393	105.7729	1.838195	0.743982	0.256018	0.4315145
36456	-2630.248	-2735.982	105.734	1.877115	0.765758	0.234242	0.4315145
36462	-2618.26	-2723.965	105.7044	1.905218	0.747083	0.252917	0.4268717
36468	-2620.585	-2726.305	105.7198	1.890157	0.747083	0.252917	0.4279808
36474	-2621.586	-2727.427	105.8408	1.774009	0.722509	0.277491	0.4445999
36480	-2623.729	-2729.436	105.7064	1.237052	0.766501	0.233499	1.327093
36486	-2620.165	-2725.907	105.7428	1.139504	0.693283	0.306717	1.375638
36492	-2625.784	-2731.517	105.7329	1.149372	0.766294	0.233706	1.375638
36498	-2624.987	-2730.654	105.6676	1.214701	0.737507	0.262493	1.375638
36504	-2629.27	-2735.23	105.96	1.065337	0.775342	0.224658	1.260339
36510	-2638.314	-2744.321	106.0076	1.249436	0.817664	0.182336	1.056076
36516	-2632.371	-2738.304	105.9331	1.243887	0.768057	0.231943	1.129883
36522	-2641.25	-2747.031	105.781	1.395925	0.745054	0.254946	1.129883
36528	-2639.648	-2745.612	105.9644	1.435672	0.7203	0.2797	0.9102693
36534	-2630.339	-2736.317	105.9778	1.482657	0.836758	0.163242	0.8397743
36540	-2631.907	-2737.834	105.9265	1.237539	0.796749	0.203251	1.141441
36546	-2630.924	-2736.865	105.9404	1.223676	0.657145	0.342855	1.141441
36552	-2626.012	-2732.029	106.0163	1.441585	0.805326	0.194674	0.8428961
36558	-2629.251	-2735.348	106.0972	1.360679	0.775906	0.224094	0.8428961
36564	-2624.936	-2730.948	106.0113	1.520573	0.708183	0.291817	0.7425907
36570	-2627.838	-2733.794	105.956	1.619787	0.787859	0.212141	0.6668175
36576	-2620.919	-2726.941	106.0222	1.476714	0.769633	0.230367	0.7900241
36582	-2629.429	-2735.439	106.0095	1.488364	0.670664	0.329336	0.7913899
36588	-2633.399	-2739.409	106.01	1.410541	0.820758	0.179242	0.8871438
36594	-2618.579	-2724.567	105.9875	1.372011	0.721181	0.278819	0.9540333
36600	-2619.775	-2725.676	105.9016	1.422307	0.681416	0.318584	0.9906305
36606	-2617.328	-2723.336	106.0083	1.436722	0.764309	0.235691	0.8585173
36612	-2626.201	-2732.039	105.8375	1.63409	0.810987	0.189013	0.8257697
36618	-2624.166	-2730.031	105.8649	1.726559	0.700911	0.299089	0.6325867
36624	-2635.032	-2740.875	105.8433	1.730667	0.700911	0.299089	0.6704041
36630	-2636.894	-2742.889	105.995	1.528804	0.814692	0.185308	0.7546409
36636	-2635.168	-2741.109	105.9413	1.380641	0.733023	0.266977	0.9926663
36642	-2637.981	-2744.016	106.0353	1.427245	0.722532	0.277468	0.8371564
36648	-2633.611	-2739.535	105.9236	1.457059	0.729091	0.270909	0.9314999
36654	-2631.488	-2737.424	105.9356	1.354932	0.774866	0.225134	1.023815
36660	-2621.616	-2727.644	106.0282	1.347521	0.774866	0.225134	0.9368465
36666	-2619.121	-2725.015	105.8942	1.519146	0.756506	0.243494	0.8953983
36672	-2627.484	-2733.358	105.8737	1.534127	0.799299	0.200701	0.9015552
36678	-2631.313	-2737.39	106.077	1.44794	0.810233	0.189767	0.7530499
36684	-2622.615	-2728.686	106.0708	1.408182	0.742273	0.257727	0.8163747
36690	-2613.373	-2718.98	105.6075	1.153798	0.760176	0.239824	1.468905
36696	-2617.483	-2723.321	105.8385	1.104896	0.782485	0.217515	1.327076
36702	-2622.595	-2728.072	105.4774	1.16003	0.677615	0.322385	1.561393
36708	-2626.858	-2732.447	105.5888	1.095763	0.814633	0.185367	1.52656
36714	-2621.442	-2727.226	105.7846	1.12563	0.839555	0.160445	1.353556
36720	-2627.671	-2733.445	105.7742	1.104797	0.76621	0.23379	1.37818
36726	-2629.488	-2734.902	105.4146	1.103028	0.725263	0.274737	1.648412
36732	-2631.228	-2736.962	105.7343	1.256681	0.835057	0.164943	1.288561
36738	-2623.552	-2729.45	105.8981	1.354688	0.77526	0.22474	1.06007
36744	-2622.153	-2727.665	105.5123	1.206065	0.781825	0.218175	1.501308
36750	-2619.386	-2725.224	105.838	1.152313	0.839442	0.160558	1.289165
36756	-2619.189	-2724.929	105.7401	1.294649	0.775829	0.224171	1.252498
36762	-2617.574	-2723.362	105.7887	1.3238	0.804797	0.195203	1.186571
36768	-2627.505	-2733.417	105.9119	1.335584	0.739686	0.260314	1.065066
36774	-2631.797	-2737.704	105.9067	1.340845	0.821657	0.178343	1.065066
36780	-2621.681	-2727.525	105.8434	1.310179	0.702869	0.297131	1.150712
36786	-2615.741	-2721.663	105.9219	1.212095	0.756483	0.243517	1.167913
36792	-2629.246	-2735.1	105.8544	1.258659	0.754777	0.245223	1.18612
36798	-2628.832	-2734.691	105.8591	1.253998	0.775662	0.224338	1.18612
36804	-2634.779	-2740.374	105.5952	1.385271	0.80472	0.19528	1.29717
36810	-2628.088	-2734.042	105.9542	1.278629	0.785653	0.214347	1.078862
36816	-2634.85	-2740.841	105.991	1.406701	0.721311	0.278689	0.9128919
36822	-2631.443	-2737.483	106.04	1.403624	0.779301	0.220699	0.860183
36828	-2618.892	-2724.954	106.0619	1.401796	0.779361	0.220639	0.8356885
36834	-2615.205	-2721.142	105.9374	1.384597	0.722428	0.277572	0.9925513
36840	-2620.395	-2726.432	106.0367	1.37916	0.722428	0.277572	0.8925682
36846	-2618.725	-2724.682	105.9562	1.48819	0.749121	0.250879	0.859281
36852	-2622.343	-2728.361	106.0189	1.323053	0.79865	0.20135	0.9723062
36858	-2622.69	-2728.707	106.0177	1.439905	0.796631	0.203369	0.8432758
36864	-2623.476	-2729.463	105.9869	1.470698	0.791557	0.208443	0.8432758
36870	-2627.021	-2733.006	105.9847	1.42625	0.729525	0.270475	0.8980384
36876	-2626.333	-2732.321	105.9873	1.486399	0.788697	0.211303	0.823145
36882	-2628.207	-2734.144	105.9375	1.594336	0.728363	0.271637	0.742521
36888	-2625.596	-2731.539	105.943	1.658235	0.811262	0.188738	0.6073609
36894	-2622.014	-2727.957	105.943	1.658235	0.766099	0.233901	0.6073609
36900	-2625.618	-2731.468	105.85	1.761469	0.766099	0.233901	0.5741805
36906	-2622.217	-2728.085	105.8682	1.743267	0.748054	0.251946	0.5741805
36912	-2623.422	-2729.356	105.9334	1.678096	0.748054	0.251946	0.5741805
36918	-2625.019	-2731.063	106.0444	1.47141	0.676101	0.323899	0.7663911
36924	-2627.029	-2732.979	105.9497	1.479523	0.814479	0.185521	0.8772201
36930	-2622.903	-2728.955	106.0511	1.389295	0.781182	0.218818	0.8640584
36936	-2623.68	-2729.592	105.912	1.428153	0.701568	0.298432	0.9741559
36942	-2623.514	-2729.385	105.8709	1.313297	0.847844	0.152156	1.123413
36948	-2628.432	-2734.361	105.929	1.159703	0.724559	0.275441	1.207005
36954	-2634.02	-2739.847	105.8264	1.111222	0.708028	0.291972	1.331725
36960	-2622.638	-2728.378	105.7395	1.218768	0.693616	0.306384	1.315113
36966	-2623.861	-2729.616	105.7548	1.203505	0.76235	0.23765	1.315113
36972	-2626.142	-2732.149	106.0069	1.197666	0.749699	0.250301	1.104889
36978	-2620.222	-2725.958	105.7362	1.17225	0.762834	0.237166	1.354998
36984	-2619.568	-2725.307	105.7384	1.119924	0.698324	0.301676	1.394373
36990	-2625.562	-2731.42	105.8579	1.106762	0.697929	0.302071	1.309997
36996	-2622.952	-2728.769	105.8168	1.199971	0.725845	0.274155	1.267415
37002	-2626.892	-2732.734	105.8422	1.205718	0.769104	0.230896	1.241538
37008	-2632.077	-2738.053	105.9753	1.290064	0.764094	0.235906	1.048132
37014	-2638.614	-2744.232	105.6179	1.135472	0.73086	0.26914	1.474949
37020	-2630.167	-2735.856	105.689	1.320222	0.769665	0.230335	1.273608
37026	-2637.086	-2742.933	105.8472	1.290012	0.724059	0.275941	1.165104
37032	-2633.951	-2739.914	105.9627	1.554537	0.805411	0.194589	0.7643044
37038	-2629.614	-2735.607	105.9935	1.363398	0.661168	0.338832	0.9567402
37044	-2624.498	-2730.404	105.9056	1.382134	0.763498	0.236502	1.026509
37050	-2628.393	-2734.307	105.914	1.290622	0.66187	0.33813	1.104846
37056	-2626.327	-2732.244	105.9179	1.293783	0.7737	0.2263	1.098393
37062	-2625.623	-2731.341	105.7181	1.321371	0.713126	0.286874	1.248564
37068	-2622.695	-2728.726	106.0305	1.224549	0.68178	0.31822	1.057963
37074	-2619.773	-2725.839	106.066	1.360072	0.704625	0.295375	0.8808606
37080	-2627.486	-2733.396	105.91	1.419769	0.69263	0.30737	0.9847039
37086	-2627.725	-2733.643	105.9179	1.411897	0.829907	0.170093	0.9847039
37092	-2630.793	-2736.8	106.0067	1.352531	0.693016	0.306984	0.9543177
37098	-2636.631	-2742.52	105.8896	1.357749	0.713528	0.286472	1.065213
37104	-2630.604	-2736.475	105.8709	1.749314	0.825102	0.174898	0.5256228
37110	-2626.693	-2732.458	105.7651	1.855136	0.795001	0.204999	0.5256228
37116	-2639.45	-2745.221	105.7715	1.849848	0.676814	0.323186	0.5060929
37122	-2638.694	-2744.679	105.9842	1.570137	0.787485	0.212515	0.706185
37128	-2630.371	-2736.343	105.9725	1.432306	0.816432	0.183568	0.9049745
37134	-2627.039	-2733.026	105.9864	1.383073	0.751958	0.248042	0.9434557
37140	-2633.388	-2739.076	105.6874	1.233224	0.721111	0.278889	1.34528
37146	-2632.287	-2738.033	105.7461	1.162466	0.695376	0.304624	1.354883
37152	-2631.538	-2737.407	105.8691	1.15144	0.778386	0.221614	1.264285
37158	-2632.096	-2737.943	105.8464	1.202133	0.725781	0.274219	1.240995
37164	-2619.778	-2725.764	105.9864	1.36802	0.75605	0.24395	0.9593372
37170	-2619.867	-2725.847	105.9806	1.506973	0.765844	0.234156	0.8052089
37176	-2625.303	-2731.219	105.916	1.504301	0.759526	0.240474	0.8874604
37182	-2619.798	-2725.666	105.8684	1.556368	0.759526	0.240474	0.8823581
37188	-2626.736	-2732.694	105.9581	1.621769	0.758516	0.241484	0.658517
37194	-2630.383	-2736.43	106.0468	1.516205	0.574842	0.425158	0.6909066
37200	-2623.012	-2729.016	106.0044	1.562971	0.811424	0.188576	0.6830113
37206	-2633.479	-2739.49	106.011	1.415652	0.700127	0.299873	0.8801443
37212	-2642.175	-2748.218	106.0436	1.489923	0.700127	0.299873	0.7399671
37218	-2632.399	-2738.358	105.9589	1.463226	0.77319	0.22681	0.8853688
37224	-2629.277	-2735.231	105.9538	1.477966	0.736937	0.263063	0.8742623
37230	-2623.723	-2729.754	106.0302	1.467721	0.736937	0.263063	0.7913213
37236	-2615.748	-2721.676	105.9284	1.594598	0.746747	0.253253	0.7558314
37242	-2618.78	-2724.747	105.967	1.595385	0.78821	0.21179	0.6921922
37248	-2623.543	-2729.437	105.8948	1.667572	0.662334	0.337666	0.6921922
37254	-2618.93	-2724.9	105.97	1.642901	0.742021	0.257979	0.5682346
37260	-2621.455	-2727.416	105.961	1.554237	0.721649	0.278351	0.7671831
37266	-2629.105	-2735.016	105.9107	1.592018	0.804162	0.195838	0.7847686
37272	-2627.327	-2733.177	105.8496	1.550761	0.809338	0.190662	0.9099487
37278	-2622.398	-2728.319	105.9214	1.585346	0.762156	0.237844	0.7791522
37284	-2625.204	-2731.208	106.0042	1.581645	0.768038	0.231962	0.645542
37290	-2623.664	-2729.634	105.9696	1.607274	0.713266	0.286734	0.6646242
37296	-2630.468	-2736.453	105.9855	1.578957	0.66736	0.33264	0.6883105
36702	-3337.863	-3443.732	105.8691	1.696979	0.891524	0.108476	0.6854199
36708	-4294.049	-4400.362	106.3135	1.271564	0.875188	0.124812	0.6474012
37404	-3.623147e+11	-4954.819	-3.623147e+11	781.0628	0.264874	0.735126	1.811574e+11
38106	-1.889497e+15	-4954.819	-1.889497e+15	931255.8	0.981235	0.018765	9.447483e+14
38802	-7.552551e+25	-4954.819	-7.552551e+25	8.671572e+08	0.869229	0.130771	3.776276e+25
38808	-9.900707e+25	-4954.819	-9.900707e+25	4.933448e+08	0.279783	0.720217	4.950353e+25
39504	-1.193163e+41	-4954.819	-1.193163e+41	3.497072e+13	0.626307	0.373693	5.965816e+40
40206	-2.0653e+48	-4954.819	-2.0653e+48	3.912915e+17	0.870154	0.129846	1.03265e+48
