Iteration	Posterior	Likelihood	Prior	rate_log_sd	root_freqs[1]	root_freqs[2]	tree_length
0	-2626.631	-2732.6	105.9689	1.377834	0.722167	0.277833	0.9673712
6	-2624.795	-2730.654	105.8588	1.395021	0.678209	0.321791	1.059147
12	-2619.269	-2725.285	106.0161	1.553802	0.713532	0.286468	0.6782022
18	-2622.579	-2728.568	105.9892	1.563923	0.746301	0.253699	0.7083912
24	-2629.764	-2735.91	106.1466	1.407449	0.804037	0.195963	0.7067443
30	-2620.739	-2726.57	105.8307	1.789948	0.800939	0.199061	0.5199408
36	-2621.115	-2726.886	105.7719	1.840537	0.735449	0.264551	0.4356076
42	-2630.379	-2736.157	105.7779	1.455404	0.706771	0.293229	1.078422
48	-2631.456	-2737.352	105.8954	1.375142	0.75095	0.24905	1.043127
54	-2635.507	-2741.424	105.917	1.543462	0.703864	0.296136	0.8397236
60	-2625.922	-2731.595	105.6733	1.933155	0.74277	0.25723	0.4183838
66	-2625.308	-2731.164	105.8558	1.761139	0.738503	0.261497	0.5492179
72	-2620.561	-2726.46	105.8992	1.72084	0.779575	0.220425	0.4732912
78	-2626.614	-2732.472	105.8583	1.762629	0.859534	0.140466	0.5172544
84	-2619.682	-2725.599	105.9178	1.542457	0.702859	0.297141	0.8400633
90	-2625.357	-2731.249	105.8917	1.703846	0.778046	0.221954	0.6227184
96	-2621.336	-2727.359	106.0233	1.551405	0.741478	0.258522	0.668971
102	-2617.3	-2723.225	105.9249	1.552577	0.722336	0.277664	0.818287
108	-2632.677	-2738.773	106.0964	1.400653	0.725147	0.274853	0.7925369
114	-2633.424	-2739.372	105.9478	1.229028	0.709005	0.290995	1.129966
120	-2633.142	-2739.114	105.9721	1.249162	0.746604	0.253396	1.089542
126	-2630.84	-2736.611	105.7707	1.232096	0.81714	0.18286	1.27895
132	-2625.042	-2730.951	105.9085	1.699332	0.827759	0.172241	0.5872136
138	-2632.904	-2738.732	105.8285	1.792371	0.803876	0.196124	0.4832887
144	-2629.639	-2735.606	105.9666	1.294289	0.837935	0.162065	1.052389
150	-2641.134	-2747.08	105.9456	1.667098	0.727536	0.272464	0.5693767
156	-2641.207	-2747.109	105.9014	1.667098	0.733409	0.266591	0.6809232
162	-2626.472	-2732.034	105.5621	1.221518	0.845717	0.154283	1.451931
168	-2622.061	-2728.029	105.9675	1.295831	0.82077	0.17923	1.05009
174	-2620.711	-2726.565	105.8535	1.409813	0.736851	0.263149	1.05009
180	-2622.191	-2728.171	105.9804	1.577662	0.631704	0.368296	0.6997293
186	-2615.015	-2721.008	105.9928	1.563832	0.805784	0.194216	0.7023403
192	-2617.773	-2723.739	105.9652	1.553809	0.772727	0.227273	0.7617354
198	-2621.425	-2727.432	106.0065	1.475884	0.792904	0.207096	0.8119897
204	-2628.386	-2734.376	105.9894	1.620461	0.849448	0.150552	0.5801867
210	-2619.643	-2725.658	106.0145	1.554367	0.797777	0.202223	0.6800856
216	-2628.237	-2734.118	105.8806	1.727144	0.774765	0.225235	0.5874533
222	-2628.763	-2734.809	106.0464	1.450265	0.797313	0.202687	0.7930798
228	-2623.935	-2729.854	105.9187	1.543079	0.732934	0.267066	0.8381574
234	-2629.157	-2735.134	105.9765	1.502605	0.732934	0.267066	0.8162677
240	-2622.416	-2727.857	105.441	1.098034	0.7256	0.2744	1.632986
246	-2621.543	-2727.49	105.9469	1.400309	0.723814	0.276186	0.966843
252	-2617.876	-2723.969	106.093	1.312404	0.723814	0.276186	0.9043037
258	-2622.697	-2728.759	106.0623	1.43542	0.734468	0.265532	0.79161
264	-2617.886	-2723.73	105.8439	1.43382	0.788556	0.211444	1.03621
270	-2623.892	-2729.897	106.0047	1.543554	0.776003	0.223997	0.7164665
276	-2628.321	-2734.38	106.059	1.532697	0.704779	0.295221	0.6320679
282	-2618.707	-2724.646	105.9393	1.625779	0.685799	0.314201	0.6871769
288	-2626.575	-2732.565	105.9894	1.549729	0.681566	0.318434	0.7311655
294	-2639.102	-2745.034	105.9321	1.421247	0.695509	0.304491	0.9604626
300	-2627.469	-2733.348	105.8786	1.33888	0.796847	0.203153	1.093084
306	-2624.051	-2730.021	105.9708	1.237287	0.796847	0.203153	1.101679
312	-2628.34	-2734.17	105.8297	1.293204	0.842312	0.157688	1.177633
318	-2626.868	-2732.742	105.8735	1.351248	0.822625	0.177375	1.086299
324	-2620.577	-2726.623	106.0458	1.507274	0.74589	0.25411	0.7083831
330	-2627.595	-2733.539	105.9432	1.550202	0.791291	0.208709	0.7973745
336	-2621.529	-2727.494	105.9658	1.562562	0.781393	0.218607	0.7478691
342	-2616.174	-2722.201	106.0266	1.484505	0.790249	0.209751	0.7730057
348	-2620.175	-2726.172	105.9969	1.538253	0.701004	0.298996	0.7375047
354	-2620.435	-2726.364	105.9285	1.64104	0.742767	0.257233	0.6789672
360	-2620.182	-2725.997	105.8147	1.806697	0.768089	0.231911	0.4963337
366	-2629.706	-2735.528	105.8227	1.795791	0.843565	0.156435	0.4623191
372	-2619.701	-2725.53	105.8289	1.788852	0.776985	0.223015	0.5442961
378	-2625.521	-2731.374	105.853	1.718766	0.740643	0.259357	0.6746834
384	-2634.167	-2739.983	105.8151	1.124087	0.591913	0.408087	1.330465
390	-2620.51	-2726.468	105.9572	1.570296	0.781086	0.218914	0.7491707
396	-2621.483	-2727.404	105.9202	1.69387	0.713066	0.286934	0.5632857
402	-2633.56	-2739.645	106.0851	1.309912	0.643108	0.356892	0.9158619
408	-2625.739	-2731.774	106.0354	1.43669	0.740935	0.259065	0.8251899
414	-2636.087	-2742.002	105.915	1.400081	0.805392	0.194608	0.9995383
420	-2627.937	-2733.876	105.9394	1.678157	0.7525	0.2475	0.545457
426	-2634.614	-2740.555	105.9419	1.678157	0.743399	0.256601	0.5268743
432	-2632.431	-2738.283	105.8524	1.768389	0.765403	0.234597	0.5184865
438	-2631.645	-2737.456	105.8111	1.804708	0.706072	0.293928	0.5549037
444	-2620.292	-2726.035	105.7427	1.874177	0.785455	0.214545	0.453563
450	-2622.749	-2728.436	105.6874	1.916981	0.821761	0.178239	0.4132484
456	-2629.501	-2735.259	105.758	1.857801	0.812439	0.187561	0.4487213
462	-2623.369	-2729.113	105.7445	1.850302	0.713828	0.286172	0.3932502
468	-2621.595	-2727.364	105.7683	1.852801	0.713828	0.286172	0.4869066
474	-2634.22	-2740.207	105.9876	1.351275	0.727317	0.272683	0.9753938
480	-2628.664	-2734.423	105.7583	1.861688	0.706774	0.293226	0.4731153
486	-2627.615	-2733.397	105.7821	1.837866	0.706774	0.293226	0.4731153
492	-2621.823	-2727.46	105.6375	1.963289	0.732423	0.267577	0.4050765
498	-2626.003	-2731.806	105.8029	1.818285	0.805072	0.194928	0.4878533
504	-2631.855	-2737.83	105.9741	1.503617	0.74548	0.25452	0.8179838
510	-2625.596	-2731.41	105.8137	1.805654	0.743114	0.256886	0.4683688
516	-2620.927	-2726.77	105.843	1.774893	0.743114	0.256886	0.4586658
522	-2622.432	-2728.346	105.9143	1.70634	0.679258	0.320742	0.5204147
528	-2619.118	-2725.072	105.954	1.459213	0.717378	0.282622	0.8954898
534	-2629.43	-2735.365	105.9352	1.31457	0.691368	0.308632	1.062935
540	-2635.739	-2741.328	105.5882	1.244727	0.777664	0.222336	1.414071
546	-2640.565	-2745.925	105.3597	1.312337	0.667292	0.332708	1.535791
552	-2625.275	-2730.738	105.4633	0.9815889	0.735396	0.264604	1.700264
558	-2635.074	-2740.396	105.3222	0.9531869	0.738528	0.261472	1.81866
564	-2637.841	-2742.749	104.9082	0.9102766	0.753338	0.246662	2.124958
570	-2630.684	-2736.266	105.5823	1.06926	0.787525	0.212475	1.550958
576	-2630.428	-2736.092	105.6645	1.185708	0.812905	0.187095	1.400691
582	-2626.27	-2731.581	105.3111	1.087552	0.726212	0.273788	1.732847
588	-2627.118	-2732.741	105.6233	0.9976011	0.797216	0.202784	1.573543
594	-2637.808	-2743.034	105.2261	0.9057866	0.719499	0.280501	1.91663
600	-2625.658	-2731.686	106.0288	1.337871	0.721812	0.278188	0.9464743
606	-2621.935	-2727.865	105.9294	1.437284	0.793246	0.206754	0.9464743
612	-2631.502	-2737.381	105.879	1.487692	0.779102	0.220898	0.9464743
618	-2629.779	-2735.752	105.9725	1.395142	0.798271	0.201729	0.9454183
624	-2627.044	-2732.972	105.9275	1.395142	0.724573	0.275427	0.9919311
630	-2622.664	-2728.594	105.9294	1.647952	0.73247	0.26753	0.6634907
636	-2616.809	-2722.728	105.9192	1.647952	0.759961	0.240039	0.6834518
642	-2618.902	-2724.79	105.8886	1.678473	0.682892	0.317108	0.6834518
648	-2622.047	-2728.064	106.017	1.595916	0.856347	0.143653	0.5682772
654	-2627.089	-2733.028	105.9383	1.675405	0.758299	0.241701	0.5647184
660	-2621.949	-2727.87	105.9213	1.678519	0.670741	0.329259	0.6113233
666	-2626.372	-2732.278	105.9067	1.713524	0.808607	0.191393	0.5251513
672	-2624.081	-2730.121	106.0394	1.517822	0.689894	0.310106	0.7012966
678	-2625.712	-2731.653	105.9407	1.545853	0.752401	0.247599	0.8065764
684	-2628.789	-2734.77	105.9813	1.427691	0.827127	0.172873	0.9002519
690	-2622.333	-2727.856	105.5225	1.13145	0.774008	0.225992	1.549237
696	-2625.672	-2731.148	105.4758	1.178086	0.729965	0.270035	1.549237
702	-2629.124	-2734.87	105.7459	1.210741	0.725305	0.274695	1.316467
708	-2620.142	-2725.95	105.8077	1.148978	0.737013	0.262987	1.316467
714	-2632.346	-2738.263	105.9174	1.315332	0.735381	0.264619	1.078966
720	-2617.73	-2723.733	106.003	1.399967	0.746837	0.253163	0.9070064
726	-2626.697	-2732.518	105.8204	1.531234	0.859861	0.140139	0.9622272
732	-2616.363	-2722.179	105.8151	1.297581	0.827082	0.172918	1.186485
738	-2614.785	-2720.616	105.8309	1.18586	0.828257	0.171743	1.267407
744	-2618.713	-2724.63	105.9164	1.406192	0.71499	0.28501	0.9919914
750	-2619.984	-2725.946	105.9626	1.44576	0.787739	0.212261	0.9009879
756	-2626.832	-2732.864	106.032	1.510202	0.626058	0.373942	0.726333
762	-2634.124	-2740.105	105.9811	1.513023	0.626058	0.373942	0.7963976
768	-2623.92	-2729.983	106.0629	1.442863	0.684375	0.315625	0.7805661
774	-2617.992	-2723.954	105.9618	1.543903	0.676845	0.323155	0.7805661
780	-2622.228	-2728.141	105.9135	1.627529	0.732029	0.267971	0.7281559
786	-2620.809	-2726.829	106.02	1.49024	0.70097	0.29903	0.774297
792	-2626.764	-2732.662	105.8984	1.487629	0.863705	0.136295	0.9256573
798	-2628.745	-2734.639	105.8943	1.657194	0.905758	0.0942419	0.7110324
804	-2623.416	-2728.917	105.5011	1.11949	0.75767	0.24233	1.573744
810	-2631.933	-2737.963	106.0298	1.368402	0.849707	0.150293	0.9123149
816	-2631.002	-2736.999	105.9965	1.314504	0.819517	0.180483	1.00359
822	-2625.043	-2730.893	105.8499	1.354756	0.726094	0.273906	1.10478
828	-2633.395	-2739.288	105.8924	1.279321	0.665941	0.334059	1.134543
834	-2621.501	-2727.379	105.8784	1.217797	0.734239	0.265761	1.200626
840	-2620.569	-2725.774	105.2054	0.9222846	0.675257	0.324743	1.919492
846	-2627.915	-2733.572	105.6564	1.053939	0.659139	0.340861	1.507289
852	-2616.072	-2721.935	105.8636	1.675108	0.775582	0.224418	0.7319702
858	-2619.938	-2725.732	105.7932	1.826738	0.735251	0.264749	0.5284653
864	-2618.459	-2724.292	105.8329	1.788436	0.742365	0.257635	0.5087716
870	-2619.202	-2724.986	105.7847	1.836664	0.72446	0.27554	0.5087716
876	-2625.309	-2731.185	105.8758	1.724006	0.690348	0.309652	0.6114051
882	-2634.459	-2740.497	106.0374	1.34494	0.645566	0.354434	0.9296805
888	-2637.512	-2743.485	105.9731	1.362061	0.735342	0.264658	0.9792511
894	-2625.227	-2731.051	105.8237	1.797447	0.68981	0.31019	0.5124829
900	-2622.902	-2728.673	105.7707	1.842823	0.722357	0.277643	0.4395752
906	-2627.37	-2733.171	105.8014	1.820043	0.784552	0.215448	0.4999299
912	-2632.518	-2738.372	105.8537	1.765432	0.798054	0.201946	0.5349446
918	-2633.638	-2739.456	105.8176	1.799843	0.787793	0.212207	0.5461871
924	-2629.783	-2735.656	105.873	1.744758	0.728495	0.271505	0.4579887
930	-2626.158	-2731.984	105.826	1.731449	0.73627	0.26373	0.7008034
936	-2624.056	-2729.913	105.8574	1.735415	0.718808	0.281192	0.6293976
942	-2620.054	-2726.049	105.9949	1.545351	0.795978	0.204022	0.7295095
948	-2625.905	-2731.897	105.9921	1.326498	0.820257	0.179743	0.9960372
954	-2631.501	-2737.417	105.9163	1.325733	0.820257	0.179743	1.070206
960	-2630.882	-2736.914	106.0329	1.558378	0.840479	0.159521	0.6331964
966	-2637.18	-2743.236	106.0562	1.436518	0.759895	0.240105	0.798371
972	-2637.284	-2743.301	106.0169	1.430277	0.852583	0.147417	0.8560064
978	-2628.668	-2734.749	106.0814	1.344313	0.767722	0.232278	0.8812155
984	-2629.112	-2735.052	105.9402	1.369383	0.767722	0.232278	1.005063
990	-2624.067	-2729.928	105.8611	1.310019	0.690068	0.309932	1.135096
996	-2626.043	-2731.793	105.7497	1.283249	0.732925	0.267075	1.254033
1002	-2626.036	-2731.982	105.9456	1.480151	0.703331	0.296669	0.8811399
1008	-2636.479	-2742.505	106.0263	1.39945	0.672506	0.327494	0.8811399
1014	-2635.059	-2741.053	105.9943	1.431498	0.700164	0.299836	0.8811399
1020	-2630.271	-2736.252	105.9807	1.461624	0.773555	0.226445	0.8618052
1026	-2618.819	-2724.812	105.9931	1.514428	0.792934	0.207066	0.7781303
1032	-2622.077	-2728.028	105.9519	1.406109	0.740521	0.259479	0.9556322
1038	-2628.697	-2734.62	105.9238	1.293427	0.8217	0.1783	1.093277
1044	-2632.763	-2738.725	105.9623	1.466739	0.817242	0.182758	0.8773528
1050	-2627.646	-2733.546	105.8998	1.212865	0.789071	0.210929	1.186474
1056	-2641.256	-2747.24	105.9842	1.18039	0.797509	0.202491	1.140934
1062	-2633.612	-2739.044	105.4322	1.045694	0.789826	0.210174	1.676787
1068	-2634.473	-2739.807	105.3337	1.078445	0.789826	0.210174	1.723361
1074	-2622.35	-2728.232	105.8819	1.103569	0.789826	0.210174	1.293127
1080	-2622.287	-2728.141	105.8534	1.256705	0.809651	0.190349	1.188714
1086	-2631.686	-2737.473	105.7863	1.323791	0.7665	0.2335	1.188714
1092	-2626.754	-2732.582	105.8277	1.439587	0.656137	0.343863	1.046312
1098	-2627.991	-2734.035	106.0437	1.482197	0.76011	0.23989	0.7515433
1104	-2624.504	-2730.467	105.9633	1.502315	0.794328	0.205672	0.8334046
1110	-2621.704	-2727.505	105.8015	1.274806	0.827825	0.172175	1.217614
1116	-2625.161	-2731.115	105.9542	1.350955	0.783778	0.216222	1.009462
1122	-2621.807	-2727.778	105.9702	1.401079	0.664592	0.335408	0.9415158
1128	-2616.778	-2722.784	106.0058	1.404928	0.741738	0.258262	0.8983628
1134	-2617.458	-2723.376	105.9176	1.556354	0.777996	0.222004	0.8227683
1140	-2616.78	-2722.715	105.9358	1.538201	0.785876	0.214124	0.8227683
1146	-2617.292	-2723.32	106.0282	1.315142	0.810253	0.189747	0.9708286
1152	-2623.189	-2729.153	105.964	1.56981	0.74005	0.25995	0.7396135
1158	-2620.894	-2726.924	106.0295	1.537511	0.789313	0.210687	0.6836193
1164	-2610.23	-2716.192	105.9611	1.47496	0.830918	0.169082	0.86918
1170	-2622.261	-2728.258	105.9962	1.488048	0.76401	0.23599	0.809496
1176	-2623.406	-2729.303	105.8971	1.492832	0.66914	0.33086	0.9213838
1182	-2624.727	-2730.293	105.5653	1.074167	0.763449	0.236551	1.559859
1188	-2624.594	-2730.115	105.5208	1.026223	0.756085	0.243915	1.627225
1194	-2622.851	-2728.78	105.9293	1.329392	0.594733	0.405267	1.054474
1200	-2622.419	-2728.311	105.8922	1.184467	0.778854	0.221146	1.217277
1206	-2614.024	-2719.802	105.7779	1.277973	0.690153	0.309847	1.234838
1212	-2618.487	-2724.345	105.8583	1.26731	0.734957	0.265043	1.175208
1218	-2619.583	-2725.389	105.8062	1.277982	0.637369	0.362631	1.210932
1224	-2620.016	-2725.822	105.8058	1.256221	0.713959	0.286041	1.229687
1230	-2619.785	-2725.633	105.8477	1.258477	0.697741	0.302259	1.192055
1236	-2624.667	-2730.659	105.9916	1.508394	0.792023	0.207977	0.7884789
1242	-2623.243	-2729.306	106.0632	1.269324	0.823936	0.176064	0.9819183
1248	-2621.232	-2727.198	105.9656	1.433803	0.805586	0.194414	0.9109628
1254	-2617.213	-2723.287	106.0734	1.4323	0.69657	0.30343	0.7807039
1260	-2624.981	-2730.801	105.8203	1.536257	0.859093	0.140907	0.9570891
1266	-2615.552	-2721.574	106.0214	1.335231	0.827365	0.172635	0.9570891
1272	-2617.792	-2723.764	105.9718	1.433253	0.749971	0.250029	0.9047367
1278	-2616.755	-2722.691	105.9362	1.538534	0.725024	0.274976	0.8218646
1284	-2618.697	-2724.779	106.0823	1.448132	0.773539	0.226461	0.7446578
1290	-2616.657	-2722.559	105.9026	1.476841	0.667328	0.332672	0.9327948
1296	-2612.19	-2718.148	105.9586	1.42083	0.704816	0.295184	0.9327948
1302	-2617.154	-2722.996	105.8417	1.235742	0.710108	0.289892	1.216597
1308	-2620.259	-2726.026	105.7668	1.109918	0.682068	0.317932	1.379952
1314	-2615.473	-2720.911	105.4385	1.124013	0.767316	0.232684	1.616079
1320	-2620.804	-2726.47	105.6661	1.015257	0.742523	0.257477	1.528894
1326	-2620.574	-2726.508	105.9337	1.256941	0.799613	0.200387	1.117545
1332	-2622.529	-2728.387	105.8576	1.224755	0.788017	0.211983	1.21244
1338	-2627.537	-2733.309	105.7717	1.411994	0.801691	0.198309	1.123875
1344	-2624.729	-2730.453	105.7232	1.134836	0.760072	0.239928	1.394619
1350	-2617.868	-2723.224	105.3565	1.07753	0.750367	0.249633	1.70797
1356	-2623.98	-2729.71	105.7303	1.129378	0.819846	0.180154	1.393293
1362	-2624.37	-2730.176	105.8054	1.211926	0.831159	0.168841	1.266923
1368	-2636.847	-2742.536	105.6895	1.30397	0.729739	0.270261	1.286544
1374	-2628.401	-2734.322	105.9212	1.311557	0.696453	0.303547	1.078872
1380	-2627.6	-2733.335	105.7359	1.203237	0.76029	0.23971	1.330566
1386	-2622.487	-2728.325	105.8384	1.286575	0.808319	0.191681	1.175765
1392	-2628.126	-2733.985	105.8589	1.31085	0.751437	0.248563	1.136317
1398	-2615.526	-2721.403	105.876	1.197806	0.815911	0.184089	1.219674
1404	-2617.607	-2723.248	105.6407	1.087441	0.666336	0.333664	1.493968
1410	-2628.128	-2733.328	105.2003	0.9624347	0.692798	0.307202	1.895769
1416	-2633.798	-2739.067	105.2687	0.8302047	0.828181	0.171819	1.938905
1422	-2635.339	-2739.942	104.6033	0.7231032	0.784467	0.215533	2.440148
1428	-2631.938	-2736.957	105.019	0.8331657	0.732313	0.267687	2.102905
1434	-2629.941	-2735.559	105.6183	1.085966	0.798318	0.201682	1.511814
1440	-2631.92	-2737.077	105.1563	0.9405471	0.837838	0.162162	1.940292
1446	-2621.224	-2726.38	105.155	0.9418409	0.786148	0.213852	1.940292
1452	-2627.124	-2732.928	105.8047	1.283385	0.822409	0.177591	1.207606
1458	-2625.322	-2730.912	105.5905	1.281682	0.77198	0.22802	1.383539
1464	-2636.873	-2742.295	105.4216	1.124845	0.776224	0.223776	1.627625
1470	-2628.404	-2734.118	105.7141	1.086931	0.820694	0.179306	1.43863
1476	-2628.107	-2734.022	105.9154	1.230105	0.820694	0.179306	1.157827
1482	-2635.011	-2740.847	105.8362	1.286967	0.820245	0.179755	1.177369
1488	-2630.368	-2736.21	105.8418	1.328222	0.77153	0.22847	1.136072
1494	-2627.214	-2733.053	105.8389	1.366948	0.722387	0.277613	1.103741
1500	-2623.391	-2729.248	105.857	1.314116	0.772338	0.227662	1.135114
1506	-2623.693	-2729.617	105.9241	1.33752	0.697661	0.302339	1.051699
1512	-2619.953	-2725.862	105.909	1.352642	0.815993	0.184007	1.051699
1518	-2629.351	-2735.341	105.9901	1.354065	0.81022	0.18978	0.9699827
1524	-2625.961	-2731.593	105.6329	1.147581	0.814192	0.185808	1.45438
1530	-2637.659	-2743.19	105.531	0.990467	0.721349	0.278651	1.645672
1536	-2641.276	-2746.447	105.1713	1.126838	0.721349	0.278651	1.802986
1542	-2633.477	-2739.207	105.7298	1.28797	0.774259	0.225741	1.266572
1548	-2621.526	-2727.448	105.9221	1.44036	0.774259	0.225741	0.9508849
1554	-2627.613	-2733.475	105.8617	1.359037	0.748431	0.251569	1.090089
1560	-2620.239	-2726.078	105.8384	1.386789	0.748431	0.251569	1.085892
1566	-2622.914	-2728.477	105.5632	1.172679	0.806732	0.193268	1.488115
1572	-2625.725	-2731.397	105.6728	1.183348	0.731371	0.268629	1.396055
1578	-2624.351	-2729.698	105.347	1.171323	0.691799	0.308201	1.647864
1584	-2626.073	-2731.503	105.4297	1.171272	0.658416	0.341584	1.588062
1590	-2624.889	-2730.691	105.8024	1.13504	0.754244	0.245756	1.331885
1596	-2616.536	-2722.446	105.9107	1.30381	0.750283	0.249717	1.095787
1602	-2616.322	-2722.25	105.9274	1.371793	0.852621	0.147379	1.015321
1608	-2611.39	-2717.228	105.8378	1.147453	0.763	0.237	1.293262
1614	-2616.119	-2721.971	105.8518	1.160969	0.738705	0.261295	1.270733
1620	-2636.784	-2741.595	104.8107	2.45521	0.765454	0.234546	0.1875746
1626	-2627.095	-2731.854	104.7583	2.4549	0.840162	0.159838	0.1727477
1632	-2625.958	-2731.989	106.031	1.322898	0.842368	0.157632	0.9599299
1638	-2617.489	-2723.447	105.9573	1.460028	0.79671	0.20329	0.8908105
1644	-2626.55	-2732.487	105.9373	1.374148	0.650969	0.349031	1.003152
1650	-2623.196	-2729.186	105.9893	1.427142	0.803496	0.196504	0.8918357
1656	-2627.986	-2733.978	105.9922	1.590409	0.79156	0.20844	0.6527011
1662	-2627.094	-2733.034	105.9396	1.553993	0.7785	0.2215	0.7971342
1668	-2628.891	-2734.892	106.001	1.414102	0.863738	0.136262	0.8933427
1674	-2631.056	-2735.928	104.8715	2.37684	0.768757	0.231243	0.182418
1680	-2620.157	-2726.096	105.9396	1.418744	0.764125	0.235875	0.9552198
1686	-2626.353	-2732.118	105.7642	1.377574	0.764125	0.235875	1.161092
1692	-2631.605	-2737.429	105.8242	1.530853	0.75614	0.24386	0.958656
1698	-2631.086	-2736.703	105.6169	1.245576	0.743166	0.256834	1.391168
1704	-2636.314	-2741.731	105.4177	2.14844	0.765801	0.234199	0.3515363
1710	-2626.68	-2732.656	105.9762	1.463149	0.760452	0.239548	0.8653207
1716	-2615.781	-2721.729	105.9478	1.526185	0.760452	0.239548	0.8228374
1722	-2622.17	-2727.782	105.6119	1.978992	0.734301	0.265699	0.386365
1728	-2623.95	-2729.523	105.5737	2.006123	0.782011	0.217989	0.3691659
1734	-2622.452	-2728.068	105.6164	1.982153	0.840938	0.159062	0.4004432
1740	-2634.394	-2740.308	105.9141	1.416618	0.827427	0.172573	0.9837406
1746	-2627.666	-2733.654	105.988	1.4449	0.796843	0.203157	0.8729391
1752	-2623.373	-2729.348	105.9747	1.400746	0.819653	0.180347	0.9371175
1758	-2617.942	-2723.775	105.8333	1.418163	0.791232	0.208768	1.061328
1764	-2628.437	-2734.352	105.9151	1.336423	0.762805	0.237195	1.061328
1770	-2630.542	-2736.226	105.6834	1.126391	0.778116	0.221884	1.431923
1776	-2634.446	-2740.214	105.7678	1.154376	0.813462	0.186538	1.344064
1782	-2629.336	-2735.123	105.7872	1.208386	0.771895	0.228105	1.284821
1788	-2622.563	-2728.064	105.5004	1.190173	0.743681	0.256319	1.522078
1794	-2625.285	-2731.276	105.9906	1.471439	0.802428	0.197572	0.8377871
1800	-2632.507	-2738.236	105.7289	1.297932	0.774808	0.225192	1.259079
1806	-2630.54	-2736.28	105.7406	1.248282	0.727442	0.272558	1.290342
1812	-2627.004	-2732.946	105.9416	1.451191	0.671429	0.328571	0.9182741
1818	-2619.073	-2725.06	105.9863	1.532298	0.784143	0.215857	0.7623582
1824	-2629.616	-2735.614	105.998	1.583237	0.800889	0.199111	0.6556428
1830	-2637.274	-2742.867	105.5937	1.220284	0.687445	0.312555	1.428685
1836	-2639.216	-2744.73	105.5139	1.23318	0.687445	0.312555	1.479702
1842	-2640.911	-2746.787	105.8766	1.737971	0.731302	0.268698	0.5610965
1848	-2631.503	-2737.328	105.8246	1.78999	0.760366	0.239634	0.5610965
1854	-2631.762	-2737.6	105.8382	1.367899	0.708262	0.291738	1.103543
1860	-2635.424	-2741.198	105.7737	1.253101	0.730105	0.269895	1.259085
1866	-2641.575	-2747.466	105.8909	1.211792	0.77808	0.22192	1.195032
1872	-2619.976	-2725.788	105.8115	1.80818	0.747718	0.252282	0.4709054
1878	-2625.327	-2731.135	105.8079	1.800636	0.724389	0.275611	0.5847041
1884	-2618.188	-2724.008	105.8199	1.800636	0.811636	0.188364	0.4788842
1890	-2623.178	-2729.034	105.8558	1.741278	0.780675	0.219325	0.6186785
1896	-2628.841	-2734.737	105.8959	1.540775	0.641236	0.358764	0.8684163
1902	-2616.675	-2722.688	106.0132	1.587549	0.801605	0.198395	0.6088874
1908	-2622.355	-2728.318	105.9628	1.617797	0.793307	0.206693	0.6567951
1914	-2626.066	-2731.446	105.3799	1.035627	0.643909	0.356091	1.721022
1920	-2625.517	-2731.124	105.6067	1.202498	0.660183	0.339817	1.432344
1926	-2623.961	-2729.774	105.8132	1.14842	0.622748	0.377252	1.31244
1932	-2621.179	-2727.15	105.9704	1.64039	0.750483	0.249517	0.5768301
1938	-2617.918	-2723.665	105.7475	1.858401	0.789028	0.210972	0.4169716
1944	-2622.582	-2728.206	105.6235	1.961209	0.708874	0.291126	0.3763663
1950	-2627.463	-2733.145	105.6817	1.217656	0.655455	0.344545	1.362186
1956	-2629.339	-2735.028	105.6895	1.433318	0.756264	0.243736	1.177656
1962	-2629.387	-2735.125	105.7382	1.880739	0.678874	0.321126	0.4650424
1968	-2638.45	-2744.204	105.7543	1.849313	0.867958	0.132042	0.4113213
1974	-2626.239	-2731.847	105.6079	1.269704	0.828156	0.171844	1.379259
1980	-2626.856	-2732.316	105.4598	1.198883	0.817547	0.182453	1.545685
1986	-2626.076	-2731.316	105.2403	1.103444	0.763087	0.236913	1.771312
1992	-2621.237	-2726.71	105.4728	1.18633	0.840546	0.159454	1.545391
1998	-2626.682	-2732.327	105.6452	1.315981	0.734885	0.265115	1.312776
2004	-2631.321	-2737.108	105.7875	1.301711	0.686556	0.313444	1.206577
2010	-2625.507	-2731.543	106.0364	1.267106	0.760817	0.239183	1.011031
2016	-2625.107	-2731.006	105.8995	1.205363	0.816722	0.183278	1.193176
2022	-2627.409	-2733.496	106.0872	1.315347	0.792487	0.207513	0.90748
2028	-2617.972	-2724.02	106.0474	1.340801	0.750902	0.249098	0.9232831
2034	-2621.849	-2727.783	105.934	1.321711	0.687115	0.312885	1.057354
2040	-2624.868	-2730.756	105.8879	1.367772	0.785098	0.214902	1.057354
2046	-2619.509	-2725.496	105.9878	1.529497	0.735771	0.264229	0.7642636
2052	-2618.595	-2724.553	105.9578	1.295125	0.821406	0.178594	1.059959
2058	-2618.833	-2724.743	105.9096	1.396781	0.821406	0.178594	1.008204
2064	-2622.564	-2728.44	105.8759	1.363982	0.783742	0.216258	1.072281
2070	-2620.104	-2726.089	105.9849	1.343769	0.822112	0.177888	0.9858826
2076	-2621.851	-2727.654	105.8031	1.26075	0.738591	0.261409	1.228099
2082	-2629.282	-2734.76	105.4774	1.286596	0.751541	0.248459	1.466869
2088	-2627.114	-2732.747	105.6337	1.109598	0.751541	0.248459	1.482534
2094	-2622.977	-2728.73	105.7532	1.181778	0.737442	0.262558	1.333834
2100	-2628.726	-2734.307	105.5809	1.139092	0.737442	0.262558	1.500041
2106	-2637.147	-2742.809	105.6621	1.091299	0.696642	0.303358	1.474916
2112	-2633.904	-2739.394	105.4892	1.053081	0.776273	0.223727	1.630658
2118	-2630.073	-2735.621	105.5475	0.9138747	0.75082	0.24918	1.688594
2124	-2633.264	-2737.856	104.5911	0.8956486	0.774446	0.225554	2.338742
2130	-2632.878	-2737.985	105.1075	0.9088528	0.737005	0.262995	1.994269
2136	-2631.37	-2736.284	104.9142	0.8833817	0.741715	0.258285	2.138615
2142	-2623.419	-2728.555	105.1354	0.9080972	0.824713	0.175287	1.976119
2148	-2631.718	-2736.685	104.9668	0.8961442	0.79405	0.20595	2.095808
2154	-2627.26	-2732.948	105.6878	1.123671	0.77325	0.22675	1.430602
2160	-2625.375	-2731.399	106.0237	1.41085	0.834016	0.165984	0.8709446
2166	-2620.017	-2725.937	105.9193	1.520184	0.792415	0.207585	0.8650877
2172	-2620.733	-2726.707	105.9738	1.610084	0.767308	0.232692	0.6498618
2178	-2625.584	-2731.57	105.9863	1.548513	0.791146	0.208854	0.7380396
2184	-2627.888	-2733.802	105.914	1.524912	0.770462	0.229538	0.8658525
2190	-2622.991	-2728.999	106.008	1.367161	0.840209	0.159791	0.937419
2196	-2623.043	-2729.041	105.9982	1.318125	0.835319	0.164681	0.998326
2202	-2625.708	-2731.618	105.9098	1.277353	0.848023	0.151977	1.120724
2208	-2619.748	-2725.655	105.9063	1.383388	0.800899	0.199101	1.024607
2214	-2621.134	-2727.155	106.0211	1.304906	0.804597	0.195403	0.9885256
2220	-2625.217	-2730.955	105.7378	1.075651	0.799345	0.200655	1.429094
2226	-2620.149	-2725.868	105.7193	1.091596	0.765328	0.234672	1.431075
2232	-2624.649	-2730.234	105.5848	1.168865	0.839472	0.160528	1.47469
2238	-2624.329	-2730.051	105.7225	1.21391	0.757537	0.242463	1.332708
2244	-2631.009	-2736.838	105.8287	1.364737	0.677031	0.322969	1.115017
2250	-2640.041	-2745.924	105.8825	1.247605	0.728021	0.271979	1.171288
2256	-2636.544	-2742.346	105.8024	1.100529	0.786186	0.213814	1.359372
2262	-2627.004	-2732.956	105.9513	1.640259	0.80063	0.19937	0.632438
2268	-2618.853	-2724.781	105.9287	1.655031	0.744992	0.255008	0.6502084
2274	-2627.356	-2733.263	105.9075	1.70637	0.804883	0.195117	0.5640159
2280	-2622.849	-2728.889	106.0398	1.56037	0.749911	0.250089	0.6105121
2286	-2621.799	-2727.765	105.9654	1.56037	0.717112	0.282888	0.7517116
2292	-2629.155	-2735.13	105.9744	1.346041	0.703044	0.296956	0.994156
2298	-2630.965	-2736.779	105.8145	1.352395	0.763846	0.236154	1.138916
2304	-2633.242	-2739.153	105.9108	1.450867	0.709305	0.290695	0.9517519
2310	-2625.931	-2731.851	105.9209	1.396542	0.686066	0.313934	0.9972057
2316	-2626.572	-2732.582	106.0105	1.395869	0.755971	0.244029	0.9032273
2322	-2616.203	-2722.099	105.8963	1.286714	0.71323	0.28677	1.124482
2328	-2621.237	-2726.984	105.7468	1.149006	0.750855	0.249145	1.364947
2334	-2621.959	-2727.852	105.893	1.315725	0.750123	0.249877	1.101074
2340	-2626.378	-2732.279	105.9015	1.383642	0.849378	0.150622	1.029099
2346	-2629.505	-2735.486	105.9815	1.360769	0.761056	0.238944	0.9719185
2352	-2627.595	-2733.476	105.8808	1.366367	0.836745	0.163255	1.065386
2358	-2625.364	-2731.25	105.8867	1.249854	0.726372	0.273628	1.165698
2364	-2627.222	-2732.992	105.7701	1.40009	0.758126	0.241874	1.135968
2370	-2617.33	-2723.291	105.9614	1.386519	0.723044	0.276956	0.9661001
2376	-2631.825	-2737.844	106.0192	1.414061	0.643729	0.356271	0.8724387
2382	-2635.609	-2741.393	105.7835	1.324977	0.751869	0.248131	1.190072
2388	-2621.743	-2727.623	105.8805	1.341499	0.710424	0.289576	1.088871
2394	-2629.432	-2735.191	105.7587	1.357442	0.833614	0.166386	1.183451
2400	-2622.233	-2728.201	105.9681	1.540149	0.705967	0.294033	0.7771132
2406	-2625.86	-2731.746	105.8857	1.633335	0.794654	0.205346	0.7617145
2412	-2631.526	-2737.548	106.0214	1.573434	0.767116	0.232884	0.6243913
2418	-2627.907	-2733.885	105.9781	1.533776	0.657438	0.342562	0.7719694
2424	-2625.621	-2731.562	105.9405	1.652379	0.728944	0.271056	0.6292527
2430	-2619.214	-2724.941	105.7263	1.271963	0.691163	0.308837	1.282647
2436	-2610.536	-2716.379	105.8433	1.283469	0.738432	0.261568	1.174227
2442	-2617.331	-2722.987	105.6556	1.213411	0.687432	0.312568	1.386003
2448	-2629.711	-2735.335	105.6234	1.213965	0.780103	0.219897	1.410628
2454	-2621.884	-2727.365	105.4816	1.01896	0.752985	0.247015	1.66066
2460	-2623.475	-2729.405	105.9308	1.676133	0.880102	0.119898	0.5902862
2466	-2622.978	-2728.958	105.9805	1.626701	0.732298	0.267702	0.5892235
2472	-2619.278	-2724.91	105.6319	1.287627	0.744025	0.255975	1.346178
2478	-2617.872	-2723.523	105.6508	1.235588	0.787085	0.212915	1.372367
2484	-2625.442	-2731.185	105.7434	1.87807	0.77843	0.22157	0.4980982
2490	-2624.221	-2729.885	105.6636	1.308318	0.765704	0.234296	1.304075
2496	-2626.843	-2732.528	105.6848	1.2617	0.843087	0.156913	1.324612
2502	-2616.78	-2722.625	105.8453	1.271788	0.767056	0.232944	1.18264
2508	-2623.406	-2728.979	105.5726	1.282678	0.808391	0.191609	1.396743
2514	-2625.495	-2731.409	105.9138	1.316631	0.723927	0.276073	1.081051
2520	-2626.292	-2732.134	105.8423	1.338394	0.685754	0.314246	1.126494
2526	-2628.522	-2734.11	105.5876	1.289349	0.765849	0.234151	1.379838
2532	-2626.043	-2731.797	105.7537	1.103875	0.75959	0.24041	1.394958
2538	-2627.682	-2732.835	105.1533	1.053534	0.708117	0.291883	1.865684
2544	-2621.054	-2726.91	105.856	1.565927	0.713346	0.286654	0.8856255
2550	-2623.886	-2729.702	105.8166	1.59168	0.730168	0.269832	0.9010512
2556	-2614.505	-2720.538	106.0332	1.361852	0.8004	0.1996	0.9158289
2562	-2615.288	-2721.236	105.9485	1.251586	0.791405	0.208595	1.109033
2568	-2615.266	-2720.891	105.6248	1.193654	0.825312	0.174688	1.425268
2574	-2625.111	-2730.748	105.6374	1.113697	0.831724	0.168276	1.476671
2580	-2619.144	-2725.053	105.909	1.273539	0.742578	0.257422	1.124844
2586	-2621.306	-2727.188	105.8823	1.220875	0.752468	0.247532	1.194638
2592	-2628.259	-2734.272	106.0124	1.312528	0.806153	0.193847	0.9896054
2598	-2625.629	-2731.617	105.9886	1.312528	0.620741	0.379259	1.013353
2604	-2629.221	-2735.048	105.8266	1.200115	0.750452	0.249548	1.259216
2610	-2616.181	-2721.963	105.7827	1.391505	0.734924	0.265076	1.132358
2616	-2618.944	-2724.715	105.7717	1.320481	0.734924	0.265076	1.204056
2622	-2616.245	-2722.181	105.9366	1.349996	0.67876	0.32124	1.027664
2628	-2628.739	-2734.706	105.9669	1.301284	0.623313	0.376687	1.045475
2634	-2621.264	-2727.069	105.8055	1.334892	0.704886	0.295114	1.162292
2640	-2640.97	-2746.959	105.9891	1.213184	0.767975	0.232025	1.106984
2646	-2640.143	-2746.153	106.0099	1.149261	0.719402	0.280598	1.145785
2652	-2622.677	-2728.584	105.9067	1.296565	0.757893	0.242107	1.106115
2658	-2620.322	-2726.32	105.9974	1.357855	0.742964	0.257036	0.9584577
2664	-2622.937	-2728.734	105.7966	1.194108	0.73947	0.26053	1.288815
2670	-2621.857	-2727.66	105.8027	1.298328	0.800123	0.199877	1.196469
2676	-2620.173	-2726.012	105.8386	1.226562	0.808001	0.191999	1.227048
2682	-2621.347	-2727.12	105.7729	1.173523	0.774542	0.225458	1.324645
2688	-2624.274	-2730.11	105.8355	1.110928	0.753661	0.246339	1.324645
2694	-2622.335	-2728.145	105.81	1.148958	0.757649	0.242351	1.314599
2700	-2616.309	-2722.153	105.8439	1.12528	0.754412	0.245588	1.306303
2706	-2620.332	-2725.952	105.6197	1.12528	0.727802	0.272198	1.48129
2712	-2624.495	-2730.156	105.6608	1.084104	0.784224	0.215776	1.48129
2718	-2623.547	-2729.276	105.7289	1.179383	0.761866	0.238134	1.355101
2724	-2618.56	-2724.541	105.9813	1.336586	0.718495	0.281505	0.9966863
2730	-2628.155	-2734.053	105.8983	1.32331	0.733612	0.266388	1.089264
2736	-2623.978	-2729.865	105.8867	1.27688	0.712436	0.287564	1.141839
2742	-2620.721	-2726.584	105.8635	1.300065	0.702555	0.297445	1.141839
2748	-2626.068	-2732.117	106.0495	1.455062	0.735928	0.264072	0.7822077
2754	-2628.803	-2734.836	106.0333	1.408829	0.73638	0.26362	0.8620214
2760	-2636.431	-2742.402	105.9715	1.410314	0.721537	0.278463	0.9302869
2766	-2627.824	-2733.844	106.0203	1.404678	0.710186	0.289814	0.8821305
2772	-2623.171	-2729.15	105.9797	1.553628	0.866032	0.133968	0.7403386
2778	-2618.722	-2724.682	105.96	1.584961	0.723554	0.276446	0.7218631
2784	-2628.008	-2733.98	105.9716	1.539803	0.666652	0.333348	0.7726961
2790	-2625.011	-2730.888	105.8771	1.389707	0.723438	0.276562	1.046797
2796	-2633.758	-2739.7	105.9419	1.342474	0.735612	0.264388	1.029822
2802	-2618.797	-2724.795	105.998	1.593622	0.713637	0.286363	0.6324157
2808	-2620.942	-2726.892	105.9498	1.631933	0.70181	0.29819	0.6544926
2814	-2616.93	-2722.868	105.938	1.631933	0.731923	0.268077	0.6782036
2820	-2629.64	-2735.545	105.9048	1.675266	0.788329	0.211671	0.6579987
2826	-2628.306	-2734.227	105.9209	1.651917	0.788307	0.211693	0.6726771
2832	-2627.092	-2733.092	106.0001	1.453904	0.760591	0.239409	0.8476317
2838	-2620.404	-2726.296	105.8918	1.31898	0.738046	0.261954	1.099181
2844	-2621.516	-2727.465	105.9488	1.198701	0.680672	0.319328	1.156101
2850	-2635.557	-2741.435	105.8786	1.626207	0.695491	0.304509	0.7818983
2856	-2628.825	-2734.745	105.9204	1.376	0.760224	0.239776	1.018045
2862	-2626.205	-2731.141	104.9366	0.9804281	0.767515	0.232485	2.060224
2868	-2624.081	-2729.786	105.705	1.092226	0.767515	0.232485	1.441571
2874	-2620.663	-2726.377	105.7134	1.901704	0.807094	0.192906	0.4456798
2880	-2627.612	-2733.215	105.603	1.959873	0.708646	0.291354	0.3478281
2886	-2618.339	-2724.014	105.6754	1.921343	0.764782	0.235218	0.3968027
2892	-2625.685	-2731.69	106.0049	1.3189	0.667465	0.332535	0.9907434
2898	-2622.122	-2727.924	105.8022	1.174726	0.734958	0.265042	1.300078
2904	-2617.371	-2723.283	105.9122	1.304769	0.792108	0.207892	1.09349
2910	-2628.772	-2734.704	105.9322	1.245344	0.738893	0.261107	1.129354
2916	-2631.63	-2737.478	105.8487	1.448055	0.830798	0.169202	1.017688
2922	-2628.651	-2734.495	105.8442	1.1925	0.755799	0.244201	1.25087
2928	-2620.727	-2726.524	105.7975	1.305982	0.731941	0.268059	1.194362
2934	-2622.472	-2728.449	105.9768	1.394312	0.727901	0.272099	0.9417786
2940	-2622.456	-2728.38	105.9248	1.477015	0.761551	0.238449	0.9083717
2946	-2631.136	-2737.025	105.8885	1.390999	0.698816	0.301184	1.03452
2952	-2626.167	-2732.033	105.866	1.380971	0.698255	0.301745	1.065609
2958	-2640.586	-2746.543	105.9572	1.405104	0.655432	0.344568	0.9510533
2964	-2637.228	-2743.098	105.8701	1.572813	0.835873	0.164127	0.8610666
2970	-2624.993	-2730.928	105.935	1.507892	0.751549	0.248451	0.8610666
2976	-2621.9	-2727.837	105.9369	1.481252	0.766104	0.233896	0.8899262
2982	-2621.989	-2727.926	105.9364	1.517315	0.727901	0.272099	0.8480452
2988	-2626.007	-2732.051	106.0442	1.38513	0.701163	0.298837	0.8770241
2994	-2625.202	-2731.231	106.0286	1.494846	0.760303	0.239697	0.7551814
3000	-2635.96	-2741.928	105.9683	1.639485	0.806994	0.193006	0.5875053
3006	-2637.238	-2743.156	105.9178	1.622245	0.806994	0.193006	0.7298604
3012	-2622.654	-2728.641	105.987	1.354765	0.738514	0.261486	0.9725098
3018	-2620.69	-2726.637	105.9464	1.34211	0.730029	0.269971	1.025806
3024	-2623.086	-2729.005	105.9186	1.450564	0.821447	0.178553	0.9438623
3030	-2627.074	-2733.093	106.0181	1.518867	0.861298	0.138702	0.7346611
3036	-2624.292	-2730.168	105.8758	1.697731	0.802418	0.197582	0.6712563
3042	-2618.989	-2724.947	105.9576	1.653458	0.731394	0.268606	0.5756101
3048	-2621.616	-2727.545	105.9286	1.679454	0.805171	0.194829	0.5862796
3054	-2623.453	-2729.444	105.9911	1.436769	0.713163	0.286837	0.8787205
3060	-2619.51	-2725.451	105.9413	1.610713	0.778079	0.221921	0.7101296
3066	-2616.493	-2722.394	105.901	1.633653	0.812959	0.187041	0.7382784
3072	-2618.96	-2724.894	105.9337	1.552966	0.802807	0.197193	0.8063903
3078	-2619.204	-2725.254	106.0508	1.45106	0.814954	0.185046	0.7860028
3084	-2616.448	-2722.385	105.9372	1.616837	0.867076	0.132924	0.7066726
3090	-2617.941	-2723.957	106.0158	1.515571	0.841675	0.158325	0.7432856
3096	-2622.365	-2728.44	106.0752	1.456163	0.769191	0.230809	0.7432856
3102	-2627.241	-2733.147	105.9064	1.494401	0.825512	0.174488	0.9094195
3108	-2622.244	-2728.308	106.0642	1.510009	0.69013	0.30987	0.6698959
3114	-2627.813	-2733.703	105.8891	1.563546	0.826459	0.173541	0.8493652
3120	-2628.735	-2734.732	105.9971	1.552468	0.706011	0.293989	0.7143547
3126	-2621.609	-2727.624	106.0147	1.574406	0.695635	0.304365	0.6381538
3132	-2628.657	-2734.669	106.0125	1.545763	0.736767	0.263233	0.6994935
3138	-2631.278	-2737.301	106.023	1.469797	0.775441	0.224559	0.7982371
3144	-2626.571	-2732.513	105.9417	1.512923	0.795428	0.204572	0.8469335
3150	-2625.723	-2731.629	105.9067	1.541307	0.786205	0.213795	0.8549082
3156	-2623.058	-2729.06	106.0022	1.44584	0.746166	0.253834	0.8549082
3162	-2625.198	-2731.125	105.9272	1.518201	0.739717	0.260283	0.8581114
3168	-2624.269	-2730.294	106.025	1.482699	0.811254	0.188746	0.777781
3174	-2630.51	-2736.416	105.9062	1.405847	0.708857	0.291143	1.00252
3180	-2622.474	-2728.432	105.9576	1.354441	0.78948	0.21052	1.002565
3186	-2627.618	-2733.436	105.8172	1.284237	0.807609	0.192391	1.196118
3192	-2624.416	-2730.336	105.9195	1.284331	0.732777	0.267223	1.105574
3198	-2625.414	-2731.371	105.9569	1.411924	0.718606	0.281394	0.944155
3204	-2636.377	-2742.372	105.9951	1.593828	0.767071	0.232929	0.6385386
3210	-2639.185	-2744.805	105.6199	1.161446	0.829537	0.170463	1.453685
3216	-2636.183	-2741.631	105.4476	1.091386	0.7408	0.2592	1.633017
3222	-2627.792	-2733.753	105.9602	1.491622	0.708686	0.291314	0.8503502
3228	-2628.147	-2734.168	106.0208	1.395717	0.687767	0.312233	0.8917368
3234	-2624.007	-2729.922	105.9151	1.308924	0.774097	0.225903	1.086981
3240	-2627.966	-2733.888	105.9222	1.302782	0.717314	0.282686	1.08613
3246	-2622.903	-2728.721	105.8183	1.1921	0.697462	0.302538	1.272666
3252	-2623.348	-2729.097	105.7494	1.177569	0.721272	0.278728	1.340258
3258	-2622.996	-2728.768	105.7715	1.152226	0.800188	0.199812	1.342854
3264	-2624.369	-2730.053	105.6834	1.069475	0.778411	0.221589	1.47529
3270	-2627.596	-2733.084	105.4873	1.069475	0.800868	0.199132	1.620188
3276	-2620.916	-2726.358	105.4415	1.032083	0.818294	0.181706	1.679896
3282	-2617.738	-2723.291	105.5535	1.03199	0.765224	0.234776	1.599355
3288	-2611.535	-2717.35	105.8145	1.214105	0.802016	0.197984	1.257599
3294	-2620.459	-2726.352	105.8929	1.375613	0.690716	0.309284	1.045162
3300	-2622.364	-2728.221	105.8566	1.324716	0.670753	0.329247	1.125942
3306	-2622.945	-2729.036	106.0912	1.311467	0.742159	0.257841	0.9073765
3312	-2632.343	-2738.43	106.0866	1.302591	0.68133	0.31867	0.9222655
3318	-2626.509	-2732.405	105.8962	1.377686	0.769856	0.230144	1.039972
3324	-2615.762	-2721.769	106.0063	1.268005	0.709021	0.290979	1.039531
3330	-2615.329	-2721.286	105.9572	1.23209	0.817444	0.182556	1.118793
3336	-2620.417	-2726.209	105.7916	1.12462	0.852765	0.147235	1.348818
3342	-2621.75	-2727.315	105.5652	1.143992	0.80599	0.19401	1.508161
3348	-2616.603	-2722.309	105.7059	1.095697	0.754556	0.245444	1.438175
3354	-2615.624	-2721.296	105.6717	1.171349	0.754556	0.245444	1.406245
3360	-2614.364	-2720.121	105.7572	1.326765	0.763535	0.236465	1.211123
3366	-2617.04	-2722.953	105.9132	1.286669	0.707105	0.292895	1.109232
3372	-2617.078	-2722.959	105.8813	1.319476	0.707105	0.292895	1.108337
3378	-2617.729	-2723.688	105.9593	1.421085	0.809905	0.190095	0.9318005
3384	-2623.753	-2729.773	106.0202	1.343263	0.692022	0.307978	0.9498247
3390	-2621.735	-2727.773	106.0386	1.226601	0.724906	0.275094	1.048306
3396	-2622.27	-2728.194	105.9244	1.211694	0.804605	0.195395	1.166063
3402	-2631.51	-2737.336	105.826	1.2195	0.724807	0.275193	1.243547
3408	-2625.647	-2731.404	105.7573	1.116935	0.814115	0.185885	1.381912
3414	-2618.016	-2723.92	105.904	1.223023	0.842488	0.157512	1.174019
3420	-2620.48	-2726.288	105.8071	1.227002	0.769652	0.230348	1.253035
3426	-2619.594	-2725.341	105.7471	1.291321	0.724564	0.275436	1.249412
3432	-2618.761	-2724.664	105.903	1.135473	0.747769	0.252231	1.249412
3438	-2621.307	-2727.127	105.8194	1.067854	0.776437	0.223563	1.371706
3444	-2621.319	-2727.269	105.9496	1.189576	0.698645	0.301355	1.163393
3450	-2628.304	-2734.04	105.7361	1.088928	0.725234	0.274766	1.420201
3456	-2625.557	-2731.277	105.72	1.182032	0.726624	0.273376	1.360095
3462	-2638.228	-2744.141	105.9137	1.458895	0.818135	0.181865	0.9401774
3468	-2628.798	-2734.631	105.8323	1.336089	0.758531	0.241469	1.137518
3474	-2644.738	-2750.874	106.136	1.371732	0.872808	0.127192	0.7778548
3480	-2635.761	-2741.803	106.0421	1.093881	0.76116	0.23884	1.166175
3486	-2625.958	-2731.641	105.6833	1.138351	0.736519	0.263481	1.422764
3492	-2623.059	-2728.662	105.6027	1.218992	0.823193	0.176807	1.422764
3498	-2623.979	-2729.581	105.6018	1.190135	0.759826	0.240174	1.445606
3504	-2627.875	-2733.904	106.0284	1.492765	0.742871	0.257129	0.7585752
3510	-2626.149	-2731.852	105.7037	1.224895	0.652145	0.347855	1.338957
3516	-2621.169	-2726.946	105.7767	1.22934	0.806838	0.193162	1.276225
3522	-2623.636	-2729.461	105.8253	1.183809	0.766738	0.233262	1.273707
3528	-2619.536	-2725.301	105.7655	1.169377	0.752857	0.247143	1.333965
3534	-2623.708	-2729.476	105.7676	1.315844	0.740292	0.259708	1.211489
3540	-2625.164	-2730.943	105.7794	1.253053	0.805849	0.194151	1.254414
3546	-2622.09	-2727.834	105.7437	1.288727	0.724027	0.275973	1.254414
3552	-2627.177	-2732.969	105.7917	1.38302	0.803038	0.196962	1.131864
3558	-2631.144	-2736.996	105.8522	1.413305	0.838846	0.161154	1.048
3564	-2619.875	-2725.392	105.5169	1.081337	0.680885	0.319115	1.590117
3570	-2629.215	-2734.875	105.6605	1.173629	0.721991	0.278009	1.413128
3576	-2623.542	-2729.22	105.6772	1.214796	0.712153	0.287847	1.367953
3582	-2620.211	-2725.905	105.6949	1.295665	0.772258	0.227742	1.288956
3588	-2621.575	-2727.504	105.9287	1.292737	0.774273	0.225727	1.089419
3594	-2623.878	-2729.66	105.7814	1.439997	0.702086	0.297914	1.089419
3600	-2630.985	-2736.147	105.1615	0.9936223	0.831772	0.168228	1.900897
3606	-2624.994	-2730.6	105.6056	0.9475913	0.773606	0.226394	1.62279
3612	-2629.765	-2735.046	105.2812	0.9719876	0.681578	0.318422	1.83394
3618	-2632.864	-2738.119	105.2546	0.9985835	0.692304	0.307696	1.83394
3624	-2628.817	-2734.536	105.719	1.175655	0.790811	0.209189	1.365894
3630	-2625.184	-2731.01	105.8265	1.156635	0.796407	0.203593	1.29503
3636	-2622.915	-2728.223	105.3081	0.9975498	0.833352	0.166648	1.797731
3642	-2624.109	-2729.765	105.656	1.141918	0.774035	0.225965	1.441043
3648	-2628.288	-2734.189	105.9016	1.377184	0.722152	0.277848	1.035191
3654	-2628.111	-2733.93	105.8189	1.169449	0.762638	0.237362	1.290722
3660	-2625.468	-2731.2	105.7321	1.256273	0.710702	0.289298	1.290722
3666	-2622.95	-2728.759	105.8095	1.314615	0.732179	0.267821	1.17652
3672	-2639.336	-2745.086	105.7499	1.244735	0.7447	0.2553	1.285588
3678	-2628.906	-2734.505	105.5992	1.218835	0.713647	0.286353	1.425606
3684	-2627.716	-2733.594	105.8778	1.359448	0.790444	0.209556	1.074731
3690	-2623.214	-2729.127	105.9129	1.32431	0.774496	0.225504	1.074731
3696	-2623.242	-2728.895	105.6524	1.189889	0.736354	0.263646	1.406862
3702	-2627.791	-2733.485	105.6931	1.156941	0.831376	0.168624	1.400853
3708	-2627.72	-2733.317	105.5968	1.253233	0.727206	0.272794	1.400853
3714	-2624.797	-2730.48	105.6823	1.130709	0.766145	0.233855	1.429412
3720	-2625.49	-2731.194	105.7034	1.109695	0.86218	0.13782	1.429412
3726	-2632.544	-2738.21	105.6662	1.209173	0.644427	0.355573	1.381006
3732	-2634.597	-2740.187	105.5897	1.195203	0.77666	0.22334	1.451001
3738	-2621.86	-2727.748	105.8881	1.147139	0.809619	0.190381	1.252104
3744	-2628.292	-2733.747	105.4552	1.21481	0.720965	0.279035	1.537352
3750	-2641.995	-2747.959	105.9644	1.442295	0.790439	0.209561	0.9029185
3756	-2630.975	-2736.92	105.9446	1.529715	0.765616	0.234384	0.8224199
3762	-2637.893	-2743.998	106.1051	1.450058	0.745226	0.254774	0.7048325
3768	-2631.274	-2737.227	105.9526	1.636228	0.725114	0.274886	0.6388432
3774	-2623.437	-2729.181	105.7441	1.873061	0.816679	0.183321	0.4552189
3780	-2621.459	-2727.401	105.9419	1.666718	0.815118	0.184882	0.5844941
3786	-2618.894	-2724.824	105.93	1.652374	0.610132	0.389868	0.6531582
3792	-2639.881	-2745.571	105.6895	1.915972	0.710456	0.289544	0.4157973
3798	-2634.438	-2740.164	105.7253	1.878382	0.728969	0.271031	0.4114299
3804	-2629.692	-2735.343	105.6511	1.948701	0.670998	0.329002	0.4029768
3810	-2622.803	-2728.809	106.0054	1.385374	0.8141	0.1859	0.9204872
3816	-2632.396	-2738.258	105.862	1.224599	0.841004	0.158996	1.208803
3822	-2628.952	-2734.959	106.0072	1.587754	0.773552	0.226448	0.6240315
3828	-2631.992	-2737.946	105.9538	1.63522	0.835184	0.164816	0.6384869
3834	-2626.308	-2731.906	105.5982	1.160255	0.799176	0.200824	1.471081
3840	-2628.468	-2734.154	105.6854	1.371734	0.686003	0.313997	1.233762
3846	-2626.319	-2731.942	105.6233	1.247723	0.784375	0.215625	1.384456
3852	-2627.216	-2733.137	105.9208	1.611297	0.742638	0.257362	0.7421381
3858	-2623.926	-2729.989	106.0638	1.391738	0.861068	0.138932	0.8458427
3864	-2620.15	-2725.578	105.4278	1.114167	0.8206	0.1794	1.630852
3870	-2630.053	-2736.064	106.0109	1.472126	0.719905	0.280095	0.8111373
3876	-2630.232	-2736.184	105.9516	1.458133	0.879262	0.120738	0.8994129
3882	-2618.647	-2724.117	105.4706	1.208972	0.811853	0.188147	1.530219
3888	-2621.303	-2727.114	105.811	1.125175	0.774522	0.225478	1.332895
3894	-2619.228	-2725.134	105.9063	1.206783	0.79836	0.20164	1.186066
3900	-2627.244	-2733.151	105.9073	1.703886	0.85419	0.14581	0.5753029
3906	-2633.476	-2739.394	105.9182	1.677975	0.802545	0.197455	0.621158
3912	-2627.275	-2733.241	105.9664	1.61799	0.825019	0.174981	0.6487895
3918	-2630.458	-2736.364	105.9061	1.711179	0.712049	0.287951	0.5469366
3924	-2627.007	-2732.95	105.9435	1.664524	0.812912	0.187088	0.5866486
3930	-2629.383	-2735.342	105.9597	1.592977	0.793912	0.206088	0.7091483
3936	-2622.27	-2728.185	105.9143	1.592398	0.71018	0.28982	0.7792481
3942	-2625.853	-2731.778	105.9254	1.655614	0.682597	0.317403	0.6560668
3948	-2623.138	-2729.045	105.9079	1.495801	0.666276	0.333724	0.9062602
3954	-2631.732	-2737.614	105.8826	1.606304	0.720795	0.279205	0.8034534
3960	-2630.121	-2736.12	105.9984	1.613413	0.742974	0.257026	0.5727209
3966	-2629.627	-2735.482	105.8548	1.757185	0.721529	0.278471	0.5719678
3972	-2624.431	-2730.403	105.9722	1.614988	0.804459	0.195541	0.6425691
3978	-2620.697	-2726.672	105.9749	1.602507	0.804459	0.195541	0.6633882
3984	-2622.105	-2728.073	105.9683	1.622338	0.775761	0.224239	0.634676
3990	-2631.624	-2737.563	105.939	1.576668	0.761673	0.238327	0.7666116
3996	-2622.056	-2727.998	105.942	1.39047	0.715181	0.284819	0.9819393
4002	-2622.714	-2728.641	105.9276	1.396617	0.764266	0.235734	0.9903289
4008	-2634.024	-2739.859	105.835	1.357649	0.755528	0.244472	1.115733
4014	-2626.11	-2732.064	105.9546	1.37172	0.793208	0.206792	0.9882661
4020	-2624.417	-2730.356	105.939	1.418112	0.768461	0.231539	0.9565204
4026	-2621.835	-2727.791	105.956	1.401129	0.768461	0.231539	0.9565204
4032	-2623.012	-2728.869	105.8564	1.500724	0.698171	0.301829	0.9565204
4038	-2620.969	-2726.982	106.0123	1.384995	0.778005	0.221995	0.9133566
4044	-2625.903	-2731.713	105.8103	1.810932	0.77974	0.22026	0.4902191
4050	-2617.871	-2723.628	105.757	1.844594	0.727535	0.272465	0.4067283
4056	-2622.83	-2728.35	105.5198	2.010424	0.704576	0.295424	0.3157064
4062	-2626.276	-2731.74	105.4646	2.061677	0.621997	0.378003	0.3123372
4068	-2620.54	-2725.965	105.425	2.075421	0.595848	0.404152	0.2925975
4074	-2615.453	-2720.919	105.4659	2.075421	0.767749	0.232251	0.3256064
4080	-2620.017	-2725.514	105.4973	2.044051	0.695858	0.304142	0.3256064
4086	-2625.615	-2731.074	105.4591	2.07885	0.726132	0.273868	0.3224802
4092	-2629.332	-2734.886	105.5548	1.993107	0.804571	0.195429	0.3318677
4098	-2630.486	-2736.17	105.6833	1.900234	0.804571	0.195429	0.3745634
4104	-2623.404	-2728.764	105.3599	2.155283	0.718763	0.281237	0.3034504
4110	-2627.498	-2733.026	105.5275	2.03945	0.727591	0.272409	0.3525398
4116	-2623.601	-2729.106	105.5049	2.047713	0.777688	0.222312	0.3366908
4122	-2628.002	-2733.891	105.8892	1.280429	0.816099	0.183901	1.13642
4128	-2626.683	-2732.693	106.0101	1.25973	0.723962	0.276038	1.043818
4134	-2624.653	-2730.38	105.7263	1.335732	0.755702	0.244298	1.229682
4140	-2624.654	-2730.439	105.785	1.836183	0.755052	0.244948	0.4890581
4146	-2623.93	-2729.873	105.9433	1.644592	0.732561	0.267439	0.6409205
4152	-2636.646	-2742.646	106.0002	1.342173	0.771746	0.228254	0.9718374
4158	-2634.81	-2740.529	105.7195	1.415451	0.796318	0.203682	1.167112
4164	-2625.582	-2731.115	105.5337	1.248176	0.732303	0.267697	1.453258
4170	-2623.683	-2729.605	105.9224	1.590565	0.702109	0.297891	0.7704273
4176	-2625.701	-2731.637	105.9362	1.472821	0.826914	0.173086	0.9002518
4182	-2633.714	-2739.395	105.6806	1.052249	0.745438	0.254562	1.490413
4188	-2630.033	-2735.266	105.2333	0.9766028	0.86915	0.13085	1.863588
4194	-2624.865	-2730.832	105.9665	1.444484	0.756191	0.243809	0.8980963
4200	-2629.485	-2735.095	105.6096	1.102539	0.774128	0.225872	1.505953
4206	-2631.222	-2736.775	105.5533	1.079399	0.734788	0.265212	1.56487
4212	-2632.576	-2738.081	105.5053	1.297393	0.823492	0.176508	1.437358
4218	-2617.569	-2723.41	105.8415	1.261812	0.735944	0.264056	1.194503
4224	-2624.348	-2730.161	105.8128	1.259538	0.747606	0.252394	1.220919
4230	-2621.248	-2726.953	105.7054	1.315891	0.720547	0.279453	1.263703
4236	-2625.54	-2731.472	105.9326	1.316687	0.794907	0.205093	1.06342
4242	-2635.378	-2741.305	105.9267	1.48577	0.70676	0.29324	0.8964174
4248	-2631.832	-2737.795	105.9625	1.535151	0.77904	0.22096	0.7917586
4254	-2625.456	-2731.446	105.9895	1.493587	0.77544	0.22456	0.8110358
4260	-2629.362	-2735.236	105.8736	1.736595	0.77544	0.22456	0.5788055
4266	-2627.723	-2733.593	105.8697	1.736595	0.703831	0.296169	0.5922795
4272	-2620.168	-2726.034	105.866	1.741634	0.774778	0.225222	0.5879509
4278	-2630.633	-2736.456	105.8226	1.796497	0.63628	0.36372	0.4665413
4284	-2622.072	-2727.926	105.8542	1.156748	0.830019	0.169981	1.272175
4290	-2623.792	-2729.362	105.57	1.337681	0.724244	0.275756	1.355581
4296	-2627.05	-2732.803	105.7528	1.17167	0.827692	0.172308	1.342272
4302	-2624.094	-2729.806	105.7121	1.250438	0.687446	0.312554	1.311673
4308	-2618.907	-2724.707	105.7995	1.212211	0.670352	0.329648	1.271616
4314	-2622.42	-2728.351	105.9307	1.308137	0.723695	0.276305	1.073237
4320	-2633.165	-2738.82	105.6556	1.912904	0.679827	0.320173	0.3544433
4326	-2627.476	-2733.228	105.7519	1.860114	0.724114	0.275886	0.434235
4332	-2627.385	-2733.036	105.6505	1.927244	0.79609	0.20391	0.3663907
4338	-2625.144	-2730.824	105.6803	1.921556	0.691472	0.308528	0.4074356
4344	-2627.552	-2733.211	105.6587	1.943401	0.722891	0.277109	0.4078837
4350	-2633.789	-2739.893	106.1044	1.417598	0.740081	0.259919	0.7573599
4356	-2628.028	-2734.13	106.1019	1.34309	0.740081	0.259919	0.8586255
4362	-2626.06	-2731.87	105.81	1.8101	0.811148	0.188852	0.526696
4368	-2631.586	-2737.506	105.9201	1.677494	0.693416	0.306584	0.617461
4374	-2629.791	-2735.763	105.9714	1.361349	0.729469	0.270531	0.9816616
4380	-2628.09	-2734.085	105.9954	1.473484	0.794539	0.205461	0.8291896
4386	-2634.911	-2740.807	105.8954	1.493607	0.767185	0.232815	0.9223999
4392	-2633.541	-2739.479	105.9378	1.533106	0.755144	0.244856	0.8267395
4398	-2636.348	-2742.325	105.977	1.591092	0.768566	0.231434	0.6816268
4404	-2637.995	-2743.836	105.8413	1.31524	0.704102	0.295898	1.148096
4410	-2640.387	-2746.361	105.9741	1.497781	0.78994	0.21006	0.8254806
4416	-2638.855	-2744.742	105.8872	1.482883	0.779622	0.220378	0.9427941
4422	-2626.637	-2732.398	105.7612	1.260591	0.752392	0.247608	1.263285
4428	-2619.13	-2724.84	105.7101	1.239571	0.752392	0.247608	1.322063
4434	-2624.512	-2730.424	105.912	1.586926	0.729505	0.270495	0.7899755
4440	-2623.981	-2729.47	105.4895	1.163772	0.839458	0.160542	1.549736
4446	-2625.205	-2730.725	105.52	1.129876	0.842376	0.157624	1.552231
4452	-2625.045	-2731.059	106.0147	1.530132	0.779619	0.220381	0.7220821
4458	-2632.967	-2738.925	105.9586	1.594213	0.73709	0.26291	0.7088283
4464	-2616.007	-2721.983	105.9764	1.543341	0.669315	0.330685	0.7606797
4470	-2623.875	-2729.851	105.9754	1.560537	0.669315	0.330685	0.7363184
4476	-2619.884	-2725.908	106.0238	1.457575	0.826238	0.173762	0.8133342
4482	-2627.646	-2733.598	105.9514	1.480365	0.71035	0.28965	0.8741537
4488	-2624.546	-2730.542	105.9955	1.51107	0.852813	0.147187	0.7794502
4494	-2624.691	-2730.759	106.0679	1.472128	0.736218	0.263782	0.7297565
4500	-2623.164	-2729.113	105.9489	1.664707	0.703019	0.296981	0.5654544
4506	-2629.247	-2735.185	105.9389	1.674688	0.763455	0.236545	0.5654544
4512	-2624.728	-2730.686	105.9588	1.641678	0.713481	0.286519	0.6095586
4518	-2627.827	-2733.836	106.0092	1.588583	0.775345	0.224655	0.6168063
4524	-2635.394	-2741.365	105.9702	1.384054	0.753102	0.246898	0.959479
4530	-2637.838	-2743.876	106.0386	1.568711	0.711936	0.288064	0.5887844
4536	-2634.376	-2740.411	106.0351	1.454882	0.715746	0.284254	0.8020059
4542	-2628.043	-2734.082	106.0382	1.412467	0.750787	0.249213	0.8517375
4548	-2622.171	-2728.162	105.9907	1.459987	0.750787	0.249213	0.8517375
4554	-2627.36	-2733.245	105.885	1.398047	0.73326	0.26674	1.031088
4560	-2621.653	-2727.538	105.8846	1.398506	0.789108	0.210892	1.031088
4566	-2625.927	-2731.861	105.9343	1.479448	0.717891	0.282109	0.894876
4572	-2621.161	-2727.15	105.989	1.220297	0.745614	0.254386	1.10058
4578	-2634.353	-2740.327	105.9746	1.290958	0.867389	0.132611	1.047973
4584	-2618.056	-2723.957	105.9013	1.461683	0.806158	0.193842	0.9503833
4590	-2621.416	-2727.424	106.0074	1.435097	0.837449	0.162551	0.8615127
4596	-2627.875	-2733.759	105.8843	1.451924	0.80527	0.19473	0.9781964
4602	-2629.76	-2735.575	105.8159	1.249537	0.671076	0.328924	1.226829
4608	-2626.936	-2732.572	105.6361	1.202115	0.790359	0.209641	1.409998
4614	-2626.397	-2732.243	105.8457	1.244797	0.765203	0.234797	1.205473
4620	-2635.636	-2741.605	105.9689	1.59476	0.807921	0.192079	0.6897542
4626	-2626.104	-2732.105	106.0007	1.471812	0.687728	0.312272	0.8246751
4632	-2622.092	-2727.884	105.7926	1.317558	0.795722	0.204278	1.188633
4638	-2620.041	-2725.866	105.8258	1.323103	0.767751	0.232249	1.154868
4644	-2634.365	-2740.298	105.9333	1.264984	0.778902	0.221098	1.110638
4650	-2620.337	-2726.287	105.9504	1.195115	0.732292	0.267708	1.157821
4656	-2629.8	-2735.525	105.7251	1.224023	0.851236	0.148764	1.322521
4662	-2625.097	-2730.935	105.838	1.294987	0.791593	0.208407	1.168811
4668	-2626.349	-2732.197	105.8479	1.277557	0.673213	0.326787	1.175385
4674	-2627.182	-2733.203	106.0205	1.572293	0.742451	0.257549	0.6295341
4680	-2626.39	-2732.353	105.9631	1.606856	0.745566	0.254434	0.6781599
4686	-2620.257	-2726.174	105.9172	1.647715	0.745566	0.254434	0.6874813
4692	-2618.554	-2724.471	105.917	1.476896	0.703847	0.296153	0.917127
4698	-2626.175	-2732.072	105.8978	1.51899	0.69718	0.30282	0.8915147
4704	-2618.875	-2724.781	105.9061	1.571994	0.761627	0.238373	0.8174828
4710	-2622.937	-2728.778	105.8416	1.608175	0.788557	0.211443	0.8528545
4716	-2620.518	-2726.48	105.9623	1.388152	0.854952	0.145048	0.9634578
4722	-2620.687	-2726.544	105.857	1.370387	0.776191	0.223809	1.083884
4728	-2622.52	-2728.299	105.779	1.324148	0.776191	0.223809	1.194697
4734	-2625.229	-2730.99	105.7607	1.213381	0.742339	0.257661	1.302381
4740	-2618.134	-2723.977	105.8429	1.239576	0.721731	0.278269	1.212378
4746	-2622.297	-2728.182	105.8848	1.197693	0.751261	0.248739	1.212378
4752	-2622.989	-2728.976	105.9872	1.394285	0.752807	0.247193	0.9306424
4758	-2626.081	-2732.034	105.9536	1.525169	0.752807	0.247193	0.8166833
4764	-2636	-2742.005	106.0048	1.570806	0.773128	0.226872	0.6670427
4770	-2621.608	-2727.536	105.9287	1.519309	0.841012	0.158988	0.8549356
4776	-2619.818	-2725.818	105.9993	1.448747	0.843813	0.156187	0.8549356
4782	-2626.593	-2732.448	105.8547	1.31647	0.770068	0.229932	1.135111
4788	-2623.85	-2729.756	105.9066	1.301739	0.696801	0.303199	1.101481
4794	-2627.909	-2733.621	105.7111	1.428654	0.637658	0.362342	1.162904
4800	-2631.386	-2737.067	105.6808	1.082538	0.725402	0.274598	1.467397
4806	-2625.075	-2730.869	105.7935	1.270419	0.770212	0.229788	1.228112
4812	-2625.329	-2731.349	106.0205	1.235438	0.731402	0.268598	1.057094
4818	-2621.017	-2726.764	105.7473	1.18689	0.714912	0.285088	1.33448
4824	-2621.358	-2727.04	105.682	1.144639	0.792365	0.207635	1.41897
4830	-2627.533	-2733.177	105.6437	1.066427	0.787389	0.212611	1.50746
4836	-2625.525	-2731.393	105.8683	1.17983	0.651575	0.348425	1.241379
4842	-2618.314	-2724.249	105.9347	1.620429	0.718161	0.281839	0.7048949
4848	-2624.729	-2730.74	106.0112	1.54417	0.768655	0.231345	0.7044059
4854	-2628.417	-2734.423	106.0056	1.549778	0.798992	0.201008	0.7044059
4860	-2630.875	-2736.755	105.88	1.248992	0.708043	0.291957	1.172268
4866	-2623.86	-2729.789	105.9295	1.254241	0.706038	0.293962	1.123777
4872	-2623.743	-2729.345	105.6022	1.099993	0.82959	0.17041	1.513379
4878	-2623.924	-2729.334	105.4106	1.101915	0.852432	0.147568	1.652089
4884	-2623.99	-2729.511	105.5212	1.094469	0.820151	0.179849	1.577352
4890	-2618.135	-2723.823	105.6882	1.322536	0.808458	0.191542	1.272401
4896	-2619.812	-2725.53	105.7177	1.284648	0.746908	0.253092	1.279275
4902	-2635.041	-2740.787	105.7457	1.180477	0.828806	0.171194	1.340877
4908	-2616.484	-2721.962	105.4781	1.141544	0.698373	0.301627	1.574431
4914	-2616.585	-2722.134	105.5488	1.097634	0.722506	0.277494	1.554771
4920	-2633.115	-2739	105.8848	1.069247	0.783643	0.216357	1.318524
4926	-2617.511	-2723.365	105.854	1.14411	0.783643	0.216357	1.282784
4932	-2624.201	-2729.636	105.4354	0.9691127	0.667591	0.332409	1.728764
4938	-2622.088	-2727.73	105.6421	1.091449	0.689508	0.310492	1.489908
4944	-2631.216	-2736.709	105.4931	1.078509	0.820888	0.179112	1.609464
4950	-2617.914	-2723.876	105.9628	1.40493	0.82883	0.17117	0.9453607
4956	-2622.751	-2728.566	105.8153	1.358892	0.672307	0.327693	1.132412
4962	-2616.647	-2722.613	105.9667	1.356638	0.748123	0.251877	0.9912613
4968	-2619.491	-2725.363	105.8718	1.45153	0.694755	0.305245	0.9912613
4974	-2619.626	-2725.573	105.9469	1.55813	0.83338	0.16662	0.7815288
4980	-2626.84	-2732.785	105.9445	1.559028	0.828118	0.171882	0.7836811
4986	-2630.14	-2736.061	105.9206	1.570749	0.760359	0.239641	0.8001407
4992	-2626.438	-2732.379	105.9415	1.582695	0.810265	0.189735	0.7540717
4998	-2622.821	-2728.787	105.9659	1.587466	0.801668	0.198332	0.7078876
5004	-2613.388	-2719.185	105.7966	1.224774	0.77011	0.22989	1.26359
5010	-2624.242	-2730.051	105.8088	1.251456	0.762923	0.237077	1.231196
5016	-2617.259	-2723.135	105.8763	1.183875	0.64899	0.35101	1.231196
5022	-2615.44	-2721.471	106.031	1.263438	0.696393	0.303607	1.020005
5028	-2621.993	-2727.677	105.6836	1.2614	0.728569	0.271431	1.325823
5034	-2635.721	-2741.723	106.0021	1.493478	0.694349	0.305651	0.794552
5040	-2631.431	-2737.328	105.897	1.217833	0.788311	0.211689	1.184607
5046	-2625.413	-2731.028	105.6152	1.20414	0.742752	0.257248	1.424559
5052	-2627.533	-2733.233	105.6999	1.29081	0.790683	0.209317	1.288828
5058	-2625.069	-2731.004	105.9351	1.348263	0.761761	0.238239	1.030763
5064	-2632.539	-2738.535	105.9964	1.286943	0.843043	0.156957	1.030763
5070	-2632.024	-2738.049	106.0248	1.439562	0.759486	0.240514	0.8348864
5076	-2636.249	-2742.229	105.9796	1.395469	0.720624	0.279376	0.9375453
5082	-2630.774	-2736.695	105.9212	1.493613	0.735104	0.264896	0.8936855
5088	-2626.625	-2732.504	105.8788	1.536042	0.74933	0.25067	0.8936855
5094	-2633.949	-2739.949	106.0003	1.299884	0.8286	0.1714	1.01434
5100	-2623.081	-2728.992	105.9104	1.6413	0.702122	0.297878	0.7106432
5106	-2628.805	-2734.708	105.9035	1.549387	0.738836	0.261164	0.8490188
5112	-2621.38	-2727.291	105.9103	1.665269	0.834593	0.165407	0.667108
5118	-2628.053	-2734.051	105.9981	1.53077	0.727	0.273	0.7470988
5124	-2619.827	-2725.842	106.015	1.582965	0.712217	0.287783	0.6165112
5130	-2618.821	-2724.81	105.9888	1.603515	0.719007	0.280993	0.6306816
5136	-2617.882	-2723.772	105.8906	1.72657	0.795944	0.204056	0.5479608
5142	-2621.923	-2727.779	105.8567	1.259993	0.805563	0.194437	1.183009
5148	-2628.377	-2734.181	105.8044	1.17974	0.658763	0.341237	1.294194
5154	-2626.046	-2731.991	105.9448	1.642967	0.710026	0.289974	0.641359
5160	-2624.092	-2729.981	105.8896	1.570132	0.690241	0.309759	0.8407194
5166	-2628.746	-2734.663	105.9172	1.449773	0.667977	0.332023	0.9461789
5172	-2627.156	-2733.063	105.9071	1.372752	0.722081	0.277919	1.034193
5178	-2635.57	-2741.456	105.8861	1.328031	0.755974	0.244026	1.096156
5184	-2628.295	-2733.979	105.6841	1.190844	0.714522	0.285478	1.381387
5190	-2626.897	-2732.437	105.54	1.1385	0.693181	0.306819	1.531003
5196	-2622.861	-2728.427	105.5655	1.103317	0.786892	0.213108	1.538189
5202	-2632.895	-2738.373	105.4779	1.02905	0.70193	0.29807	1.656053
5208	-2632.943	-2738.385	105.4423	1.064623	0.787286	0.212714	1.656053
5214	-2627.452	-2733.021	105.5689	1.992095	0.719852	0.280148	0.3456305
5220	-2624.214	-2730.083	105.8692	1.447836	0.812102	0.187898	0.9976161
5226	-2631.115	-2737.075	105.9604	1.472707	0.738369	0.261631	0.872687
5232	-2626.267	-2732.164	105.8969	1.555396	0.852053	0.147947	0.8497818
5238	-2626.026	-2732.049	106.0235	1.490037	0.677745	0.322255	0.7695645
5244	-2636.124	-2742.197	106.0732	1.490267	0.746902	0.253098	0.6901792
5250	-2634.918	-2740.026	105.1083	2.260635	0.80409	0.19591	0.2233445
5256	-2628.013	-2733.062	105.0483	2.320596	0.694414	0.305586	0.2233445
5262	-2630.57	-2736.497	105.9268	1.664201	0.753418	0.246582	0.6337094
5268	-2632.644	-2738.635	105.9908	1.537841	0.753418	0.246582	0.7473794
5274	-2632.314	-2737.658	105.3434	2.176593	0.708809	0.291191	0.307242
5280	-2627.687	-2733.617	105.93	1.667516	0.824554	0.175446	0.6176677
5286	-2629.046	-2734.965	105.919	1.683648	0.719885	0.280115	0.6033239
5292	-2623.229	-2728.933	105.7043	1.88724	0.719885	0.280115	0.3874036
5298	-2618.804	-2724.394	105.5896	1.982028	0.721036	0.278964	0.3582518
5304	-2616.404	-2722.183	105.7793	1.838611	0.784993	0.215007	0.4590947
5310	-2628.832	-2734.468	105.6367	1.957532	0.795917	0.204083	0.3921969
5316	-2631.548	-2737.336	105.7881	1.833074	0.811706	0.188294	0.5127483
5322	-2623.879	-2729.689	105.8106	1.802392	0.793134	0.206866	0.5678927
5328	-2631.98	-2737.858	105.8776	1.733283	0.719431	0.280569	0.5761747
5334	-2631.627	-2737.501	105.8744	1.740351	0.678441	0.321559	0.5602392
5340	-2631.869	-2737.839	105.9701	1.630586	0.678441	0.321559	0.6088651
5346	-2624.065	-2730.032	105.9663	1.600915	0.737987	0.262013	0.6832501
5352	-2618.031	-2723.929	105.8986	1.69898	0.732729	0.267271	0.6173325
5358	-2624.324	-2730.057	105.7327	1.882789	0.813025	0.186975	0.4472671
5364	-2634.037	-2739.541	105.5042	2.06181	0.749347	0.250653	0.3513787
5370	-2637.832	-2743.602	105.7704	1.829208	0.775843	0.224157	0.6119804
5376	-2634.52	-2740.284	105.764	1.856623	0.757247	0.242753	0.4798296
5382	-2624.707	-2730.405	105.6975	1.916597	0.797898	0.202102	0.4415926
5388	-2629.438	-2735.088	105.6503	1.916597	0.656386	0.343614	0.3525358
5394	-2633.701	-2739.162	105.4607	2.073144	0.755845	0.244155	0.3188043
5400	-2633.868	-2739.842	105.9747	1.626724	0.670915	0.329085	0.6069087
5406	-2624.128	-2730.135	106.0079	1.506599	0.767215	0.232785	0.7681499
5412	-2622.293	-2728.294	106.0006	1.514879	0.767215	0.232785	0.7667785
5418	-2631.29	-2737.209	105.9185	1.67726	0.874551	0.125449	0.6221063
5424	-2628.744	-2734.509	105.7651	1.856035	0.831732	0.168268	0.4872523
5430	-2631.212	-2736.468	105.2561	2.210694	0.798122	0.201878	0.2708655
5436	-2626.8	-2732.109	105.3086	2.156953	0.724387	0.275613	0.2701366
5442	-2628.269	-2733.577	105.3086	2.156953	0.799198	0.200802	0.2701366
5448	-2630.062	-2735.185	105.1233	2.245009	0.704903	0.295097	0.2230957
5454	-2626.754	-2732.556	105.8018	1.81614	0.811757	0.188243	0.4591092
5460	-2624.053	-2729.855	105.8028	1.817986	0.789813	0.210187	0.4812332
5466	-2617.237	-2723.062	105.8243	1.796466	0.789813	0.210187	0.4820482
5472	-2617.246	-2723.131	105.8844	1.729847	0.783663	0.216337	0.5625689
5478	-2618.206	-2724.03	105.8238	1.795067	0.861105	0.138895	0.4650235
5484	-2619.495	-2725.311	105.8166	1.804849	0.69164	0.30836	0.5012406
5490	-2622.715	-2728.591	105.8764	1.740792	0.75704	0.24296	0.5478422
5496	-2623.611	-2729.476	105.8651	1.756259	0.75704	0.24296	0.5057995
5502	-2636.434	-2742.369	105.935	1.337587	0.802131	0.197869	1.041188
5508	-2627.731	-2733.725	105.9944	1.352973	0.716382	0.283618	0.9667058
5514	-2635.8	-2741.691	105.8905	1.524351	0.661857	0.338143	0.893656
5520	-2631.721	-2737.468	105.7474	1.252841	0.773397	0.226603	1.28101
5526	-2621.106	-2726.988	105.8821	1.263798	0.799721	0.200279	1.157486
5532	-2626.713	-2732.755	106.0414	1.297246	0.785817	0.214183	0.9757137
5538	-2632.653	-2738.35	105.6963	1.353109	0.682012	0.317988	1.240242
5544	-2619.345	-2725.405	106.0598	1.378795	0.787864	0.212136	0.8661501
5550	-2613.32	-2719.333	106.0124	1.52484	0.729598	0.270402	0.7342064
5556	-2615.534	-2721.513	105.9786	1.534446	0.685895	0.314105	0.7702564
5562	-2618.167	-2723.998	105.8313	1.78063	0.763244	0.236756	0.5724142
5568	-2617.385	-2723.375	105.9902	1.621711	0.740902	0.259098	0.5724142
5574	-2617.127	-2723.129	106.0012	1.615989	0.773833	0.226167	0.5475161
5580	-2619.422	-2725.347	105.9249	1.694984	0.784184	0.215816	0.5283335
5586	-2624.048	-2729.951	105.9032	1.71742	0.75857	0.24143	0.5208995
5592	-2622.477	-2728.257	105.7793	1.842167	0.746952	0.253048	0.4984419
5598	-2626.328	-2731.931	105.6029	1.976593	0.826272	0.173728	0.3688194
5604	-2626.039	-2731.917	105.878	1.711828	0.777904	0.222096	0.6365366
5610	-2624.183	-2730.178	105.9958	1.477388	0.82518	0.17482	0.823806
5616	-2621.581	-2727.602	106.0209	1.435259	0.740213	0.259787	0.8450871
5622	-2620.719	-2726.764	106.0451	1.411059	0.711315	0.288685	0.8450871
5628	-2618.176	-2724.146	105.9704	1.48387	0.719341	0.280659	0.8473988
5634	-2631.716	-2737.635	105.9187	1.504292	0.717063	0.282937	0.8843757
5640	-2625.372	-2731.345	105.9733	1.529891	0.717063	0.282937	0.7841009
5646	-2627.444	-2733.444	106.0001	1.496838	0.724779	0.275221	0.7926437
5652	-2623.596	-2729.481	105.8855	1.582321	0.808759	0.191241	0.8305268
5658	-2639.103	-2745.059	105.9563	1.344238	0.866749	0.133251	1.013937
5664	-2621.543	-2727.412	105.8685	1.462281	0.806764	0.193236	0.9837226
5670	-2642.066	-2748.045	105.9793	1.304712	0.705056	0.294944	1.030161
5676	-2622.482	-2728.39	105.9084	1.450728	0.723025	0.276975	0.9544128
5682	-2627.516	-2733.498	105.9821	1.362171	0.706908	0.293092	0.9698969
5688	-2624.783	-2730.417	105.6339	1.242253	0.673468	0.326532	1.380428
5694	-2631.861	-2737.029	105.1682	2.313499	0.719168	0.280832	0.2800155
5700	-2623.461	-2728.861	105.3999	2.11827	0.711743	0.288257	0.3057524
5706	-2618.648	-2724.023	105.375	2.125377	0.711743	0.288257	0.2925337
5712	-2626.596	-2731.971	105.3745	2.125377	0.73633	0.26367	0.2921541
5718	-2628.637	-2734.013	105.3758	2.150393	0.796681	0.203319	0.3122597
5724	-2620.121	-2725.512	105.3907	2.106878	0.782709	0.217291	0.2906046
5730	-2622.295	-2727.536	105.2407	2.22369	0.743092	0.256908	0.2694864
5736	-2623.925	-2728.972	105.0468	2.304213	0.686707	0.313293	0.2163158
5742	-2620.108	-2725.26	105.1517	2.213152	0.782816	0.217184	0.2217065
5748	-2618.111	-2723.309	105.1978	2.240369	0.782816	0.217184	0.2550089
5754	-2621.217	-2726.453	105.2354	2.194447	0.794921	0.205079	0.2507471
5760	-2620.315	-2725.657	105.3416	2.157326	0.700346	0.299654	0.2915489
5766	-2622.095	-2727.313	105.2173	2.232048	0.78022	0.21978	0.2609783
5772	-2620.613	-2725.823	105.2093	2.232048	0.78022	0.21978	0.256674
5778	-2633.881	-2739.041	105.1595	2.228895	0.764851	0.235149	0.2314759
5784	-2637.791	-2742.985	105.1943	2.228895	0.742841	0.257159	0.247468
5790	-2636.753	-2742.028	105.2746	2.190499	0.800239	0.199761	0.2698631
5796	-2640.374	-2745.553	105.1788	2.245635	0.82875	0.17125	0.2480549
5802	-2636.467	-2742.552	106.0849	1.248468	0.683638	0.316362	0.9810971
5808	-2630.851	-2736.873	106.0218	1.326705	0.846148	0.153852	0.9654993
5814	-2621.673	-2727.676	106.0033	1.284903	0.711196	0.288804	1.026048
5820	-2621.713	-2727.651	105.9372	1.290183	0.702897	0.297103	1.083856
5826	-2629.232	-2735.172	105.9399	1.377432	0.810028	0.189972	0.9972448
5832	-2634.829	-2740.833	106.0035	1.538663	0.744602	0.255398	0.7263435
5838	-2633.76	-2739.69	105.93	1.661454	0.809794	0.190206	0.6326991
5844	-2621.05	-2726.95	105.9	1.455405	0.702304	0.297696	0.9583708
5850	-2619.829	-2725.699	105.8693	1.720468	0.734623	0.265377	0.6367207
5856	-2618.335	-2724.222	105.8867	1.724944	0.796944	0.203056	0.5735115
5862	-2625.764	-2731.655	105.8907	1.724944	0.705667	0.294333	0.5559373
5868	-2627.998	-2733.672	105.6732	1.913986	0.71618	0.28382	0.3802652
5874	-2618.112	-2723.632	105.5199	2.041085	0.832313	0.167687	0.345593
5880	-2624.931	-2730.842	105.9108	1.398313	0.771381	0.228619	1.005508
5886	-2628.431	-2734.3	105.8694	1.363399	0.840597	0.159403	1.078894
5892	-2622.954	-2728.807	105.8528	1.297004	0.802425	0.197575	1.154005
5898	-2620.732	-2726.515	105.7833	1.301655	0.788345	0.211655	1.210225
5904	-2631.907	-2737.726	105.8187	1.338848	0.776925	0.223075	1.147171
5910	-2631.586	-2737.387	105.8006	1.348943	0.752499	0.247501	1.154254
5916	-2632.166	-2737.896	105.7294	1.289639	0.754067	0.245933	1.265509
5922	-2632.331	-2738.266	105.9353	1.444567	0.789928	0.210072	0.9323023
5928	-2637.716	-2743.575	105.8583	1.4186	0.788979	0.211021	1.037084
5934	-2645.621	-2751.501	105.8805	1.602999	0.683805	0.316195	0.8105735
5940	-2629.201	-2734.53	105.3284	2.160135	0.716301	0.283699	0.2844371
5946	-2627.48	-2732.954	105.474	2.088968	0.754484	0.245516	0.3479137
5952	-2626.089	-2731.537	105.4477	2.088968	0.764948	0.235052	0.3213541
5958	-2622.23	-2728.069	105.8387	1.782568	0.774418	0.225582	0.4900609
5964	-2622.796	-2728.629	105.833	1.782036	0.795224	0.204776	0.5587951
5970	-2618.714	-2724.623	105.9098	1.681945	0.777331	0.222669	0.6319167
5976	-2626.385	-2732.363	105.9778	1.514814	0.823997	0.176003	0.7984489
5982	-2616.855	-2722.836	105.9812	1.589817	0.809859	0.190141	0.6761596
5988	-2614.672	-2720.641	105.9694	1.603557	0.759661	0.240339	0.6723696
5994	-2621.308	-2727.24	105.9319	1.686519	0.672491	0.327509	0.5402138
6000	-2627.734	-2733.648	105.9135	1.707194	0.750794	0.249206	0.5198153
6006	-2622.09	-2727.951	105.8619	1.753486	0.85075	0.14925	0.4467373
6012	-2621.057	-2726.851	105.7939	1.820153	0.780281	0.219719	0.4416122
6018	-2625.66	-2731.372	105.7121	1.9051	0.780281	0.219719	0.4551257
6024	-2621.576	-2727.489	105.9131	1.702284	0.821453	0.178547	0.5570806
6030	-2621.849	-2727.777	105.9286	1.6704	0.694893	0.305107	0.6136574
6036	-2622.753	-2728.707	105.9539	1.666941	0.780133	0.219867	0.5180635
6042	-2618.894	-2724.843	105.9491	1.627053	0.794274	0.205726	0.6660036
6048	-2622.24	-2728.182	105.9427	1.663082	0.756575	0.243425	0.5939572
6054	-2632.787	-2738.679	105.8925	1.728065	0.807471	0.192529	0.5210995
6060	-2623.291	-2729.162	105.8706	1.719252	0.696881	0.303119	0.6365003
6066	-2627.599	-2733.508	105.9089	1.671186	0.702605	0.297395	0.6580286
6072	-2632.46	-2738.392	105.9326	1.671236	0.735223	0.264777	0.5999993
6078	-2624.357	-2730.236	105.8793	1.74214	0.713923	0.286077	0.4939731
6084	-2631.747	-2737.674	105.9267	1.618472	0.677	0.323	0.7214574
6090	-2626.151	-2732.137	105.9856	1.607861	0.713923	0.286077	0.6279556
6096	-2631.059	-2736.986	105.9274	1.671951	0.784518	0.215482	0.6125464
6102	-2624.482	-2730.407	105.925	1.639406	0.706279	0.293721	0.6883649
6108	-2626.408	-2732.442	106.0349	1.486366	0.784619	0.215381	0.7584842
6114	-2623.121	-2729.216	106.0946	1.470627	0.831037	0.168963	0.6870305
6120	-2625.197	-2731.159	105.9614	1.621715	0.789262	0.210738	0.6516319
6126	-2628.171	-2734.045	105.8738	1.739486	0.765658	0.234342	0.5666332
6132	-2620.691	-2726.539	105.8475	1.770905	0.766548	0.233452	0.5399473
6138	-2623.811	-2729.611	105.8004	1.821036	0.766548	0.233452	0.4965372
6144	-2632.294	-2738.045	105.7516	1.86555	0.807132	0.192868	0.4551091
6150	-2627.384	-2733.173	105.7886	1.811	0.807132	0.192868	0.4025436
6156	-2627.687	-2733.558	105.8711	1.742295	0.756872	0.243128	0.4392577
6162	-2636.03	-2741.992	105.961	1.610176	0.587831	0.412169	0.6756831
6168	-2635.364	-2741.275	105.9104	1.530226	0.646989	0.353011	0.8637224
6174	-2637.543	-2743.48	105.9368	1.466253	0.78367	0.21633	0.9069481
6180	-2625.745	-2731.685	105.9395	1.377841	0.675588	0.324412	0.997264
6186	-2626.538	-2732.519	105.981	1.381442	0.731895	0.268105	0.9509588
6192	-2630.944	-2736.885	105.9419	1.381442	0.846258	0.153742	0.991242
6198	-2624.978	-2730.988	106.0107	1.372723	0.813485	0.186515	0.9285606
6204	-2631.691	-2737.685	105.9942	1.440458	0.757316	0.242684	0.8708616
6210	-2630.517	-2736.564	106.0469	1.467054	0.692977	0.307023	0.7689464
6216	-2627.668	-2733.556	105.8884	1.31671	0.808549	0.191451	1.104387
6222	-2626.028	-2731.667	105.6395	1.335278	0.739824	0.260176	1.301783
6228	-2627.812	-2733.101	105.2889	1.335278	0.720225	0.279775	1.57111
6234	-2633.86	-2739.849	105.9894	1.361113	0.655438	0.344562	0.9633812
6240	-2627.974	-2733.692	105.7186	1.897182	0.801777	0.198223	0.4487304
6246	-2624.255	-2730.028	105.7727	1.848526	0.758646	0.241354	0.4888105
6252	-2630.245	-2736.024	105.7798	1.836132	0.774107	0.225893	0.4493103
6258	-2621.022	-2726.899	105.8769	1.734894	0.689488	0.310512	0.5729703
6264	-2617.525	-2723.349	105.8245	1.785813	0.685709	0.314291	0.5786367
6270	-2613.209	-2719.153	105.9435	1.65382	0.738705	0.261295	0.6181918
6276	-2618.668	-2724.696	106.0274	1.474578	0.742129	0.257871	0.785849
6282	-2616.726	-2722.64	105.9136	1.412917	0.698547	0.301453	0.9880507
6288	-2623.628	-2729.548	105.9198	1.537262	0.715223	0.284777	0.8438912
6294	-2634.63	-2740.67	106.0403	1.485232	0.830017	0.169983	0.7521261
6300	-2622.334	-2728.226	105.892	1.401818	0.679688	0.320312	1.020628
6306	-2625.394	-2731.315	105.9217	1.410076	0.679688	0.320312	0.9827031
6312	-2621.78	-2727.829	106.0498	1.381319	0.789213	0.210787	0.8749891
6318	-2630.418	-2736.459	106.0411	1.363933	0.752205	0.247795	0.9047366
6324	-2617.124	-2723.079	105.9549	1.540038	0.679411	0.320589	0.7954104
6330	-2619.868	-2725.797	105.9288	1.482204	0.806943	0.193057	0.8980818
6336	-2621.631	-2727.596	105.9652	1.561618	0.806943	0.193057	0.7501674
6342	-2637.907	-2743.967	106.0604	1.274168	0.850312	0.149688	0.9798071
6348	-2638.407	-2744.438	106.031	1.387512	0.657675	0.342325	0.8894862
6354	-2625.748	-2731.653	105.9056	1.616239	0.802344	0.197656	0.7576205
6360	-2625.578	-2731.507	105.9291	1.666957	0.761022	0.238978	0.6213285
6366	-2631.417	-2737.353	105.9359	1.625097	0.784394	0.215606	0.6946216
6372	-2630.375	-2736.354	105.9793	1.545016	0.835981	0.164019	0.7538934
6378	-2628.896	-2734.962	106.0652	1.509343	0.667896	0.332104	0.6691436
6384	-2624.864	-2730.788	105.9246	1.42115	0.73565	0.26435	0.9683393
6390	-2619.499	-2725.314	105.8157	1.301513	0.708369	0.291631	1.182568
6396	-2615.906	-2721.808	105.9018	1.242932	0.741961	0.258039	1.158494
6402	-2616.281	-2722.299	106.0178	1.350469	0.746291	0.253709	0.9447572
6408	-2622.927	-2728.795	105.868	1.226729	0.734572	0.265428	1.201878
6414	-2628.11	-2733.863	105.7531	1.18704	0.682094	0.317906	1.32975
6420	-2614.743	-2720.488	105.7447	1.178896	0.744293	0.255707	1.342976
6426	-2625.51	-2730.96	105.4508	1.100673	0.671719	0.328281	1.624025
6432	-2624.94	-2730.639	105.6984	1.087946	0.722971	0.277029	1.44985
6438	-2628.447	-2734.094	105.6473	1.052298	0.798515	0.201485	1.515322
6444	-2632.734	-2738.505	105.7709	1.222803	0.797029	0.202971	1.286334
6450	-2618.733	-2724.536	105.8025	1.191211	0.667913	0.332087	1.286334
6456	-2628.382	-2734.327	105.9446	1.197349	0.784877	0.215123	1.160931
6462	-2647.574	-2753.323	105.7489	1.140168	0.67534	0.32466	1.370278
6468	-2642.503	-2748.48	105.9777	1.248478	0.647422	0.352578	1.085007
6474	-2623.58	-2729.522	105.9416	1.665228	0.792889	0.207111	0.5903965
6480	-2626.695	-2732.661	105.9666	1.622101	0.801142	0.198858	0.639266
6486	-2631.218	-2737.14	105.9211	1.695035	0.789428	0.210572	0.5532094
6492	-2631.392	-2737.412	106.0194	1.399735	0.698579	0.301421	0.8887739
6498	-2634.117	-2740.111	105.9947	1.503041	0.744793	0.255207	0.7916323
6504	-2623.914	-2729.837	105.9231	1.411308	0.79234	0.20766	0.9799819
6510	-2626.935	-2732.867	105.9323	1.569364	0.810372	0.189628	0.7862585
6516	-2624.346	-2730.361	106.0157	1.405962	0.753295	0.246705	0.8859224
6522	-2614.122	-2720.058	105.9359	1.426629	0.758504	0.241496	0.9508351
6528	-2627.234	-2733.099	105.8652	1.398918	0.772128	0.227872	1.049324
6534	-2630.542	-2736.234	105.6916	1.154231	0.698048	0.301952	1.404081
6540	-2629.915	-2735.591	105.6761	1.186813	0.839252	0.160748	1.39082
6546	-2629.485	-2735.241	105.7562	1.106647	0.719336	0.280664	1.39082
6552	-2625.878	-2731.906	106.0276	1.549145	0.630784	0.369216	0.6647779
6558	-2644.422	-2750.388	105.9667	1.591512	0.812717	0.187283	0.6994851
6564	-2633.085	-2739.002	105.9177	1.420734	0.713154	0.286846	0.9759344
6570	-2627.236	-2732.849	105.6128	1.024149	0.728174	0.271826	1.561696
6576	-2626.346	-2731.582	105.2363	0.850496	0.79094	0.20906	1.947052
6582	-2627.274	-2732.696	105.4223	0.9896541	0.801703	0.198297	1.723517
6588	-2625.436	-2731.203	105.7664	1.071969	0.710522	0.289478	1.409876
6594	-2635.439	-2740.92	105.4809	1.149127	0.818331	0.181669	1.56679
6600	-2632.591	-2738.523	105.9316	1.340815	0.823191	0.176809	1.041357
6606	-2631.019	-2736.944	105.9247	1.347707	0.707387	0.292613	1.041357
6612	-2637.432	-2743.476	106.0439	1.21792	0.765169	0.234831	1.051485
6618	-2623.015	-2728.961	105.9454	1.316453	0.784854	0.215146	1.051485
6624	-2621.882	-2727.895	106.0123	1.349147	0.754317	0.245683	0.9519546
6630	-2625.337	-2731.217	105.8805	1.575299	0.780928	0.219072	0.845542
6636	-2624.363	-2730.32	105.9567	1.488771	0.757627	0.242373	0.8580281
6642	-2628.949	-2734.831	105.8816	1.40719	0.712752	0.287248	1.025551
6648	-2622.532	-2728.636	106.1045	1.245024	0.67999	0.32001	0.9644808
6654	-2627.811	-2733.431	105.621	1.107262	0.730073	0.269927	1.493889
6660	-2627.991	-2733.657	105.6657	1.175817	0.797339	0.202661	1.407416
6666	-2626.335	-2731.894	105.559	1.270377	0.762768	0.237232	1.416814
6672	-2627.373	-2733.318	105.945	1.352682	0.862972	0.137028	1.016832
6678	-2631.103	-2736.961	105.8581	1.434052	0.688773	0.311227	1.022216
6684	-2622.533	-2728.081	105.5477	1.139048	0.729856	0.270144	1.524884
6690	-2621.97	-2727.656	105.686	1.156213	0.734963	0.265037	1.406915
6696	-2631.946	-2737.674	105.728	1.172471	0.841861	0.158139	1.36126
6702	-2621.081	-2726.836	105.7544	1.146063	0.841861	0.158139	1.36126
6708	-2625.217	-2731.16	105.943	1.315581	0.734907	0.265093	1.054637
6714	-2635.394	-2741.458	106.0642	1.51308	0.721812	0.278188	0.6636709
6720	-2628.867	-2734.567	105.7002	1.311299	0.760956	0.239044	1.271773
6726	-2634.471	-2740.469	105.9975	1.354872	0.796893	0.203107	0.9615188
6732	-2632.429	-2738.168	105.7389	1.340023	0.710529	0.289471	1.215391
6738	-2634.364	-2740.118	105.7545	1.439379	0.680496	0.319504	1.114621
6744	-2622.705	-2728.566	105.8613	1.386527	0.67717	0.32283	1.064827
6750	-2629.774	-2735.532	105.7575	1.861285	0.747153	0.252847	0.4639936
6756	-2630.015	-2735.757	105.7423	1.876479	0.786802	0.213198	0.4639936
6762	-2622.19	-2727.879	105.6888	1.917422	0.820632	0.179368	0.4177853
6768	-2635.933	-2741.617	105.6834	1.922906	0.73544	0.26456	0.4177853
6774	-2637.498	-2743.325	105.827	1.791468	0.8527	0.1473	0.5396569
6780	-2642.802	-2748.508	105.7062	1.26926	0.706912	0.293088	1.301244
6786	-2641.365	-2747.226	105.8611	1.290531	0.657897	0.342103	1.152398
6792	-2622.311	-2728.086	105.7752	1.828407	0.806373	0.193627	0.4112482
6798	-2632.542	-2738.395	105.8534	1.758779	0.71415	0.28585	0.5714156
6804	-2631.447	-2737.371	105.924	1.687584	0.71415	0.28585	0.5736989
6810	-2624.997	-2731.044	106.0471	1.442146	0.711335	0.288665	0.8030041
6816	-2622.302	-2728.176	105.8748	1.336361	0.70658	0.29342	1.098853
6822	-2619.411	-2725.3	105.8882	1.331097	0.721941	0.278059	1.091353
6828	-2624.919	-2730.789	105.8709	1.373853	0.720575	0.279425	1.067685
6834	-2622.471	-2728.465	105.9946	1.435154	0.777907	0.222093	0.8765207
6840	-2628.406	-2734.339	105.9325	1.582072	0.677238	0.322762	0.7680842
6846	-2628.985	-2734.87	105.8843	1.718659	0.676607	0.323393	0.6025212
6852	-2629.626	-2735.483	105.8565	1.720791	0.717198	0.282802	0.6636756
6858	-2636.096	-2741.938	105.842	1.764571	0.677492	0.322508	0.5914406
6864	-2618.803	-2724.756	105.953	1.65638	0.711317	0.288683	0.5818219
6870	-2620.634	-2726.632	105.998	1.560872	0.711317	0.288683	0.6982982
6876	-2620.828	-2726.758	105.9304	1.470805	0.769506	0.230494	0.9089838
6882	-2625.851	-2731.805	105.9538	1.496444	0.725565	0.274435	0.852229
6888	-2619.81	-2725.816	106.006	1.328436	0.79996	0.20004	0.9799761
6894	-2622.966	-2728.894	105.9279	1.230101	0.84211	0.15789	1.146786
6900	-2630.062	-2736.004	105.9421	1.630809	0.717925	0.282075	0.6724492
6906	-2630.979	-2736.949	105.9693	1.599075	0.812683	0.187317	0.6810319
6912	-2624.908	-2730.791	105.8831	1.684526	0.789517	0.210483	0.6825093
6918	-2622.914	-2728.833	105.9183	1.575349	0.78653	0.21347	0.7970968
6924	-2628.898	-2734.917	106.0187	1.546769	0.704608	0.295392	0.6865613
6930	-2631.318	-2737.282	105.9641	1.408746	0.722119	0.277881	0.9398641
6936	-2619.939	-2725.946	106.0078	1.365067	0.805131	0.194869	0.9398641
6942	-2619.972	-2725.914	105.9424	1.384782	0.790926	0.209074	0.9873785
6948	-2624.953	-2730.947	105.9938	1.349695	0.790926	0.209074	0.9707282
6954	-2621.571	-2727.465	105.8938	1.379269	0.810288	0.189712	1.040752
6960	-2615.854	-2721.929	106.0743	1.378391	0.745832	0.254168	0.8493013
6966	-2620.454	-2726.293	105.8395	1.421924	0.797398	0.202602	1.051917
6972	-2625.418	-2731.393	105.9742	1.488458	0.797398	0.202602	0.8370552
6978	-2624.86	-2730.915	106.0553	1.36721	0.787913	0.212087	0.8849649
6984	-2617.824	-2723.624	105.8003	1.37363	0.787913	0.212087	1.132566
6990	-2620.397	-2726.405	106.0085	1.583906	0.843791	0.156209	0.6303799
6996	-2620.889	-2726.853	105.9633	1.627785	0.702183	0.297817	0.6336421
7002	-2612.272	-2718.208	105.936	1.382105	0.705493	0.294507	0.9964703
7008	-2618.974	-2724.968	105.9939	1.390376	0.841722	0.158278	0.927625
7014	-2623.9	-2729.939	106.0384	1.489578	0.763778	0.236222	0.7484749
7020	-2617.181	-2723.251	106.07	1.458	0.818221	0.181779	0.7484749
7026	-2624.456	-2730.328	105.8723	1.478007	0.818221	0.181779	0.9636576
7032	-2630.343	-2736.329	105.9863	1.582974	0.816266	0.183734	0.6794603
7038	-2632.977	-2738.779	105.802	1.817758	0.77784	0.22216	0.5296179
7044	-2624.036	-2729.975	105.9389	1.681002	0.674979	0.325021	0.5289042
7050	-2631.301	-2737.252	105.951	1.324518	0.634466	0.365534	1.03839
7056	-2624.15	-2730.158	106.0083	1.334606	0.774901	0.225099	0.971309
7062	-2626.87	-2732.698	105.8281	1.78626	0.793772	0.206228	0.4429063
7068	-2627.298	-2733.165	105.8673	1.753457	0.804049	0.195951	0.519137
7074	-2623.397	-2729.33	105.9328	1.658974	0.746101	0.253899	0.6319942
7080	-2621.619	-2727.58	105.9608	1.611504	0.743921	0.256079	0.6735491
7086	-2628.98	-2734.969	105.9891	1.583236	0.747633	0.252367	0.6735491
7092	-2626.532	-2732.554	106.022	1.496952	0.77741	0.22259	0.7618586
7098	-2628.926	-2735.013	106.0869	1.357612	0.777672	0.222328	0.8591049
7104	-2620.154	-2725.651	105.4961	1.141408	0.763535	0.236465	1.561303
7110	-2618.469	-2724.25	105.7812	1.15331	0.753322	0.246678	1.334231
7116	-2616.169	-2721.939	105.7699	1.236905	0.743024	0.256976	1.275651
7122	-2625.971	-2732.036	106.065	1.489224	0.773021	0.226979	0.7064297
7128	-2619.665	-2725.697	106.0317	1.510142	0.761318	0.238682	0.726901
7134	-2619.674	-2725.688	106.0136	1.482693	0.858484	0.141516	0.7934985
7140	-2624.864	-2730.873	106.0085	1.529765	0.808282	0.191718	0.7326739
7146	-2625.131	-2731.203	106.0715	1.490744	0.784253	0.215747	0.6924454
7152	-2619.263	-2725.286	106.0229	1.445552	0.776673	0.223327	0.8298383
7158	-2617.106	-2723.085	105.9797	1.36056	0.785756	0.214244	0.9740511
7164	-2619.126	-2725.086	105.9602	1.234253	0.759939	0.240061	1.114082
7170	-2619.57	-2725.439	105.8696	1.282679	0.776724	0.223276	1.151876
7176	-2625.29	-2730.843	105.5536	1.112836	0.772462	0.227538	1.540009
7182	-2636.025	-2742.107	106.0817	1.437647	0.771324	0.228676	0.7612611
7188	-2635.244	-2741.271	106.0272	1.554624	0.774793	0.225207	0.6543173
7194	-2639.829	-2745.774	105.9453	1.571496	0.734538	0.265462	0.7648871
7200	-2627.137	-2733.081	105.944	1.667742	0.803908	0.196092	0.5731762
7206	-2625.648	-2731.404	105.7555	1.858138	0.780684	0.219316	0.4398711
7212	-2627.326	-2732.966	105.6396	1.96949	0.732227	0.267773	0.425338
7218	-2625.325	-2731.15	105.8254	1.795836	0.789639	0.210361	0.5103562
7224	-2632.767	-2738.469	105.7022	1.919235	0.78293	0.21707	0.5007245
7230	-2623.875	-2729.895	106.0198	1.320746	0.687294	0.312706	0.9737296
7236	-2623.022	-2728.747	105.7255	1.230514	0.812707	0.187293	1.316971
7242	-2615.809	-2721.584	105.7749	1.180301	0.697162	0.302838	1.317613
7248	-2622.772	-2728.554	105.7818	1.173406	0.83208	0.16792	1.317613
7254	-2624.941	-2730.666	105.7245	1.230745	0.822177	0.177823	1.317613
7260	-2625.177	-2730.917	105.7392	1.878866	0.817918	0.182082	0.4599498
7266	-2616.617	-2722.316	105.6989	1.91918	0.725122	0.274878	0.4599498
7272	-2625.915	-2731.648	105.7325	1.888814	0.782793	0.217207	0.4918431
7278	-2622.108	-2727.686	105.5781	2.02124	0.749155	0.250845	0.4020647
7284	-2622.335	-2727.934	105.5987	1.97267	0.76854	0.23146	0.3580211
7290	-2623.623	-2729.08	105.4569	2.088647	0.781545	0.218455	0.3296161
7296	-2619.559	-2725.029	105.4708	2.07583	0.718433	0.281567	0.3306559
7302	-2636.84	-2742.269	105.4283	1.062829	0.782043	0.217957	1.667355
7308	-2629.026	-2734.363	105.3376	1.115844	0.652267	0.347733	1.694168
7314	-2622.455	-2727.556	105.1005	2.285492	0.687297	0.312703	0.230454
7320	-2632.206	-2737.505	105.2989	2.183097	0.82934	0.17066	0.2802405
7326	-2638.167	-2743.323	105.1561	2.245682	0.705285	0.294715	0.2373659
7332	-2627.566	-2733.445	105.8783	1.191281	0.738309	0.261691	1.223285
7338	-2633.197	-2738.928	105.7304	1.325255	0.757249	0.242751	1.235009
7344	-2632.718	-2738.507	105.7883	1.283889	0.726732	0.273268	1.221107
7350	-2636.459	-2742.437	105.9783	1.463027	0.769086	0.230914	0.8629742
7356	-2629.517	-2735.464	105.9468	1.521241	0.774407	0.225593	0.8303216
7362	-2615.62	-2721.537	105.9174	1.311833	0.704913	0.295087	1.082192
7368	-2624.394	-2730.259	105.865	1.364219	0.658106	0.341894	1.082192
7374	-2616.562	-2722.503	105.9406	1.435335	0.726604	0.273396	0.9365797
7380	-2630.942	-2736.952	106.0102	1.537466	0.805077	0.194923	0.7173949
7386	-2628.488	-2734.51	106.0222	1.535592	0.757803	0.242197	0.7002116
7392	-2633.753	-2739.79	106.0369	1.306703	0.678644	0.321356	0.9705638
7398	-2627.579	-2733.561	105.9816	1.428275	0.713819	0.286181	0.8993225
7404	-2625.513	-2731.491	105.9781	1.473927	0.740671	0.259329	0.8500388
7410	-2625.281	-2731.259	105.978	1.619491	0.76046	0.23954	0.6175942
7416	-2628.005	-2733.906	105.9011	1.703117	0.785376	0.214624	0.5986919
7422	-2628.113	-2733.513	105.3999	2.100753	0.795638	0.204362	0.2927582
7428	-2621.968	-2727.412	105.4435	2.057145	0.731823	0.268177	0.2927582
7434	-2622.889	-2728.807	105.9178	1.688277	0.7361	0.2639	0.5928903
7440	-2628.938	-2734.918	105.9799	1.614192	0.801043	0.198957	0.6263114
7446	-2619.529	-2725.37	105.8412	1.779529	0.741389	0.258611	0.4813169
7452	-2624.902	-2730.858	105.9561	1.653395	0.792959	0.207041	0.5813189
7458	-2627.638	-2733.545	105.9064	1.70223	0.768103	0.231897	0.5844455
7464	-2632.095	-2737.836	105.7415	1.85992	0.691872	0.308128	0.4063415
7470	-2625.921	-2731.925	106.0041	1.470927	0.76049	0.23951	0.8214137
7476	-2616.176	-2722.077	105.901	1.289054	0.719294	0.280706	1.11812
7482	-2625.655	-2731.666	106.0117	1.56943	0.792626	0.207374	0.6556853
7488	-2620.65	-2726.471	105.8213	1.787794	0.671646	0.328354	0.5829161
7494	-2627.204	-2732.975	105.7717	1.837361	0.799834	0.200166	0.4253581
7500	-2625.317	-2731.233	105.9169	1.65165	0.771127	0.228873	0.6808329
7506	-2631.326	-2737.246	105.9197	1.539854	0.679882	0.320118	0.840907
7512	-2630.095	-2735.987	105.8923	1.728569	0.693864	0.306136	0.517841
7518	-2638.002	-2743.69	105.6887	1.911071	0.782781	0.217219	0.4030136
7524	-2637.205	-2742.939	105.7342	1.870808	0.613513	0.386487	0.4147301
7530	-2635.118	-2740.919	105.8008	1.819352	0.769197	0.230803	0.474772
7536	-2632.803	-2738.638	105.835	1.785722	0.771153	0.228847	0.4807428
7542	-2628.012	-2733.892	105.8795	1.741039	0.758454	0.241546	0.5221498
7548	-2623.888	-2729.773	105.8853	1.734795	0.729044	0.270956	0.4745784
7554	-2625.88	-2731.59	105.7097	1.902601	0.738962	0.261038	0.4354597
7560	-2627.383	-2732.921	105.5382	2.026289	0.665665	0.334335	0.3496651
7566	-2621.872	-2727.364	105.4917	2.055616	0.690585	0.309415	0.3313332
7572	-2620.901	-2726.662	105.7612	1.858527	0.690585	0.309415	0.4713119
7578	-2622.601	-2728.509	105.9076	1.712347	0.681023	0.318977	0.4732466
7584	-2620.997	-2726.768	105.7707	1.840256	0.673519	0.326481	0.4310843
7590	-2618.27	-2723.917	105.6468	1.928519	0.803248	0.196752	0.3631089
7596	-2618.175	-2723.794	105.6196	1.964092	0.801093	0.198907	0.3749052
7602	-2621.003	-2726.61	105.6068	1.976966	0.8201	0.1799	0.3749052
7608	-2616.257	-2721.74	105.4824	2.037918	0.798317	0.201683	0.3074639
7614	-2616.128	-2721.847	105.7189	1.896353	0.798317	0.201683	0.4462348
7620	-2626.461	-2732.227	105.7667	1.448121	0.810316	0.189684	1.095534
7626	-2619.022	-2724.844	105.8223	1.370745	0.801291	0.198709	1.115358
7632	-2621.853	-2727.685	105.8313	1.302524	0.817428	0.182572	1.168091
7638	-2631.965	-2737.786	105.8217	1.344229	0.693469	0.306531	1.139749
7644	-2628.828	-2734.328	105.5002	2.052561	0.796901	0.203099	0.3368329
7650	-2617.442	-2722.921	105.4795	2.0608	0.766812	0.233188	0.3246563
7656	-2621.231	-2726.797	105.5656	1.994937	0.800063	0.199937	0.3450912
7662	-2629.002	-2735.039	106.0367	1.417078	0.749775	0.250225	0.8480028
7668	-2630.453	-2736.418	105.9653	1.463635	0.727177	0.272823	0.8775359
7674	-2617.654	-2723.556	105.9023	1.713735	0.787085	0.212915	0.5541685
7680	-2627.409	-2733.349	105.9403	1.678877	0.771075	0.228925	0.5346147
7686	-2617.501	-2723.546	106.0451	1.548855	0.771075	0.228925	0.6265691
7692	-2631.747	-2737.682	105.9346	1.518673	0.838517	0.161483	0.8485717
7698	-2633.347	-2739.138	105.7912	1.373102	0.753442	0.246558	1.141201
7704	-2633.794	-2739.623	105.8293	1.368083	0.802922	0.197078	1.111421
7710	-2629.47	-2735.491	106.021	1.393281	0.758037	0.241963	0.8943616
7716	-2629.123	-2735.102	105.9786	1.35636	0.78588	0.21412	0.9794175
7722	-2624.266	-2730.262	105.9954	1.399084	0.816024	0.183976	0.9164095
7728	-2622.253	-2728.211	105.9582	1.635991	0.816024	0.183976	0.6261276
7734	-2623.477	-2729.408	105.9314	1.635991	0.767065	0.232935	0.6828753
7740	-2623.972	-2729.781	105.8089	1.80248	0.785424	0.214576	0.5744965
7746	-2623.949	-2729.749	105.7999	1.818803	0.740374	0.259626	0.4636827
7752	-2634.624	-2740.4	105.7759	1.842826	0.732972	0.267028	0.5377019
7758	-2636.419	-2742.291	105.8719	1.749577	0.772128	0.227872	0.4961603
7764	-2625.73	-2731.606	105.8757	1.638685	0.675695	0.324305	0.7683688
7770	-2640.027	-2745.904	105.8775	1.739052	0.770066	0.229934	0.5509898
7776	-2628.016	-2733.839	105.8225	1.739052	0.856424	0.143576	0.6935273
7782	-2622.992	-2728.878	105.8867	1.676934	0.713029	0.286971	0.6898185
7788	-2624.35	-2730.241	105.8916	1.65686	0.793239	0.206761	0.7161942
7794	-2634.013	-2739.859	105.8455	1.647813	0.793239	0.206761	0.7975842
7800	-2628.87	-2734.807	105.9369	1.642603	0.683882	0.316118	0.6591645
7806	-2630.868	-2736.884	106.0154	1.555092	0.765303	0.234697	0.6769986
7812	-2636.74	-2742.706	105.9666	1.451344	0.712539	0.287461	0.8901728
7818	-2631.247	-2737.241	105.9942	1.423782	0.753107	0.246893	0.8901728
7824	-2629.677	-2735.643	105.9658	1.392543	0.783932	0.216068	0.9552423
7830	-2626.671	-2732.72	106.0493	1.409047	0.754382	0.245618	0.8423773
7836	-2629.285	-2735.194	105.9093	1.532068	0.754972	0.245028	0.862896
7842	-2625.947	-2731.804	105.8573	1.549893	0.71588	0.28412	0.9022828
7848	-2623.84	-2729.839	105.9984	1.35309	0.776117	0.223883	0.9624264
7854	-2624.348	-2730.192	105.844	1.272342	0.721291	0.278709	1.183291
7860	-2625.859	-2731.746	105.8869	1.258879	0.712993	0.287007	1.157608
7866	-2639.455	-2745.145	105.6904	1.225815	0.73779	0.26221	1.348821
7872	-2631.85	-2737.663	105.8128	1.21916	0.824034	0.175966	1.254827
7878	-2622.4	-2728.348	105.9485	1.228842	0.733398	0.266602	1.12958
7884	-2625.067	-2730.62	105.5527	1.073986	0.767551	0.232449	1.569257
7890	-2625.093	-2730.516	105.4236	1.1253	0.711113	0.288887	1.625901
7896	-2617.971	-2723.446	105.4744	1.110583	0.766458	0.233542	1.599758
7902	-2624.374	-2730.071	105.6968	1.128516	0.691184	0.308816	1.419933
7908	-2623.694	-2729.161	105.4665	1.126577	0.688686	0.311314	1.593845
7914	-2624.159	-2730.086	105.9269	1.183623	0.797337	0.202663	1.188331
7920	-2637.487	-2743.416	105.9289	1.454265	0.754288	0.245712	0.9287909
7926	-2626.033	-2731.888	105.8549	1.5283	0.802998	0.197002	0.9287909
7932	-2626.603	-2731.865	105.2626	1.167153	0.765102	0.234898	1.710953
7938	-2625.62	-2731.239	105.6186	1.274842	0.765102	0.234898	1.36682
7944	-2622.686	-2728.597	105.9111	1.386233	0.739809	0.260191	1.017126
7950	-2621.191	-2727.046	105.8542	1.410134	0.806933	0.193067	1.049097
7956	-2619.203	-2725.162	105.9589	1.575552	0.747182	0.252818	0.738603
7962	-2623.947	-2729.815	105.8686	1.752794	0.747182	0.252818	0.5059762
7968	-2626.22	-2732.077	105.8569	1.761491	0.747182	0.252818	0.5405783
7974	-2629.255	-2735.125	105.8704	1.749978	0.820579	0.179421	0.5240323
7980	-2621.995	-2727.873	105.8785	1.740518	0.72512	0.27488	0.5360462
7986	-2623.206	-2729.071	105.8654	1.756001	0.749218	0.250782	0.5055735
7992	-2620.688	-2726.172	105.4839	2.084663	0.732754	0.267246	0.354431
7998	-2620.17	-2725.867	105.6973	1.903564	0.756652	0.243348	0.4053498
8004	-2620.556	-2726.161	105.6057	1.966013	0.76197	0.23803	0.3583918
8010	-2622.885	-2728.492	105.6066	1.965131	0.767726	0.232274	0.3583918
8016	-2629.404	-2734.878	105.4746	2.101983	0.769247	0.230753	0.3647322
8022	-2620.924	-2726.362	105.4384	2.103005	0.769247	0.230753	0.3256543
8028	-2624.752	-2730.404	105.6523	1.955247	0.705048	0.294952	0.4210394
8034	-2626.286	-2731.995	105.7091	1.898404	0.700946	0.299054	0.4210394
8040	-2625.22	-2730.812	105.5922	1.302525	0.781236	0.218764	1.365814
8046	-2618.459	-2724.213	105.7545	1.216848	0.732436	0.267564	1.304604
8052	-2624.582	-2730.127	105.5449	1.274157	0.812822	0.187178	1.424795
8058	-2628.02	-2733.386	105.3659	1.061993	0.743321	0.256679	1.712284
8064	-2621.723	-2727.618	105.8944	1.680174	0.745673	0.254327	0.6690929
8070	-2622.021	-2727.898	105.8772	1.678725	0.781334	0.218666	0.7034387
8076	-2624.254	-2730.13	105.8762	1.741983	0.79392	0.20608	0.5414291
8082	-2621.114	-2727.027	105.9133	1.64146	0.73154	0.26846	0.7055634
8088	-2620.815	-2726.773	105.958	1.583696	0.823551	0.176449	0.7272214
8094	-2621.932	-2727.941	106.0096	1.496653	0.711771	0.288229	0.7798413
8100	-2625.392	-2731.486	106.0943	1.46973	0.797374	0.202626	0.6890526
8106	-2629.349	-2735.389	106.0401	1.515258	0.781367	0.218633	0.7044261
8112	-2626.757	-2732.74	105.9826	1.621124	0.752675	0.247325	0.6002645
8118	-2620.588	-2726.512	105.9234	1.697852	0.752675	0.247325	0.510362
8124	-2623.806	-2729.789	105.9829	1.632864	0.684287	0.315713	0.5551452
8130	-2629.595	-2735.605	106.01	1.553316	0.763777	0.236223	0.6904228
8136	-2623.598	-2729.512	105.9137	1.692407	0.721618	0.278382	0.5927772
8142	-2625.443	-2731.295	105.8523	1.76115	0.813007	0.186993	0.5659737
8148	-2626.987	-2732.803	105.8163	1.801067	0.811298	0.188702	0.4559618
8154	-2624.498	-2730.436	105.9378	1.671568	0.805882	0.194118	0.5817264
8160	-2630.643	-2736.313	105.67	1.153788	0.601041	0.398959	1.421111
8166	-2627.574	-2733.435	105.8616	1.196262	0.640736	0.359264	1.233181
8172	-2623.086	-2728.983	105.8976	1.331504	0.785003	0.214997	1.082315
8178	-2625.436	-2731.306	105.8696	1.421545	0.710031	0.289969	1.023199
8184	-2616.517	-2722.365	105.8482	1.754535	0.708761	0.291239	0.6030979
8190	-2621.867	-2727.854	105.9877	1.447276	0.659942	0.340058	0.8704894
8196	-2624.919	-2730.88	105.9613	1.356205	0.826635	0.173365	0.9971492
8202	-2623.565	-2729.56	105.9942	1.323646	0.797927	0.202073	0.996721
8208	-2621.268	-2727.043	105.775	1.223723	0.751444	0.248556	1.282228
8214	-2624.799	-2730.536	105.7371	1.277497	0.684176	0.315824	1.269235
8220	-2628.522	-2733.973	105.4509	1.108899	0.735864	0.264136	1.617973
8226	-2632.932	-2738.315	105.3829	0.9869906	0.771717	0.228283	1.753015
8232	-2632.41	-2738.187	105.7768	1.227811	0.870162	0.129838	1.277394
8238	-2626.167	-2731.985	105.8182	1.261201	0.702134	0.297866	1.215001
8244	-2635.375	-2741.201	105.8257	1.174338	0.730263	0.269737	1.281151
8250	-2627.099	-2732.702	105.6032	1.09979	0.771868	0.228132	1.5128
8256	-2629.52	-2734.854	105.3337	1.193625	0.708318	0.291682	1.641409
8262	-2631.622	-2737.488	105.8658	1.324016	0.815942	0.184058	1.118313
8268	-2622.073	-2727.963	105.8903	1.259714	0.798932	0.201068	1.153885
8274	-2619.64	-2725.251	105.6115	1.307413	0.743856	0.256144	1.346633
8280	-2620	-2725.913	105.9127	1.216128	0.691986	0.308014	1.172466
8286	-2624.469	-2730.309	105.8395	1.241918	0.779326	0.220674	1.213234
8292	-2618.685	-2724.236	105.5509	0.9776338	0.734898	0.265102	1.640566
8298	-2626.807	-2732.27	105.4628	1.020682	0.790434	0.209566	1.672859
8304	-2627.047	-2732.816	105.7692	1.100352	0.808609	0.191391	1.385624
8310	-2633.778	-2739.564	105.7862	1.452082	0.772585	0.227415	1.073751
8316	-2626.61	-2732.673	106.0628	1.444444	0.731314	0.268686	0.7785375
8322	-2620.018	-2725.835	105.8166	1.221667	0.785215	0.214785	1.249546
8328	-2616.433	-2722.317	105.8845	1.15383	0.785215	0.214785	1.249546
8334	-2620.105	-2725.577	105.4719	1.048809	0.69993	0.30007	1.64617
8340	-2623.476	-2729.109	105.633	1.140966	0.672972	0.327028	1.459311
8346	-2623.288	-2728.887	105.5991	1.155661	0.826497	0.173503	1.473873
8352	-2620.626	-2726.305	105.6788	1.231233	0.763593	0.236407	1.353713
8358	-2622.781	-2728.778	105.9968	1.318139	0.743752	0.256248	0.9997266
8364	-2631.208	-2736.411	105.2025	0.9181157	0.803793	0.196207	1.924285
8370	-2625.128	-2730.952	105.824	1.282721	0.706486	0.293514	1.191607
8376	-2619.998	-2725.87	105.8714	1.155255	0.706486	0.293514	1.259224
8382	-2617.39	-2723.117	105.7271	1.222658	0.730915	0.269085	1.321994
8388	-2627.967	-2733.451	105.4844	1.155344	0.747719	0.252281	1.559682
8394	-2637.136	-2743.119	105.9838	1.1537	0.759975	0.240025	1.164895
8400	-2626.979	-2732.665	105.6864	1.19979	0.791524	0.208476	1.372575
8406	-2626.07	-2731.779	105.7084	1.177758	0.661477	0.338523	1.372575
8412	-2627.572	-2733.206	105.634	1.036182	0.786523	0.213477	1.537168
8418	-2628.729	-2734.298	105.5685	1.142755	0.767442	0.232558	1.506635
8424	-2623.036	-2728.612	105.5762	1.118871	0.767442	0.232558	1.518718
8430	-2619.246	-2725.242	105.9957	1.434039	0.828489	0.171511	0.8766109
8436	-2619.69	-2725.51	105.8196	1.411593	0.718917	0.281083	1.080404
8442	-2623.325	-2729.248	105.9225	1.308662	0.796897	0.203103	1.080404
8448	-2625.325	-2731.258	105.9334	1.372695	0.776741	0.223259	1.008443
8454	-2629.477	-2735.372	105.8946	1.307251	0.820355	0.179645	1.107358
8460	-2635.044	-2741.142	106.0982	1.422088	0.814583	0.185417	0.7599136
8466	-2631.755	-2737.734	105.9794	1.558361	0.816751	0.183249	0.7333859
8472	-2630.142	-2736.065	105.9233	1.42095	0.770393	0.229607	0.9698875
8478	-2636.731	-2742.691	105.9595	1.384724	0.601177	0.398823	0.9698875
8484	-2619.512	-2725.415	105.9026	1.385645	0.753873	0.246127	1.026046
8490	-2621.05	-2726.981	105.931	1.46159	0.834778	0.165222	0.9185327
8496	-2622.213	-2728.183	105.97	1.483884	0.655548	0.344452	0.8478562
8502	-2629.344	-2735.342	105.9977	1.425652	0.704651	0.295349	0.8839071
8508	-2624.599	-2730.449	105.8505	1.244725	0.706359	0.293641	1.201463
8514	-2625.668	-2731.647	105.9782	1.612081	0.750534	0.249466	0.6354068
8520	-2644.375	-2750.236	105.861	1.600642	0.827524	0.172476	0.8383203
8526	-2635.693	-2741.702	106.0093	1.490122	0.797411	0.202589	0.7892897
8532	-2626.096	-2732.074	105.9779	1.490242	0.820063	0.179937	0.8301388
8538	-2616.835	-2722.798	105.9633	1.349937	0.796688	0.203312	1.001428
8544	-2627.702	-2733.647	105.9444	1.649037	0.745691	0.254309	0.6278989
8550	-2625.716	-2731.658	105.9414	1.615175	0.631427	0.368573	0.7023378
8556	-2627.183	-2733.011	105.828	1.762307	0.701786	0.298214	0.6355224
8562	-2627.409	-2733.38	105.9714	1.481605	0.745569	0.254431	0.8489184
8568	-2629.83	-2735.709	105.8785	1.689064	0.713633	0.286367	0.6826538
8574	-2625.843	-2731.693	105.85	1.768998	0.72263	0.27737	0.5361058
8580	-2629.311	-2735.277	105.9658	1.602839	0.862876	0.137124	0.6805828
8586	-2640.408	-2746.319	105.9104	1.576219	0.860831	0.139169	0.8063913
8592	-2625.473	-2731.465	105.9921	1.597059	0.804176	0.195824	0.6380733
8598	-2634.371	-2740.332	105.9608	1.563344	0.573226	0.426774	0.7541169
8604	-2624.243	-2730.117	105.8742	1.570334	0.678424	0.321576	0.8591217
8610	-2623.147	-2729.125	105.9779	1.516549	0.774518	0.225482	0.7960676
8616	-2628.884	-2734.9	106.0166	1.468455	0.78093	0.21907	0.8085145
8622	-2635.187	-2741.068	105.8813	1.404826	0.797395	0.202605	1.028108
8628	-2629.512	-2735.495	105.9831	1.347858	0.763681	0.236319	0.9834989
8634	-2620.22	-2726.226	106.0055	1.493906	0.749743	0.250257	0.7892877
8640	-2625.647	-2731.69	106.043	1.541152	0.759553	0.240447	0.6494062
8646	-2626.379	-2732.3	105.9215	1.6626	0.759553	0.240447	0.6494062
8652	-2621.872	-2727.486	105.6142	1.195208	0.695931	0.304069	1.432212
8658	-2629.969	-2735.909	105.9407	1.321674	0.673055	0.326945	1.050967
8664	-2629.179	-2735.057	105.878	1.313759	0.758613	0.241387	1.116594
8670	-2626.599	-2732.643	106.0439	1.442386	0.61628	0.38372	0.806866
8676	-2624.739	-2730.814	106.0752	1.405454	0.876187	0.123813	0.8142108
8682	-2631.767	-2737.638	105.8713	1.093109	0.759658	0.240342	1.3102
8688	-2631.61	-2737.197	105.5875	1.001683	0.72709	0.27291	1.596672
8694	-2628.6	-2734.404	105.8036	1.102474	0.754289	0.245711	1.356862
8700	-2628.414	-2734.372	105.9578	1.179236	0.782314	0.217686	1.165297
8706	-2628.152	-2733.888	105.7363	1.104948	0.738162	0.261838	1.40761
8712	-2632.813	-2738.406	105.5936	1.090011	0.893737	0.106263	1.527256
8718	-2619.587	-2725.201	105.6143	1.003574	0.818005	0.181995	1.575708
8724	-2632.064	-2737.643	105.5794	1.175414	0.739644	0.260356	1.473872
8730	-2632.033	-2737.893	105.8605	1.198709	0.698001	0.301999	1.232017
8736	-2619.124	-2724.703	105.5789	1.095869	0.698001	0.301999	1.533835
8742	-2635.981	-2741.593	105.6125	1.185164	0.772385	0.227615	1.441205
8748	-2627.064	-2732.463	105.399	1.217045	0.726693	0.273307	1.577069
8754	-2622.511	-2727.882	105.371	1.15509	0.802772	0.197228	1.642337
8760	-2631.89	-2737.511	105.6211	1.099076	0.713309	0.286691	1.499941
8766	-2630.311	-2735.882	105.5704	1.13321	0.626649	0.373351	1.512362
8772	-2626.366	-2731.819	105.4525	1.05259	0.82379	0.17621	1.657356
8778	-2628.504	-2733.986	105.4816	1.033698	0.784345	0.215655	1.650076
8784	-2627.755	-2733.004	105.2485	1.127443	0.66133	0.33867	1.748799
8790	-2631.937	-2737.67	105.7323	1.157043	0.723916	0.276084	1.370094
8796	-2626.781	-2732.217	105.4368	1.105554	0.757388	0.242612	1.630643
8802	-2626.473	-2731.892	105.4188	0.8548977	0.74467	0.25533	1.819846
8808	-2626.858	-2732.17	105.3121	0.9493478	0.643508	0.356492	1.828265
8814	-2626.108	-2731.537	105.4289	1.035714	0.643508	0.356492	1.686271
8820	-2632.477	-2737.758	105.2814	1.170933	0.801748	0.198252	1.694989
8826	-2629.116	-2734.664	105.5482	1.062987	0.635414	0.364586	1.580618
8832	-2627.542	-2732.939	105.3965	1.184325	0.807456	0.192544	1.602755
8838	-2624.555	-2730.087	105.5329	1.119198	0.835075	0.164925	1.550606
8844	-2622.831	-2728.773	105.9423	1.509477	0.754238	0.245762	0.8503964
8850	-2625.426	-2731.368	105.9418	1.498929	0.754207	0.245793	0.8636316
8856	-2631.982	-2738.017	106.0355	1.39847	0.736981	0.263019	0.8716853
8862	-2626.733	-2732.74	106.0072	1.545258	0.836158	0.163842	0.70941
8868	-2629.443	-2735.312	105.869	1.656651	0.698232	0.301768	0.7519082
8874	-2628.969	-2734.856	105.8865	1.599585	0.803456	0.196544	0.8071328
8880	-2627.217	-2733.035	105.8175	1.721266	0.698959	0.301041	0.7317603
8886	-2624.898	-2730.706	105.8075	1.813705	0.772259	0.227741	0.5111779
8892	-2624.094	-2730.16	106.0652	1.418155	0.760885	0.239115	0.8107404
8898	-2622.691	-2728.591	105.8997	1.595517	0.720496	0.279504	0.7949836
8904	-2616.247	-2722.152	105.9054	1.686953	0.741573	0.258427	0.6306656
8910	-2632.845	-2738.585	105.7401	1.877635	0.750039	0.249961	0.4580371
8916	-2623.326	-2729.002	105.6757	1.931997	0.750039	0.249961	0.4216554
8922	-2626.871	-2732.678	105.8078	1.810751	0.684421	0.315579	0.4627018
8928	-2629.428	-2735.348	105.9204	1.700699	0.650189	0.349811	0.5128184
8934	-2625.093	-2731.039	105.9468	1.663976	0.65467	0.34533	0.5768001
8940	-2627.387	-2733.193	105.8055	1.815442	0.752348	0.247652	0.4844397
8946	-2631.622	-2737.371	105.7487	1.865806	0.72881	0.27119	0.4432978
8952	-2633.886	-2739.618	105.7322	1.882357	0.742673	0.257327	0.4432978
8958	-2641.892	-2747.422	105.5291	2.019024	0.742673	0.257327	0.3321436
8964	-2628.486	-2734.374	105.888	1.733147	0.767784	0.232216	0.4881624
8970	-2619.828	-2725.827	105.9987	1.552405	0.742595	0.257405	0.7117867
8976	-2623.56	-2729.494	105.9338	1.617305	0.748542	0.251458	0.7117867
8982	-2617.733	-2723.577	105.8447	1.773851	0.823086	0.176914	0.5390621
8988	-2622.149	-2728.011	105.8617	1.754686	0.827287	0.172713	0.5518835
8994	-2616.417	-2722.241	105.8238	1.797526	0.777833	0.222167	0.509468
9000	-2617.954	-2723.817	105.8635	1.757174	0.787728	0.212272	0.4804348
9006	-2624.363	-2730.296	105.9325	1.685308	0.742872	0.257128	0.5437697
9012	-2617.775	-2723.664	105.8886	1.732793	0.735724	0.264276	0.4960182
9018	-2618.855	-2724.773	105.918	1.619973	0.689444	0.310556	0.7331096
9024	-2614.117	-2720.008	105.8914	1.309116	0.725922	0.274078	1.108588
9030	-2631.426	-2737.391	105.9651	1.62192	0.784893	0.215107	0.6429089
9036	-2628.459	-2734.419	105.9599	1.62192	0.831602	0.168398	0.654269
9042	-2615.44	-2721.237	105.7971	1.305723	0.800267	0.199733	1.194957
9048	-2622.39	-2728.218	105.8272	1.311764	0.695464	0.304536	1.163544
9054	-2620.015	-2725.927	105.9122	1.177639	0.688746	0.311254	1.206093
9060	-2618.153	-2723.748	105.5946	1.07562	0.711693	0.288307	1.537138
9066	-2620.824	-2726.461	105.6372	1.206062	0.755621	0.244379	1.406084
9072	-2625.888	-2731.595	105.7071	1.222691	0.723415	0.276585	1.337968
9078	-2623.124	-2728.788	105.6641	1.165055	0.717088	0.282912	1.416977
9084	-2624.633	-2730.608	105.9748	1.596977	0.696694	0.303306	0.6745675
9090	-2620.259	-2726.108	105.8489	1.722915	0.723324	0.276676	0.6745675
9096	-2629.157	-2735.045	105.8879	1.732414	0.753629	0.246371	0.5249067
9102	-2624.018	-2729.896	105.8783	1.715759	0.753629	0.246371	0.6263547
9108	-2619.892	-2725.821	105.929	1.650504	0.753629	0.246371	0.6590933
9114	-2623.873	-2729.538	105.6646	1.208913	0.778889	0.221111	1.382492
9120	-2630.572	-2736.491	105.9185	1.261408	0.766079	0.233921	1.127239
9126	-2628.795	-2734.817	106.0219	1.322808	0.783438	0.216562	0.9694784
9132	-2618.653	-2724.607	105.9538	1.568144	0.678309	0.321691	0.7574188
9138	-2620.735	-2726.696	105.9616	1.491034	0.768654	0.231346	0.8493211
9144	-2639.719	-2745.608	105.8898	1.720808	0.778917	0.221083	0.5775484
9150	-2627.695	-2733.664	105.969	1.446196	0.831635	0.168365	0.8932735
9156	-2624.828	-2730.762	105.9343	1.371323	0.719005	0.280995	1.008998
9162	-2627.556	-2733.515	105.9582	1.383435	0.779	0.221	0.9725702
9168	-2628.13	-2733.883	105.7531	1.443387	0.768732	0.231268	1.112302
9174	-2632.697	-2738.68	105.9838	1.355952	0.796173	0.203827	0.9745356
9180	-2631.643	-2737.361	105.7175	1.209091	0.727956	0.272044	1.340559
9186	-2625.061	-2730.804	105.7436	1.162882	0.80224	0.19776	1.356504
9192	-2627.364	-2733.15	105.786	1.274847	0.814836	0.185164	1.2307
9198	-2631.057	-2736.948	105.8914	1.295995	0.716058	0.283942	1.120514
9204	-2637.569	-2743.32	105.7505	1.156326	0.650092	0.349908	1.356254
9210	-2629.449	-2735.021	105.5722	1.145693	0.760307	0.239693	1.501616
9216	-2638.572	-2744.08	105.508	1.087178	0.808628	0.191372	1.592283
9222	-2619.449	-2725.076	105.6275	1.190903	0.751851	0.248149	1.42532
9228	-2628.698	-2734.615	105.9171	1.29251	0.755753	0.244247	1.100256
9234	-2637.068	-2743.053	105.9848	1.364738	0.826889	0.173111	0.9644644
9240	-2616.262	-2721.98	105.7179	1.1844	0.761898	0.238102	1.359843
9246	-2635.007	-2740.702	105.6951	1.20718	0.687221	0.312779	1.359843
9252	-2625.862	-2731.645	105.7836	1.301764	0.703734	0.296266	1.209897
9258	-2625.767	-2731.687	105.9201	1.233387	0.721545	0.278455	1.150808
9264	-2626.14	-2731.695	105.5551	1.333305	0.717256	0.282744	1.370776
9270	-2615.861	-2721.613	105.752	1.335878	0.773148	0.226852	1.20773
9276	-2614.588	-2720.504	105.9157	1.280565	0.773148	0.226852	1.112456
9282	-2616.515	-2722.182	105.6679	1.220255	0.838676	0.161324	1.370982
9288	-2623.153	-2728.869	105.7156	1.172602	0.64649	0.35351	1.370982
9294	-2613.411	-2719.255	105.8443	1.381566	0.748498	0.251502	1.085351
9300	-2619.653	-2725.524	105.871	1.412922	0.721075	0.278925	1.030288
9306	-2616.102	-2721.963	105.8609	1.423037	0.721075	0.278925	1.030241
9312	-2620.206	-2726.029	105.8235	1.349551	0.779084	0.220916	1.133411
9318	-2617.249	-2723.292	106.0422	1.403952	0.775492	0.224508	0.8571343
9324	-2613.248	-2719.234	105.9857	1.454188	0.775492	0.224508	0.8646765
9330	-2612.182	-2718.223	106.0408	1.454243	0.786106	0.213894	0.7952531
9336	-2609.686	-2715.647	105.9609	1.580017	0.836069	0.163931	0.7283284
9342	-2609.256	-2715.281	106.0246	1.389682	0.709139	0.290861	0.8943182
9348	-2618.062	-2724.106	106.0436	1.389682	0.754538	0.245462	0.8724739
9354	-2625.636	-2731.568	105.9313	1.500653	0.730714	0.269286	0.8740199
9360	-2627.507	-2733.16	105.6535	1.212463	0.663177	0.336823	1.388398
9366	-2624.521	-2730.353	105.8322	1.254555	0.804436	0.195564	1.208689
9372	-2622.316	-2728.333	106.0175	1.325407	0.770254	0.229746	0.9713004
9378	-2617.197	-2723.107	105.9103	1.463668	0.740539	0.259461	0.9386519
9384	-2621.141	-2727.125	105.9837	1.637312	0.752776	0.247224	0.5150182
9390	-2621.374	-2727.235	105.861	1.758147	0.722155	0.277845	0.4665047
9396	-2632.194	-2738.04	105.8464	1.774403	0.752973	0.247027	0.5189988
9402	-2625.077	-2730.967	105.8904	1.730397	0.767923	0.232077	0.5189988
9408	-2620.532	-2726.184	105.6526	1.957484	0.777438	0.222562	0.4282056
9414	-2625.355	-2731.409	106.0546	1.478509	0.803097	0.196903	0.740615
9420	-2624.212	-2730.134	105.9219	1.696164	0.693418	0.306582	0.5427062
9426	-2621.782	-2727.719	105.9372	1.68427	0.828565	0.171435	0.5039143
9432	-2616.231	-2722.175	105.9441	1.656498	0.81191	0.18809	0.6093293
9438	-2624.059	-2730.051	105.992	1.608589	0.731419	0.268581	0.6093293
9444	-2627.9	-2733.751	105.8518	1.748798	0.715798	0.284202	0.6093293
9450	-2621.772	-2727.708	105.9353	1.673272	0.814002	0.185998	0.5846844
9456	-2620.93	-2726.894	105.9638	1.638454	0.749175	0.250825	0.6046338
9462	-2620.499	-2726.443	105.944	1.647852	0.813481	0.186519	0.6316463
9468	-2621.191	-2727.133	105.942	1.678185	0.610507	0.389493	0.5256617
9474	-2634.649	-2740.573	105.924	1.603943	0.889995	0.110005	0.7485284
9480	-2627.872	-2733.899	106.0275	1.504617	0.709007	0.290993	0.7422004
9486	-2626.187	-2732.193	106.0062	1.525838	0.705933	0.294067	0.7422004
9492	-2621.656	-2727.667	106.0114	1.514986	0.699264	0.300736	0.750841
9498	-2617.064	-2723.035	105.9711	1.283268	0.728774	0.271226	1.058591
9504	-2614.741	-2720.565	105.8234	1.352772	0.721012	0.278988	1.130576
9510	-2618.266	-2724.134	105.8672	1.309019	0.834425	0.165575	1.130576
9516	-2619.358	-2725.126	105.7673	1.367671	0.750921	0.249079	1.167057
9522	-2632.447	-2738.416	105.9694	1.32575	0.700749	0.299251	1.019306
9528	-2632.148	-2738.056	105.9079	1.402208	0.761105	0.238895	1.004482
9534	-2622.453	-2728.421	105.9679	1.341394	0.769316	0.230684	1.005283
9540	-2625.744	-2731.784	106.0399	1.444486	0.700249	0.299751	0.8093732
9546	-2628.841	-2734.738	105.8966	1.456397	0.728751	0.271249	0.9608681
9552	-2637.083	-2743.097	106.014	1.45193	0.728751	0.271249	0.8329944
9558	-2639.859	-2745.786	105.9264	1.444975	0.831822	0.168178	0.9414554
9564	-2627.959	-2733.782	105.8225	1.357286	0.733172	0.266828	1.127372
9570	-2633.327	-2739.264	105.9373	1.421398	0.732536	0.267464	0.954873
9576	-2624.338	-2730.269	105.931	1.347728	0.689332	0.310668	1.03528
9582	-2625.877	-2731.855	105.9786	1.428098	0.805566	0.194434	0.902849
9588	-2633.166	-2739.177	106.0113	1.465897	0.831401	0.168599	0.81873
9594	-2628.804	-2734.765	105.9608	1.321331	0.768469	0.231531	1.031942
9600	-2619.483	-2725.153	105.6701	1.179038	0.760868	0.239132	1.401507
9606	-2623.934	-2729.699	105.7644	1.024021	0.792991	0.207009	1.448324
9612	-2622.681	-2728.459	105.778	1.138229	0.817251	0.182749	1.348805
9618	-2619.516	-2725.456	105.9399	1.319577	0.809676	0.190324	1.053738
9624	-2626.501	-2732.571	106.0706	1.396084	0.752638	0.247362	0.8320642
9630	-2635.664	-2740.62	104.9559	2.282914	0.856756	0.143244	0.1797295
9636	-2632.949	-2737.732	104.783	2.455833	0.778515	0.221485	0.1797295
9642	-2630.204	-2735.215	105.0114	2.365132	0.804135	0.195865	0.2264563
9648	-2642.453	-2747.616	105.1632	2.213306	0.765511	0.234489	0.2264563
9654	-2629.097	-2735.046	105.9497	1.560487	0.878263	0.121737	0.7743336
9660	-2628.021	-2733.317	105.2955	2.20582	0.773489	0.226511	0.2931758
9666	-2633.145	-2738.464	105.319	2.150619	0.698351	0.301649	0.2725504
9672	-2623.287	-2728.584	105.2969	2.172638	0.698351	0.301649	0.2725504
9678	-2624.385	-2729.646	105.2607	2.190816	0.698351	0.301649	0.2621668
9684	-2620.691	-2726.026	105.3348	2.165093	0.703428	0.296572	0.2922216
9690	-2616.365	-2721.941	105.5762	1.273648	0.731976	0.268024	1.400943
9696	-2622.26	-2728.008	105.7477	1.319156	0.775932	0.224068	1.225554
9702	-2615.206	-2721.157	105.951	1.347596	0.746186	0.253814	1.015904
9708	-2623.288	-2729.255	105.9664	1.498952	0.709023	0.290977	0.8337135
9714	-2625.177	-2731.2	106.0222	1.55429	0.795015	0.204985	0.665347
9720	-2620.183	-2726.033	105.8499	1.764312	0.715264	0.284736	0.5626535
9726	-2625.016	-2730.838	105.8222	1.796161	0.679934	0.320066	0.4615863
9732	-2629.499	-2735.241	105.7426	1.875008	0.761012	0.238988	0.4575313
9738	-2625.276	-2731.22	105.9435	1.658922	0.698422	0.301578	0.6039167
9744	-2632.674	-2738.553	105.8791	1.725851	0.737029	0.262971	0.5964992
9750	-2627.679	-2733.662	105.9824	1.622113	0.712341	0.287659	0.5978732
9756	-2623.442	-2729.39	105.9482	1.623356	0.718052	0.281948	0.675075
9762	-2623.217	-2729.286	106.0688	1.519051	0.816819	0.183181	0.6411656
9768	-2629.293	-2735.222	105.9292	1.324512	0.762891	0.237109	1.059255
9774	-2629.344	-2735.24	105.896	1.651789	0.75459	0.24541	0.7171827
9780	-2629.48	-2735.404	105.9234	1.563593	0.748755	0.251245	0.8059756
9786	-2637.012	-2742.953	105.9408	1.519266	0.657176	0.342824	0.8402678
9792	-2641.197	-2746.962	105.7648	1.470924	0.664327	0.335673	1.076108
9798	-2636.16	-2742.144	105.9842	1.306562	0.805821	0.194179	1.023557
9804	-2635.874	-2741.766	105.8917	1.418365	0.747099	0.252901	1.004501
9810	-2630.008	-2735.928	105.9201	1.39156	0.885904	0.114096	1.002953
9816	-2632.469	-2738.512	106.0433	1.383679	0.860241	0.139759	0.8797955
9822	-2625.623	-2731.564	105.9407	1.324208	0.896355	0.103645	1.048606
9828	-2626.985	-2732.861	105.8768	1.409286	0.714673	0.285327	1.028172
9834	-2623.201	-2729.106	105.9051	1.288674	0.832025	0.167975	1.114709
9840	-2626.964	-2732.73	105.7659	1.515918	0.793899	0.206101	1.032332
9846	-2624.807	-2730.694	105.8876	1.494039	0.721859	0.278141	0.9303996
9852	-2620.105	-2726.053	105.9483	1.359307	0.813139	0.186861	1.006975
9858	-2616.823	-2722.766	105.9425	1.365108	0.675346	0.324654	1.006975
9864	-2621.252	-2727.117	105.8648	1.419899	0.866759	0.133241	1.029525
9870	-2624.84	-2730.822	105.9818	1.304612	0.785453	0.214547	1.027809
9876	-2630.528	-2736.454	105.9265	1.42663	0.699912	0.300088	0.96069
9882	-2630.847	-2736.694	105.8468	1.506359	0.731242	0.268758	0.96069
9888	-2641.311	-2747.264	105.9529	1.540399	0.663631	0.336369	0.7976287
9894	-2632.898	-2738.896	105.9981	1.578586	0.814757	0.185243	0.664918
9900	-2635.388	-2741.347	105.9582	1.629004	0.821359	0.178641	0.6424991
9906	-2631.529	-2737.432	105.9032	1.716113	0.792578	0.207422	0.5334999
9912	-2634.167	-2739.993	105.8253	1.796048	0.879933	0.120067	0.4919766
9918	-2636.212	-2742.186	105.9736	1.588049	0.733444	0.266556	0.6934463
9924	-2626.202	-2732.195	105.9931	1.58094	0.728436	0.271564	0.6701244
9930	-2629.714	-2735.7	105.9861	1.595233	0.762223	0.237777	0.6553055
9936	-2626.319	-2732.279	105.9601	1.621257	0.796922	0.203078	0.6553055
9942	-2616.116	-2722.062	105.9462	1.63905	0.794023	0.205977	0.6469047
9948	-2612.854	-2718.828	105.9742	1.619313	0.794023	0.205977	0.6278506
9954	-2631.711	-2737.532	105.8205	1.795478	0.819794	0.180206	0.4492569
9960	-2637.095	-2742.839	105.7443	1.231581	0.685483	0.314517	1.300902
9966	-2629.893	-2735.799	105.9052	1.26227	0.637036	0.362964	1.13835
9972	-2629.099	-2734.963	105.8631	1.747723	0.74086	0.25914	0.576523
9978	-2624.245	-2730.134	105.8893	1.715415	0.74086	0.25914	0.5973435
9984	-2626.361	-2732.274	105.913	1.698876	0.677413	0.322587	0.5726438
9990	-2630.853	-2736.404	105.5506	1.412815	0.74894	0.25106	1.311012
9996	-2632.889	-2738.396	105.5072	1.200529	0.692116	0.307884	1.509228
10002	-2632.385	-2738.2	105.8148	1.785719	0.746962	0.253038	0.6093969
10008	-2624.967	-2730.909	105.9425	1.583767	0.816363	0.183637	0.7509529
10014	-2624.067	-2730.087	106.0195	1.454254	0.763214	0.236786	0.8230847
10020	-2623.702	-2729.694	105.9918	1.340667	0.802508	0.197492	0.9820252
10026	-2618.893	-2724.814	105.9211	1.450364	0.713762	0.286238	0.9414074
10032	-2622.585	-2728.53	105.9447	1.437094	0.773094	0.226906	0.9302759
10038	-2625.441	-2731.361	105.9196	1.451453	0.726758	0.273242	0.9417855
10044	-2627.299	-2733.14	105.8409	1.544302	0.767844	0.232156	0.9265618
10050	-2628.087	-2734.075	105.9874	1.45495	0.760881	0.239119	0.8616909
10056	-2623.921	-2729.906	105.985	1.480142	0.700171	0.299829	0.8339446
10062	-2623.483	-2729.486	106.0036	1.538333	0.739391	0.260609	0.7268086
10068	-2622.276	-2728.277	106.0011	1.542038	0.773678	0.226322	0.7247875
10074	-2630.529	-2736.453	105.9235	1.643837	0.728555	0.271445	0.6829684
10080	-2626.879	-2732.89	106.0112	1.5579	0.70852	0.29148	0.6797042
10086	-2634.231	-2740.1	105.8687	1.747381	0.681235	0.318765	0.5536891
10092	-2623.079	-2728.854	105.7752	1.845673	0.816421	0.183579	0.48332
10098	-2620.205	-2725.963	105.7577	1.863229	0.792079	0.207921	0.48332
10104	-2620.8	-2726.473	105.6728	1.932981	0.811639	0.188361	0.4166655
10110	-2626.496	-2732.169	105.6732	1.93869	0.760393	0.239607	0.4339488
10116	-2629.706	-2735.528	105.8214	1.799977	0.72211	0.27789	0.4935507
10122	-2630.863	-2736.733	105.8701	1.562785	0.812849	0.187151	0.8728846
10128	-2627.813	-2733.657	105.8441	1.55835	0.775249	0.224751	0.9075891
10134	-2623.315	-2729.305	105.9903	1.584354	0.821599	0.178401	0.668923
10140	-2619.327	-2725.272	105.9445	1.572339	0.812216	0.187784	0.7648106
10146	-2617.941	-2723.806	105.8652	1.723199	0.809706	0.190294	0.639819
10152	-2623.081	-2729.095	106.0145	1.5339	0.81847	0.18153	0.716314
10158	-2613.57	-2719.424	105.8541	1.311793	0.68904	0.31096	1.139757
10164	-2618.254	-2724.112	105.8583	1.311793	0.756994	0.243006	1.136069
10170	-2630.446	-2736.347	105.9005	1.708596	0.728087	0.271913	0.5828181
10176	-2626.197	-2732.136	105.9387	1.660261	0.758817	0.241183	0.6138248
10182	-2624.389	-2730.329	105.9404	1.327373	0.761271	0.238729	1.045814
10188	-2614.276	-2720.269	105.9931	1.393062	0.72302	0.27698	0.9255051
10194	-2618.234	-2724.182	105.948	1.43817	0.783684	0.216316	0.9255051
10200	-2622.77	-2728.756	105.9861	1.453469	0.768108	0.231892	0.8649811
10206	-2619.519	-2725.502	105.9836	1.455999	0.662941	0.337059	0.8649811
10212	-2622.409	-2728.404	105.9944	1.44517	0.821547	0.178453	0.8649811
10218	-2619.869	-2725.702	105.8328	1.461185	0.821547	0.178453	1.020438
10224	-2642.997	-2748.832	105.8349	1.785738	0.723583	0.276417	0.5203406
10230	-2641.868	-2747.729	105.8606	1.47965	0.665178	0.334822	0.9740576
10236	-2628.339	-2734.27	105.9313	1.462876	0.71056	0.28944	0.9167847
10242	-2627.464	-2733.424	105.9604	1.496739	0.809061	0.190939	0.8439083
10248	-2622.445	-2728.402	105.9577	1.566585	0.699847	0.300153	0.7539827
10254	-2636.804	-2742.758	105.9539	1.660859	0.821147	0.178853	0.560357
10260	-2625.869	-2731.544	105.6755	1.93778	0.822839	0.177161	0.4388085
10266	-2624.373	-2730.038	105.6651	1.940998	0.696939	0.303061	0.4173431
10272	-2622.724	-2728.526	105.8018	1.819612	0.823696	0.176304	0.4928074
10278	-2620.583	-2726.422	105.8392	1.77978	0.833242	0.166758	0.4656221
10284	-2622.893	-2728.743	105.8506	1.762129	0.754264	0.245736	0.5692006
10290	-2635.012	-2740.441	105.4294	2.055569	0.812915	0.187085	0.2821273
10296	-2621.213	-2726.63	105.4179	2.067066	0.732829	0.267171	0.2821273
10302	-2623.09	-2728.25	105.1602	2.213319	0.822647	0.177353	0.2252215
10308	-2621.986	-2727.284	105.2979	2.165792	0.64754	0.35246	0.2690513
10314	-2625.069	-2731.038	105.9686	1.52812	0.678838	0.321162	0.7928885
10320	-2622.419	-2728.461	106.0423	1.45678	0.729974	0.270026	0.7897467
10326	-2632.357	-2738.222	105.8645	1.54733	0.905791	0.0942093	0.897066
10332	-2629.844	-2735.844	105.9996	1.422346	0.740059	0.259941	0.8855481
10338	-2633.027	-2738.916	105.8895	1.532484	0.58231	0.41769	0.8855481
10344	-2638.733	-2744.457	105.7239	1.241152	0.74362	0.25638	1.309705
10350	-2648.717	-2754.309	105.5925	1.981428	0.748236	0.251764	0.3612157
10356	-2640.986	-2746.459	105.4736	2.073749	0.687698	0.312302	0.331376
10362	-2642.297	-2747.828	105.5309	2.016442	0.687698	0.312302	0.331376
10368	-2640.003	-2745.608	105.6057	1.98564	0.720786	0.279214	0.3871521
10374	-2624.134	-2729.79	105.6565	1.939977	0.787371	0.212629	0.3963001
10380	-2622.378	-2728.045	105.6674	1.950187	0.820732	0.179268	0.4570009
10386	-2621.955	-2727.751	105.7959	1.824747	0.690269	0.309731	0.5202824
10392	-2624.019	-2729.941	105.9218	1.645925	0.798967	0.201033	0.6822687
10398	-2615.955	-2721.834	105.879	1.736708	0.790431	0.209569	0.5556613
10404	-2616.738	-2722.64	105.9024	1.704026	0.743918	0.256082	0.5917354
10410	-2626.384	-2731.869	105.4854	1.203539	0.797215	0.202785	1.523298
10416	-2623.839	-2729.361	105.5213	1.091191	0.682025	0.317975	1.579683
10422	-2620.379	-2726.328	105.949	1.203851	0.682025	0.317975	1.151387
10428	-2629.674	-2735.481	105.8075	1.163743	0.775412	0.224588	1.304689
10434	-2622.375	-2728.374	105.9989	1.562624	0.740999	0.259001	0.6935811
10440	-2619.817	-2725.746	105.929	1.682558	0.714457	0.285543	0.573682
10446	-2624.881	-2730.645	105.7635	1.857374	0.703115	0.296885	0.482265
10452	-2621.964	-2727.958	105.9947	1.471564	0.732363	0.267637	0.8325572
10458	-2616.68	-2722.719	106.0388	1.403766	0.816997	0.183003	0.8614678
10464	-2627.701	-2733.591	105.8895	1.729381	0.750026	0.249974	0.536854
10470	-2630.661	-2736.562	105.901	1.720144	0.762319	0.237681	0.5138508
10476	-2624.206	-2730.04	105.8339	1.782509	0.725336	0.274664	0.4512614
10482	-2625.872	-2731.727	105.8552	1.765697	0.748934	0.251066	0.5166511
10488	-2620.57	-2726.456	105.886	1.717133	0.788744	0.211256	0.6018587
10494	-2626.071	-2731.91	105.839	1.780239	0.803908	0.196092	0.5340644
10500	-2630.637	-2736.459	105.8218	1.790994	0.677709	0.322291	0.4370901
10506	-2623.496	-2729.451	105.9546	1.639158	0.736293	0.263707	0.6271465
10512	-2620.371	-2726.283	105.9117	1.697765	0.764561	0.235439	0.5817095
10518	-2624.222	-2730.126	105.9039	1.697765	0.766227	0.233773	0.6062387
10524	-2630.123	-2736.029	105.9056	1.71287	0.826523	0.173477	0.540053
10530	-2627.152	-2732.82	105.6686	1.930367	0.74514	0.25486	0.4012728
10536	-2630.161	-2735.922	105.7608	1.859022	0.67817	0.32183	0.4722444
10542	-2630.465	-2736.212	105.7468	1.873115	0.692044	0.307956	0.4722444
10548	-2634.09	-2739.994	105.9035	1.707466	0.770356	0.229644	0.5759017
10554	-2620.609	-2726.601	105.9927	1.451626	0.722379	0.277621	0.8594074
10560	-2622.484	-2728.435	105.9507	1.60853	0.719608	0.280392	0.6977064
10566	-2630.116	-2736.024	105.9078	1.706093	0.774291	0.225709	0.5641645
10572	-2614.366	-2720.307	105.9416	1.555927	0.772421	0.227579	0.7918362
10578	-2615.659	-2721.703	106.0444	1.291883	0.719905	0.280095	0.9780745
10584	-2615.638	-2721.526	105.888	1.221045	0.764696	0.235304	1.189572
10590	-2635.341	-2740.959	105.6181	1.950754	0.741207	0.258793	0.3548117
10596	-2633.467	-2739.236	105.7683	1.849875	0.850036	0.149964	0.4603181
10602	-2630.573	-2736.227	105.6543	1.947445	0.795997	0.204003	0.4071869
10608	-2634.709	-2740.44	105.7318	1.888872	0.707776	0.292224	0.4807769
10614	-2626.878	-2732.031	105.1533	2.252362	0.768715	0.231285	0.2391344
10620	-2630.943	-2736.204	105.2613	2.185315	0.689969	0.310031	0.259494
10626	-2633.491	-2738.745	105.2538	2.206681	0.772824	0.227176	0.2672131
10632	-2627.891	-2733.651	105.7602	1.860599	0.740347	0.259653	0.4821132
10638	-2628.522	-2734.407	105.885	1.73046	0.713399	0.286601	0.5568463
10644	-2626.572	-2731.597	105.0255	2.329282	0.751729	0.248271	0.2177826
10650	-2632.893	-2738.658	105.7654	1.853506	0.824326	0.175674	0.4649938
10656	-2636.149	-2741.956	105.8063	1.793749	0.824326	0.175674	0.6106167
10662	-2632.441	-2738.426	105.9852	1.458657	0.799083	0.200917	0.8599749
10668	-2623.677	-2729.408	105.7311	1.30466	0.758874	0.241126	1.251637
10674	-2624.127	-2729.942	105.8141	1.22169	0.668024	0.331976	1.251637
10680	-2622.354	-2728.102	105.7481	1.281552	0.783423	0.216577	1.256769
10686	-2631.158	-2736.946	105.7885	1.26274	0.705945	0.294055	1.2387
10692	-2623.346	-2729.198	105.8517	1.178422	0.692064	0.307936	1.256382
10698	-2628.8	-2734.666	105.8664	1.257987	0.70821	0.29179	1.176324
10704	-2626.693	-2732.216	105.5236	1.261249	0.804054	0.195946	1.450985
10710	-2639.002	-2744.583	105.5806	1.073538	0.790186	0.209814	1.549093
10716	-2633.963	-2739.714	105.7507	1.185383	0.772388	0.227612	1.332948
10722	-2628.488	-2734.321	105.8328	1.785233	0.760957	0.239043	0.5424253
10728	-2627.672	-2733.414	105.7421	1.878642	0.821992	0.178008	0.518761
10734	-2631.42	-2737.267	105.8477	1.409985	0.737133	0.262867	1.055483
10740	-2631.303	-2737.036	105.7329	1.884456	0.856449	0.143551	0.4561161
10746	-2624.215	-2729.952	105.7368	1.884456	0.769906	0.230094	0.5100488
10752	-2633.708	-2739.687	105.979	1.458359	0.817477	0.182523	0.8675973
10758	-2626.465	-2732.437	105.9718	1.459796	0.677901	0.322099	0.8744023
10764	-2622.412	-2728.448	106.0355	1.349261	0.68017	0.31983	0.9270522
10770	-2620.191	-2726.121	105.9303	1.200466	0.719271	0.280729	1.170744
10776	-2622.117	-2728.092	105.975	1.351992	0.752716	0.247284	0.9875928
10782	-2624.222	-2730.166	105.9442	1.246599	0.753413	0.246587	1.117387
10788	-2623.327	-2729.237	105.9102	1.501662	0.758072	0.241928	0.897091
10794	-2625.185	-2731.249	106.0635	1.434851	0.741957	0.258043	0.7907547
10800	-2638.048	-2744.006	105.958	1.651323	0.682272	0.317728	0.5820052
10806	-2624.189	-2730.19	106.0018	1.561131	0.767013	0.232987	0.6912096
10812	-2632.249	-2737.849	105.5998	1.110297	0.785661	0.214339	1.507496
10818	-2634.819	-2740.383	105.5639	1.06162	0.79218	0.20782	1.570095
10824	-2625.678	-2731.584	105.9055	1.6188	0.808681	0.191319	0.7540011
10830	-2624.832	-2730.802	105.9694	1.6188	0.802821	0.197179	0.6402299
10836	-2626.596	-2732.483	105.8873	1.683457	0.802701	0.197299	0.6766253
10842	-2640.563	-2746.378	105.8152	1.373211	0.620917	0.379083	1.119576
10848	-2630.999	-2736.961	105.9624	1.405137	0.729398	0.270602	0.9455587
10854	-2625.493	-2731.437	105.9442	1.257396	0.787366	0.212634	1.107625
10860	-2621.742	-2727.662	105.9197	1.382737	0.762098	0.237902	1.012091
10866	-2624.029	-2729.988	105.9596	1.382737	0.767783	0.232217	0.9719115
10872	-2618.332	-2724.167	105.8352	1.525273	0.765231	0.234769	0.9530134
10878	-2631.099	-2737.054	105.9547	1.536292	0.794102	0.205898	0.8006161
10884	-2631.122	-2737.019	105.8976	1.606905	0.694166	0.305834	0.7822623
10890	-2633.182	-2738.983	105.8011	1.618419	0.743142	0.256858	0.8883457
10896	-2634.038	-2739.988	105.9502	1.658176	0.799136	0.200864	0.5853843
10902	-2627.539	-2733.421	105.8814	1.739032	0.70496	0.29504	0.5228093
10908	-2624.828	-2730.732	105.9036	1.705359	0.794007	0.205993	0.5834692
10914	-2622.737	-2728.69	105.9532	1.655459	0.735947	0.264053	0.58423
10920	-2624.607	-2730.39	105.7835	1.837988	0.792495	0.207505	0.5002234
10926	-2632.093	-2737.864	105.7713	1.847846	0.722859	0.277141	0.4667647
10932	-2617.228	-2722.906	105.6779	1.920459	0.741931	0.258069	0.4001089
10938	-2622.699	-2728.293	105.5943	1.996193	0.70783	0.29217	0.3856117
10944	-2623.367	-2728.955	105.5877	1.996193	0.714391	0.285609	0.3752171
10950	-2634.322	-2740.328	106.0059	1.295557	0.699587	0.300413	1.013029
10956	-2628.423	-2734.199	105.7766	1.240534	0.863865	0.136135	1.267104
10962	-2629.544	-2735.267	105.7227	1.125541	0.733568	0.266432	1.402187
10968	-2625.658	-2731.309	105.6509	1.197415	0.767797	0.232203	1.402187
10974	-2618.354	-2724.192	105.8378	1.135458	0.767797	0.232203	1.303058
10980	-2621.309	-2727.131	105.8219	1.137652	0.816745	0.183255	1.314115
10986	-2625.395	-2731.199	105.8041	1.281725	0.761655	0.238345	1.209475
10992	-2635.157	-2740.926	105.7692	1.321445	0.744786	0.255214	1.205429
10998	-2633.895	-2739.604	105.7085	1.092458	0.617386	0.382614	1.438666
11004	-2624.768	-2730.032	105.2641	1.053545	0.775927	0.224073	1.789427
11010	-2628.723	-2734.733	106.0097	1.543563	0.743333	0.256667	0.708067
11016	-2631.828	-2737.762	105.9346	1.618713	0.727119	0.272881	0.708067
11022	-2616.425	-2722.046	105.6208	1.19187	0.806678	0.193322	1.429742
11028	-2629.187	-2735.115	105.9285	1.435376	0.85446	0.14554	0.9493851
11034	-2621.461	-2727.366	105.9048	1.679528	0.767886	0.232114	0.6488283
11040	-2616.267	-2722.172	105.9049	1.679717	0.69318	0.30682	0.6483864
11046	-2621.491	-2727.44	105.9491	1.568935	0.711307	0.288693	0.7630665
11052	-2617.97	-2723.953	105.9829	1.522677	0.758635	0.241365	0.7808414
11058	-2626.937	-2732.854	105.9176	1.523059	0.787938	0.212062	0.8637208
11064	-2619.602	-2725.546	105.9435	1.397115	0.799826	0.200174	0.9736967
11070	-2623.997	-2729.914	105.9175	1.412136	0.719054	0.280946	0.9848945
11076	-2625.065	-2730.871	105.8053	1.136483	0.722302	0.277698	1.32837
11082	-2632.498	-2738.387	105.8893	1.00535	0.794368	0.205632	1.365893
11088	-2621.873	-2727.367	105.4941	1.041403	0.724177	0.275823	1.635546
11094	-2620.374	-2725.975	105.6011	1.165337	0.796646	0.203354	1.465043
11100	-2624.201	-2730.017	105.8158	1.302081	0.749336	0.250664	1.181975
11106	-2626.3	-2732.17	105.8691	1.169645	0.818484	0.181516	1.249164
11112	-2619.919	-2725.905	105.9859	1.382871	0.786523	0.213477	0.9441791
11118	-2618.571	-2724.508	105.9368	1.478063	0.852846	0.147154	0.8936123
11124	-2624.53	-2730.131	105.6013	1.133253	0.743632	0.256368	1.489113
11130	-2623.238	-2728.759	105.5215	1.171664	0.700255	0.299745	1.52013
11136	-2617.692	-2723.293	105.601	1.004441	0.713599	0.286401	1.584847
11142	-2619.449	-2725.103	105.6542	0.951172	0.773199	0.226801	1.584847
11148	-2617.191	-2722.66	105.4694	0.9520427	0.773199	0.226801	1.716831
11154	-2628.666	-2734.696	106.03	1.392193	0.739418	0.260582	0.8853294
11160	-2626.675	-2732.461	105.7864	1.063264	0.839088	0.160912	1.401097
11166	-2630.598	-2736.185	105.5868	1.026427	0.737135	0.262865	1.579161
11172	-2618.719	-2724.74	106.0208	1.527318	0.774177	0.225823	0.7166434
11178	-2620.157	-2726.197	106.0405	1.489851	0.820988	0.179012	0.7448851
11184	-2624.689	-2730.666	105.9767	1.490536	0.762244	0.237756	0.8313815
11190	-2633.552	-2739.223	105.6713	1.037492	0.733505	0.266495	1.508435
11196	-2636.22	-2741.429	105.2088	0.9102211	0.681476	0.318524	1.925323
11202	-2625.959	-2731.177	105.2177	0.9647733	0.766851	0.233149	1.882348
11208	-2622.138	-2727.645	105.5063	1.074754	0.718354	0.281646	1.602592
11214	-2629.722	-2735.363	105.6404	1.119469	0.675811	0.324189	1.469996
11220	-2625.501	-2731.371	105.8701	1.298331	0.705552	0.294448	1.13755
11226	-2640.035	-2745.901	105.8661	1.384183	0.822713	0.177287	1.062473
11232	-2624.388	-2730.101	105.7129	1.095169	0.813096	0.186904	1.43322
11238	-2618.137	-2723.784	105.6474	1.202201	0.766479	0.233521	1.401183
11244	-2633.002	-2738.697	105.6951	1.215583	0.780016	0.219984	1.353222
11250	-2628.416	-2734.285	105.8691	1.400297	0.740555	0.259445	1.044256
11256	-2624.426	-2730.219	105.7933	1.31267	0.637799	0.362201	1.192268
11262	-2625.605	-2731.444	105.8387	1.381107	0.745321	0.254679	1.090902
11268	-2636.144	-2741.938	105.7936	1.456731	0.78183	0.21817	1.062459
11274	-2631.907	-2737.454	105.5471	1.147721	0.674602	0.325398	1.518892
11280	-2622.201	-2727.945	105.7437	1.134161	0.778598	0.221402	1.379111
11286	-2615.495	-2721.414	105.9186	1.326635	0.795847	0.204153	1.067193
11292	-2617.511	-2723.386	105.8744	1.255174	0.722465	0.277535	1.171747
11298	-2625.24	-2731.161	105.9208	1.281159	0.700069	0.299931	1.107306
11304	-2624.765	-2730.841	106.0759	1.414776	0.743768	0.256232	0.8010539
11310	-2624.473	-2730.536	106.0633	1.264184	0.705733	0.294267	0.9870727
11316	-2626.575	-2732.518	105.943	1.2992	0.788574	0.211426	1.070099
11322	-2628.867	-2734.733	105.8661	1.365404	0.799881	0.200119	1.080091
11328	-2619.569	-2725.447	105.8782	1.42683	0.792461	0.207539	1.009557
11334	-2617.993	-2723.951	105.9574	1.557085	0.778434	0.221566	0.7682482
11340	-2622.496	-2728.386	105.8906	1.571202	0.819671	0.180329	0.8381184
11346	-2624.771	-2730.781	106.01	1.497627	0.867724	0.132276	0.7779396
11352	-2621.528	-2727.52	105.9914	1.402635	0.718261	0.281739	0.916915
11358	-2622.322	-2728.311	105.9886	1.471015	0.833415	0.166585	0.8408351
11364	-2624.046	-2730.002	105.9559	1.314798	0.81549	0.18451	1.043053
11370	-2622.466	-2728.354	105.8887	1.391131	0.688627	0.311373	1.034177
11376	-2630.719	-2736.71	105.9905	1.375462	0.688627	0.311373	0.9472458
11382	-2630.489	-2736.349	105.8608	1.759027	0.657551	0.342449	0.5294189
11388	-2621.488	-2727.366	105.8776	1.728727	0.704356	0.295644	0.5920919
11394	-2619.924	-2725.762	105.8384	1.778097	0.73406	0.26594	0.5514349
11400	-2624.77	-2730.646	105.8755	1.734931	0.73406	0.26594	0.5778881
11406	-2627.644	-2733.546	105.9013	1.618853	0.709753	0.290247	0.7600101
11412	-2625.747	-2731.784	106.0366	1.50084	0.709753	0.290247	0.7339034
11418	-2629.95	-2735.988	106.0377	1.340214	0.709753	0.290247	0.9344198
11424	-2621.101	-2727.12	106.0191	1.253991	0.685625	0.314375	1.040735
11430	-2640.127	-2746.152	106.0245	1.328003	0.758235	0.241765	0.9613455
11436	-2638.239	-2744.206	105.967	1.433528	0.758766	0.241234	0.9097165
11442	-2631.978	-2737.997	106.0196	1.466642	0.6675	0.3325	0.8069344
11448	-2628.171	-2734.124	105.9535	1.450122	0.675684	0.324316	0.9063353
11454	-2630.475	-2736.513	106.0387	1.452229	0.659958	0.340042	0.8007852
11460	-2627.527	-2733.48	105.953	1.586529	0.758304	0.241696	0.7305966
11466	-2619.93	-2725.885	105.955	1.62111	0.660211	0.339789	0.6661044
11472	-2624.505	-2730.357	105.852	1.717851	0.792724	0.207276	0.678218
11478	-2624.531	-2730.385	105.8534	1.631772	0.785205	0.214795	0.8083749
11484	-2625.655	-2731.725	106.0698	1.409535	0.749606	0.250394	0.8159705
11490	-2629.002	-2734.891	105.8887	1.381377	0.764993	0.235007	1.043658
11496	-2634.347	-2740.17	105.8224	1.221718	0.768203	0.231797	1.24473
11502	-2628.153	-2734.092	105.9385	1.6156	0.722935	0.277065	0.7065869
11508	-2628.172	-2734.124	105.9518	1.591873	0.78542	0.21458	0.7239716
11514	-2625.957	-2731.879	105.9226	1.400759	0.789783	0.210217	0.9912709
11520	-2634.275	-2740.294	106.0182	1.50652	0.864878	0.135122	0.7532887
11526	-2626.784	-2732.675	105.8904	1.617793	0.808155	0.191845	0.777173
11532	-2627.752	-2733.707	105.9555	1.563512	0.723744	0.276256	0.7616698
11538	-2624.557	-2730.342	105.7851	1.836144	0.781284	0.218716	0.4888167
11544	-2619.639	-2725.579	105.9408	1.674206	0.721801	0.278199	0.5589259
11550	-2627.276	-2733.228	105.9521	1.619281	0.756337	0.243663	0.6753335
11556	-2628.854	-2734.761	105.9071	1.585347	0.739088	0.260912	0.7986394
11562	-2620.973	-2726.87	105.897	1.67463	0.821273	0.178727	0.6748461
11568	-2621.499	-2727.43	105.9308	1.64028	0.76025	0.23975	0.6758586
11574	-2618.173	-2724.033	105.8601	1.552718	0.739299	0.260701	0.8959547
11580	-2623.439	-2729.427	105.9879	1.488041	0.754822	0.245178	0.8202886
11586	-2631.172	-2737.11	105.9386	1.496995	0.851838	0.148162	0.8697299
11592	-2623.424	-2729.339	105.9152	1.572979	0.731641	0.268359	0.8043087
11598	-2624.898	-2730.847	105.9498	1.527289	0.721636	0.278364	0.8187865
11604	-2624.372	-2730.334	105.9623	1.548259	0.721636	0.278364	0.7738051
11610	-2620.722	-2726.587	105.865	1.481372	0.686737	0.313263	0.9677075
11616	-2617.344	-2723.287	105.9424	1.549049	0.873382	0.126618	0.8000996
11622	-2620.466	-2726.34	105.8743	1.390228	0.789829	0.210171	1.048977
11628	-2620.71	-2726.764	106.0541	1.28218	0.700683	0.299317	0.9780606
11634	-2622.936	-2728.968	106.0315	1.4993	0.763905	0.236095	0.7442023
11640	-2617.538	-2723.467	105.9296	1.643393	0.745334	0.254666	0.6722289
11646	-2612.274	-2718.231	105.9573	1.644648	0.733832	0.266168	0.6053743
11652	-2619.683	-2725.624	105.9414	1.561537	0.771904	0.228096	0.7844612
11658	-2628.84	-2734.945	106.105	1.350082	0.790058	0.209942	0.8463386
11664	-2630.943	-2736.87	105.9273	1.315477	0.83035	0.16965	1.069535
11670	-2633.885	-2739.862	105.9777	1.315477	0.79771	0.20229	1.021262
11676	-2637.062	-2743.097	106.035	1.398318	0.770229	0.229771	0.8723993
11682	-2635.008	-2740.992	105.9836	1.572767	0.799227	0.200773	0.7026607
11688	-2628.628	-2734.549	105.9207	1.47619	0.799326	0.200674	0.9138361
11694	-2636.641	-2742.602	105.9607	1.602439	0.734029	0.265971	0.6907826
11700	-2626.044	-2731.988	105.9433	1.520621	0.624264	0.375736	0.8354398
11706	-2636.121	-2742.116	105.9948	1.457885	0.633363	0.366637	0.8493341
11712	-2630.403	-2736.337	105.9336	1.519019	0.638475	0.361525	0.8493341
11718	-2628.054	-2734.099	106.0446	1.442962	0.746432	0.253568	0.8051879
11724	-2628.198	-2734.205	106.0065	1.453083	0.659034	0.340966	0.8407964
11730	-2637.74	-2743.666	105.9262	1.604704	0.800178	0.199822	0.7440299
11736	-2647.824	-2753.852	106.0287	1.433685	0.808738	0.191262	0.8373551
11742	-2629.118	-2734.918	105.7994	1.404259	0.735411	0.264589	1.105712
11748	-2630.326	-2736.283	105.957	1.217941	0.793192	0.206808	1.131697
11754	-2625.796	-2731.823	106.0275	1.345092	0.827776	0.172224	0.9401952
11760	-2629.413	-2735.231	105.8173	1.344251	0.787566	0.212434	1.143633
11766	-2631.498	-2737.407	105.909	1.347716	0.798905	0.201095	1.056357
11772	-2624.472	-2729.576	105.1044	1.017809	0.759563	0.240437	1.923198
11778	-2625.28	-2731.192	105.9126	1.284244	0.793374	0.206626	1.11198
11784	-2627.895	-2733.933	106.0373	1.419822	0.690867	0.309133	0.8438424
11790	-2637.103	-2742.46	105.3572	0.9960754	0.677888	0.322112	1.764644
11796	-2640.001	-2745.187	105.1862	1.072847	0.776914	0.223086	1.82993
11802	-2636.431	-2741.977	105.5458	1.141219	0.744968	0.255032	1.524714
11808	-2627.169	-2732.852	105.6824	1.14121	0.812668	0.187332	1.421256
11814	-2625.706	-2731.18	105.4737	1.237811	0.774442	0.225558	1.506457
11820	-2624.132	-2730.058	105.9261	1.367667	0.787133	0.212867	1.020665
11826	-2623.755	-2729.719	105.9637	1.447821	0.717044	0.282956	0.897427
11832	-2625.607	-2731.576	105.9694	1.3313	0.796202	0.203798	1.013798
11838	-2622.203	-2728.282	106.0793	1.433835	0.80993	0.19007	0.7701232
11844	-2622.024	-2727.781	105.7568	1.516918	0.720393	0.279607	1.040099
11850	-2616.079	-2721.909	105.8304	1.790766	0.802897	0.197103	0.4886807
11856	-2620.118	-2725.971	105.8538	1.747282	0.709962	0.290038	0.6079241
11862	-2620.067	-2725.921	105.8541	1.762149	0.696364	0.303636	0.5528671
11868	-2619.851	-2725.347	105.4964	2.037867	0.696364	0.303636	0.3192245
11874	-2640.203	-2745.953	105.7505	1.087443	0.810099	0.189901	1.410196
11880	-2627.324	-2732.852	105.528	1.995911	0.751593	0.248407	0.3103988
11886	-2632.801	-2738.211	105.4104	2.113397	0.758711	0.241289	0.3102855
11892	-2624.396	-2730.102	105.7061	1.912972	0.758711	0.241289	0.4659404
11898	-2625.419	-2731.076	105.6564	1.952126	0.721348	0.278652	0.423763
11904	-2622.27	-2727.943	105.6731	1.927247	0.721348	0.278652	0.4041721
11910	-2621.031	-2726.832	105.8015	1.816722	0.720773	0.279227	0.4605971
11916	-2625.76	-2731.621	105.8607	1.747849	0.847145	0.152855	0.5846652
11922	-2626.168	-2732.054	105.886	1.305406	0.710718	0.289282	1.116876
11928	-2620.043	-2725.915	105.8719	1.220183	0.723441	0.276559	1.204129
11934	-2626.133	-2732.032	105.8986	1.71283	0.651253	0.348747	0.5742532
11940	-2624.723	-2730.562	105.839	1.254182	0.853312	0.146688	1.203224
11946	-2624.602	-2730.59	105.9879	1.454847	0.871701	0.128299	0.8612397
11952	-2623.244	-2729.254	106.0096	1.587549	0.797904	0.202096	0.6185816
11958	-2623.943	-2729.936	105.9933	1.57266	0.734526	0.265474	0.6855872
11964	-2621.761	-2727.701	105.94	1.534575	0.822223	0.177777	0.822034
11970	-2625.359	-2731.312	105.9533	1.647441	0.777117	0.222883	0.6087222
11976	-2629.361	-2735.257	105.896	1.617097	0.779037	0.220963	0.7701584
11982	-2627.688	-2733.321	105.633	1.966385	0.757781	0.242219	0.4022313
11988	-2630.83	-2736.595	105.7647	1.856184	0.757781	0.242219	0.4835216
11994	-2626.388	-2732.263	105.8752	1.540839	0.83965	0.16035	0.8922849
12000	-2633.959	-2739.971	106.012	1.497634	0.670034	0.329966	0.7751738
12006	-2631.883	-2737.754	105.8709	1.56341	0.784252	0.215748	0.8712185
12012	-2627.452	-2733.121	105.6688	1.943501	0.662676	0.337324	0.4353948
12018	-2627.096	-2732.774	105.6776	1.929983	0.779554	0.220446	0.4212868
12024	-2626.972	-2732.628	105.6557	1.931686	0.803646	0.196354	0.380624
12030	-2622.062	-2727.908	105.846	1.77291	0.696188	0.303812	0.465146
12036	-2622.027	-2727.804	105.7778	1.837417	0.665664	0.334336	0.4463435
12042	-2617.213	-2722.914	105.701	1.200534	0.727974	0.272026	1.360453
12048	-2621.241	-2726.926	105.6842	1.086788	0.733696	0.266304	1.461577
12054	-2621.964	-2727.668	105.7039	1.911332	0.659386	0.340614	0.4460541
12060	-2622.193	-2727.836	105.6432	1.934596	0.68701	0.31299	0.3663781
12066	-2629.875	-2735.497	105.6219	1.937607	0.855153	0.144847	0.3439718
12072	-2635.783	-2741.615	105.8313	1.107699	0.816661	0.183339	1.330661
12078	-2634.972	-2740.624	105.6517	1.159804	0.766104	0.233896	1.430611
12084	-2628.123	-2733.758	105.6349	1.938406	0.78192	0.21808	0.3604855
12090	-2626.338	-2732.273	105.9356	1.684836	0.770908	0.229092	0.4779919
12096	-2618.093	-2724.01	105.917	1.695912	0.788662	0.211338	0.5681536
12102	-2629.412	-2734.915	105.503	1.076494	0.792439	0.207561	1.603754
12108	-2620.783	-2726.393	105.6102	1.134869	0.831428	0.168572	1.481172
12114	-2624.572	-2730.435	105.8632	1.742213	0.748953	0.251047	0.5950205
12120	-2624.245	-2730.122	105.8774	1.732491	0.6748	0.3252	0.5801633
12126	-2620.849	-2726.689	105.84	1.78081	0.833952	0.166048	0.5183493
12132	-2621.336	-2727.177	105.8406	1.78081	0.707278	0.292722	0.5071158
12138	-2629.272	-2735.165	105.8929	1.703339	0.776488	0.223512	0.6209626
12144	-2626.025	-2731.812	105.7872	1.832587	0.767349	0.232651	0.5294351
12150	-2631.216	-2737.173	105.9573	1.645746	0.753806	0.246194	0.6021337
12156	-2628.597	-2734.498	105.9009	1.655412	0.623289	0.376711	0.7027587
12162	-2624.611	-2730.522	105.9111	1.645242	0.799398	0.200602	0.7027587
12168	-2623.048	-2728.937	105.8882	1.697048	0.771907	0.228093	0.6469624
12174	-2624.433	-2730.443	106.0103	1.574924	0.789342	0.210658	0.6469624
12180	-2618.986	-2724.957	105.9708	1.565591	0.79406	0.20594	0.7354946
12186	-2626.164	-2732.119	105.9554	1.449065	0.647457	0.352543	0.9054066
12192	-2626.956	-2732.78	105.8241	1.440089	0.760785	0.239215	1.049232
12198	-2617.405	-2723.448	106.0433	1.386961	0.748342	0.251658	0.875936
12204	-2625.3	-2731.27	105.9699	1.488887	0.791219	0.208781	0.8417864
12210	-2618.805	-2724.717	105.9128	1.427694	0.844067	0.155933	0.9737933
12216	-2627.93	-2733.864	105.9347	1.624953	0.799756	0.200244	0.6969563
12222	-2623.204	-2729.197	105.9926	1.504056	0.777548	0.222452	0.7930018
12228	-2628.185	-2734.176	105.9908	1.599052	0.713474	0.286526	0.6364662
12234	-2628.108	-2734.05	105.9423	1.472522	0.842556	0.157444	0.8936619
12240	-2632.905	-2738.977	106.0714	1.446111	0.806424	0.193576	0.7639463
12246	-2622.278	-2728.265	105.9866	1.573755	0.725845	0.274155	0.6958117
12252	-2628.825	-2734.585	105.7595	1.861942	0.816587	0.183413	0.4987298
12258	-2630.833	-2736.464	105.6304	1.972737	0.744657	0.255343	0.4102118
12264	-2631.503	-2737.236	105.7324	1.870309	0.69878	0.30122	0.40925
12270	-2633.668	-2739.566	105.8981	1.341278	0.786601	0.213399	1.072764
12276	-2636.787	-2742.706	105.919	1.512325	0.687638	0.312362	0.8746684
12282	-2633.294	-2739.206	105.9119	1.56163	0.687638	0.312362	0.8234235
12288	-2620.722	-2726.67	105.9482	1.57452	0.734153	0.265847	0.7562212
12294	-2623.402	-2729.419	106.0166	1.522105	0.73719	0.26281	0.7319725
12300	-2629.979	-2735.961	105.9822	1.403105	0.810871	0.189129	0.9264711
12306	-2622.919	-2728.813	105.8942	1.297255	0.781183	0.218817	1.116804
12312	-2617.927	-2723.846	105.9191	1.281947	0.7591	0.2409	1.108104
12318	-2617.728	-2723.153	105.4244	1.145438	0.704358	0.295642	1.610751
12324	-2627.914	-2733.387	105.4727	1.097111	0.749514	0.250486	1.610751
12330	-2631.738	-2737.203	105.4654	1.193291	0.788826	0.211174	1.545694
12336	-2628.129	-2733.967	105.8377	1.24592	0.697468	0.302532	1.211396
12342	-2629.145	-2735.097	105.9517	1.208154	0.808434	0.191566	1.145141
12348	-2623.039	-2728.805	105.7658	1.208154	0.749429	0.250571	1.302463
12354	-2630.629	-2736.175	105.5458	1.065736	0.755198	0.244802	1.580395
12360	-2634.763	-2740.09	105.3265	2.183987	0.679445	0.320555	0.299888
12366	-2629.87	-2735.111	105.2409	2.183987	0.832265	0.167735	0.2482805
12372	-2618.238	-2724.19	105.952	1.209798	0.725281	0.274719	1.143382
12378	-2628.379	-2734.362	105.9825	1.282811	0.726667	0.273333	1.048148
12384	-2619.747	-2725.684	105.9373	1.646584	0.858968	0.141032	0.6498703
12390	-2635.11	-2740.973	105.8637	1.366224	0.785164	0.214836	1.081515
12396	-2625.145	-2731.105	105.9598	1.191361	0.694303	0.305697	1.152861
12402	-2630.975	-2736.896	105.9208	1.113043	0.765932	0.234068	1.253292
12408	-2624.573	-2730.281	105.7077	1.149507	0.779791	0.220209	1.39527
12414	-2628.081	-2733.837	105.756	1.149507	0.791048	0.208952	1.357312
12420	-2624.369	-2730.332	105.963	1.145009	0.741882	0.258118	1.190493
12426	-2618.737	-2724.674	105.937	1.262634	0.777157	0.222843	1.109436
12432	-2634.972	-2741.022	106.0498	1.487156	0.798909	0.201091	0.7346033
12438	-2631.063	-2736.988	105.925	1.658745	0.745013	0.254987	0.6501756
12444	-2621.503	-2727.475	105.9722	1.640639	0.66568	0.33432	0.5686058
12450	-2631.546	-2737.477	105.9309	1.644035	0.703154	0.296846	0.6684721
12456	-2621.976	-2727.947	105.971	1.53067	0.698481	0.301519	0.786189
12462	-2630.454	-2736.442	105.9881	1.479574	0.747513	0.252487	0.8308136
12468	-2626.506	-2732.435	105.9288	1.582908	0.701281	0.298719	0.7721994
12474	-2626.687	-2732.574	105.8863	1.584323	0.705788	0.294212	0.8270932
12480	-2619.22	-2725.165	105.9451	1.519997	0.746071	0.253929	0.8339758
12486	-2624.812	-2730.749	105.9363	1.38606	0.727372	0.272628	0.9922083
12492	-2624.308	-2730.193	105.8849	1.146051	0.845421	0.154579	1.255705
12498	-2621.305	-2727.267	105.962	1.211242	0.825617	0.174383	1.133216
12504	-2620.394	-2725.907	105.5128	0.9792105	0.743933	0.256067	1.66675
12510	-2616.671	-2722.275	105.6039	1.164046	0.739763	0.260237	1.463856
12516	-2615.169	-2721.13	105.9609	1.296781	0.775595	0.224405	1.055427
12522	-2623.906	-2729.58	105.6738	1.224412	0.744105	0.255895	1.363069
12528	-2631.337	-2737.252	105.9154	1.284849	0.741502	0.258498	1.108881
12534	-2638.471	-2744.238	105.7674	1.854102	0.773579	0.226421	0.4984167
12540	-2629.272	-2734.85	105.5781	2.014332	0.753479	0.246521	0.3889533
12546	-2630.155	-2735.755	105.6002	1.98921	0.64579	0.35421	0.3838566
12552	-2622.655	-2728.337	105.6821	1.906222	0.723085	0.276915	0.3820167
12558	-2616.196	-2722.061	105.8647	1.754083	0.728463	0.271537	0.5378841
12564	-2622.477	-2728.412	105.935	1.668485	0.686718	0.313282	0.601006
12570	-2624.41	-2730.318	105.9081	1.613694	0.761978	0.238022	0.7576847
12576	-2622.89	-2728.898	106.0078	1.593965	0.75883	0.24117	0.6060094
12582	-2626.013	-2731.535	105.5223	1.178025	0.710312	0.289688	1.514746
12588	-2617.577	-2723.432	105.8553	1.154747	0.816293	0.183707	1.272964
12594	-2628.282	-2734.107	105.8244	1.796485	0.766639	0.233361	0.4837437
12600	-2623.076	-2728.679	105.603	1.971225	0.788834	0.211166	0.3616565
12606	-2622.244	-2728.121	105.877	1.74446	0.779562	0.220438	0.4961341
12612	-2630.695	-2736.582	105.8877	1.220907	0.734304	0.265696	1.189971
12618	-2630.163	-2735.913	105.7491	1.139547	0.708439	0.291561	1.370623
12624	-2619.653	-2725.4	105.7466	1.139547	0.685169	0.314831	1.372567
12630	-2618.521	-2723.572	105.0506	0.9581721	0.708655	0.291345	1.999336
12636	-2616.316	-2721.804	105.4878	0.9962242	0.729488	0.270512	1.672473
12642	-2620.86	-2726.273	105.4131	1.070834	0.762976	0.237024	1.672473
12648	-2625.777	-2731.284	105.5068	1.054575	0.770708	0.229292	1.616852
12654	-2637.065	-2742.246	105.1811	1.037613	0.770995	0.229005	1.857618
12660	-2636.629	-2742.681	106.0518	1.294067	0.697927	0.302073	0.9682178
12666	-2626.215	-2732.128	105.913	1.436938	0.72659	0.27341	0.9639748
12672	-2619.165	-2725.178	106.0138	1.416036	0.733643	0.266357	0.8765103
12678	-2626.04	-2732.046	106.0063	1.562824	0.795674	0.204326	0.6795975
12684	-2628.008	-2733.974	105.9665	1.624343	0.798917	0.201083	0.6341394
12690	-2636.125	-2741.981	105.8566	1.746631	0.747703	0.252297	0.6017198
12696	-2621.429	-2727.381	105.9516	1.661882	0.73048	0.26952	0.5659807
12702	-2621.165	-2727.167	106.0023	1.611114	0.67528	0.32472	0.5659807
12708	-2632.092	-2737.927	105.8349	1.784694	0.767775	0.232225	0.5311011
12714	-2636.757	-2742.619	105.8617	1.738237	0.810783	0.189217	0.6110133
12720	-2636.462	-2742.334	105.8726	1.742461	0.707835	0.292165	0.5588564
12726	-2630.521	-2736.428	105.907	1.62799	0.684285	0.315715	0.7377707
12732	-2632.367	-2738.264	105.8968	1.720585	0.788399	0.211601	0.5466496
12738	-2640.924	-2746.931	106.0064	1.582404	0.815792	0.184208	0.6389979
12744	-2626.414	-2732.46	106.046	1.401535	0.752657	0.247343	0.8555246
12750	-2626.985	-2733.049	106.0631	1.389994	0.833792	0.166208	0.8487464
12756	-2620.554	-2726.54	105.9855	1.5337	0.785386	0.214614	0.7614477
12762	-2626.916	-2732.937	106.021	1.389464	0.729824	0.270176	0.8986575
12768	-2620.42	-2726.428	106.0082	1.443648	0.826547	0.173453	0.8503189
12774	-2625.606	-2731.67	106.0635	1.396303	0.755437	0.244563	0.8405157
12780	-2626.446	-2732.423	105.9769	1.329271	0.740567	0.259433	1.008386
12786	-2623.977	-2729.889	105.911	1.395182	0.755664	0.244336	1.008386
12792	-2624.345	-2730.275	105.9302	1.306207	0.816321	0.183679	1.075535
12798	-2622.931	-2728.895	105.9643	1.500663	0.865779	0.134221	0.8341713
12804	-2627.962	-2733.93	105.9681	1.434314	0.748118	0.251882	0.907633
12810	-2639.978	-2745.643	105.6641	1.365925	0.702588	0.297412	1.256412
12816	-2626.807	-2732.761	105.9538	1.33785	0.770261	0.229739	1.02273
12822	-2626.644	-2732.648	106.0038	1.349165	0.752729	0.247271	0.9608538
12828	-2631.176	-2737.14	105.9642	1.367514	0.804155	0.195845	0.9827819
12834	-2628.387	-2734.195	105.8082	1.286392	0.66388	0.33612	1.20204
12840	-2631.712	-2737.566	105.8538	1.240731	0.758026	0.241974	1.20204
12846	-2623.257	-2728.787	105.5292	1.183537	0.762067	0.237933	1.505527
12852	-2631.309	-2736.771	105.4619	1.250782	0.825411	0.174589	1.505527
12858	-2627.519	-2733.157	105.638	1.167294	0.689567	0.310433	1.435351
12864	-2620.615	-2726.059	105.4446	1.139512	0.81004	0.18996	1.600345
12870	-2628.181	-2733.791	105.6105	1.278976	0.81004	0.18996	1.369991
12876	-2625.028	-2731.098	106.0696	1.292852	0.743633	0.256367	0.9508815
12882	-2622.574	-2728.548	105.9737	1.473856	0.84971	0.15029	0.8555074
12888	-2632.898	-2738.849	105.9509	1.469844	0.830877	0.169123	0.8870034
12894	-2628.727	-2734.73	106.002	1.418674	0.796131	0.203869	0.8870034
12900	-2627.958	-2733.861	105.9027	1.423356	0.705729	0.294271	0.9885025
12906	-2628.221	-2734.204	105.9825	1.556105	0.870288	0.129712	0.7321239
12912	-2639.747	-2745.564	105.8171	1.388511	0.80765	0.19235	1.103962
12918	-2639.827	-2745.668	105.8412	1.386614	0.803925	0.196075	1.083527
12924	-2628.978	-2734.874	105.8963	1.333869	0.803925	0.196075	1.081341
12930	-2628.438	-2734.095	105.6564	1.299087	0.684049	0.315951	1.31738
12936	-2632.558	-2738.26	105.7023	1.309416	0.843726	0.156274	1.271547
12942	-2631	-2736.906	105.9063	1.246059	0.843726	0.156274	1.151769
12948	-2628.184	-2734.12	105.9359	1.216498	0.772814	0.227186	1.151769
12954	-2625.246	-2731.208	105.962	1.375736	0.744956	0.255044	0.9766519
12960	-2631.2	-2737.191	105.9907	1.269525	0.760274	0.239726	1.052989
12966	-2631.807	-2737.819	106.0116	1.258747	0.660055	0.339945	1.043353
12972	-2618.591	-2724.501	105.9094	1.240199	0.744314	0.255686	1.154258
12978	-2620.936	-2726.739	105.8034	1.199814	0.783261	0.216739	1.278589
12984	-2627.048	-2732.916	105.8673	1.298744	0.864245	0.135755	1.139621
12990	-2626.891	-2732.781	105.8898	1.413712	0.791409	0.208591	1.011045
12996	-2632.865	-2738.821	105.9562	1.438804	0.749302	0.250698	0.9158292
13002	-2639.007	-2744.808	105.8012	1.480001	0.740175	0.259825	1.032857
13008	-2634.079	-2740.083	106.0042	1.507628	0.744033	0.255967	0.7720574
13014	-2626.599	-2732.353	105.7544	1.099724	0.683581	0.316419	1.397617
13020	-2629.607	-2735.366	105.7592	1.222312	0.663879	0.336121	1.296347
13026	-2624.959	-2730.817	105.8574	1.222312	0.813485	0.186515	1.214662
13032	-2631.112	-2736.926	105.8144	1.25222	0.748921	0.251079	1.225779
13038	-2624.829	-2730.547	105.7183	1.249097	0.682612	0.317388	1.307758
13044	-2617.725	-2723.643	105.9183	1.268974	0.666964	0.333036	1.120594
13050	-2620.732	-2726.771	106.0387	1.355745	0.796059	0.203941	0.9164796
13056	-2630.373	-2736.21	105.8373	1.32436	0.777878	0.222122	1.143523
13062	-2630.468	-2736.342	105.8745	1.287156	0.834834	0.165166	1.143523
13068	-2628.538	-2734.297	105.7585	1.392801	0.69245	0.30755	1.152719
13074	-2623.282	-2729.19	105.9073	1.603072	0.7223	0.2777	0.7741333
13080	-2624.864	-2730.865	106.0014	1.500128	0.733952	0.266048	0.7863846
13086	-2636.027	-2741.904	105.8769	1.436384	0.809886	0.190114	1.001374
13092	-2627.101	-2733.092	105.9908	1.462541	0.716783	0.283217	0.8484347
13098	-2623.405	-2729.41	106.0055	1.447863	0.764498	0.235502	0.8484347
13104	-2624.672	-2730.702	106.0294	1.499535	0.750349	0.249651	0.7469632
13110	-2621.716	-2727.728	106.012	1.4746	0.74838	0.25162	0.8064778
13116	-2622.549	-2728.604	106.0545	1.468968	0.74838	0.25162	0.7551213
13122	-2626.192	-2732.166	105.9742	1.572104	0.74838	0.25162	0.7197541
13128	-2625.164	-2731.2	106.0362	1.3389	0.707824	0.292176	0.9374934
13134	-2623.776	-2729.842	106.0668	1.356552	0.734118	0.265882	0.8839772
13140	-2629.093	-2735.149	106.0562	1.390434	0.7877	0.2123	0.856634
13146	-2636.074	-2742.02	105.9463	1.569721	0.860675	0.139325	0.7660323
13152	-2626.921	-2732.904	105.9829	1.342966	0.739375	0.260625	0.9886618
13158	-2631.035	-2737.025	105.9903	1.386827	0.820102	0.179898	0.9353282
13164	-2629.695	-2735.59	105.8941	1.305507	0.723157	0.276843	1.109403
13170	-2629.772	-2735.743	105.9707	1.423579	0.793732	0.206268	0.9166561
13176	-2624.235	-2730.036	105.8012	1.240422	0.7584	0.2416	1.246816
13182	-2630.583	-2736.282	105.699	1.185453	0.7584	0.2416	1.373904
13188	-2632.475	-2738.091	105.6159	1.162101	0.749304	0.250696	1.456257
13194	-2625.6	-2731.437	105.8367	1.29069	0.799296	0.200704	1.173682
13200	-2622.801	-2728.657	105.8558	1.319064	0.729117	0.270883	1.131799
13206	-2618.67	-2724.461	105.7914	1.222709	0.746411	0.253589	1.26963
13212	-2633.404	-2739.313	105.9096	1.279355	0.718387	0.281613	1.119119
13218	-2621.734	-2727.648	105.914	1.310487	0.723026	0.276974	1.086595
13224	-2624.193	-2730.053	105.8598	1.310487	0.666728	0.333272	1.135897
13230	-2629.941	-2735.467	105.5256	1.141765	0.769834	0.230166	1.539303
13236	-2628.093	-2733.975	105.8812	1.259691	0.72956	0.27044	1.161849
13242	-2625.79	-2731.407	105.617	1.214055	0.725426	0.274574	1.415511
13248	-2630.91	-2736.672	105.7617	1.204907	0.781609	0.218391	1.308407
13254	-2626.252	-2731.817	105.5648	1.164895	0.781609	0.218391	1.492751
13260	-2621.617	-2727.248	105.6304	1.175247	0.73878	0.26122	1.435133
13266	-2635.835	-2741.283	105.4475	1.067606	0.720602	0.279398	1.650177
13272	-2628.567	-2734.385	105.8188	1.203752	0.740453	0.259547	1.26267
13278	-2630.368	-2736.069	105.7013	1.321241	0.65856	0.34144	1.26267
13284	-2628.952	-2734.802	105.8499	1.304404	0.715142	0.284858	1.150089
13290	-2623.998	-2729.762	105.7645	1.345784	0.837037	0.162963	1.18851
13296	-2620.436	-2726.355	105.919	1.359532	0.836675	0.163325	1.035475
13302	-2623.203	-2728.752	105.5496	1.057874	0.786201	0.213799	1.583337
13308	-2630.877	-2736.268	105.3905	1.091473	0.78098	0.21902	1.67388
13314	-2623.375	-2729.385	106.01	1.534543	0.729126	0.270874	0.7225923
13320	-2622.873	-2728.832	105.9593	1.450191	0.728055	0.271945	0.8997127
13326	-2622.839	-2728.873	106.0343	1.344661	0.792168	0.207832	0.9333152
13332	-2638.289	-2744.252	105.9626	1.24314	0.799618	0.200382	1.103829
13338	-2629.301	-2734.972	105.6718	1.277925	0.714407	0.285593	1.322037
13344	-2626.467	-2732.35	105.8836	1.36203	0.767787	0.232213	1.066802
13350	-2625.098	-2731.034	105.936	1.618021	0.747315	0.252685	0.7067158
13356	-2619.354	-2725.327	105.9736	1.58045	0.778276	0.221724	0.7067158
13362	-2625.691	-2731.628	105.9374	1.584013	0.668954	0.331046	0.7581748
13368	-2621.678	-2727.593	105.9152	1.538319	0.765252	0.234748	0.848269
13374	-2625.404	-2731.473	106.0688	1.511258	0.742094	0.257906	0.6580506
13380	-2628.16	-2734.046	105.8857	1.643934	0.769147	0.230853	0.74593
13386	-2625.307	-2731.255	105.9474	1.663185	0.651351	0.348649	0.5775197
13392	-2621.542	-2727.606	106.0636	1.405578	0.706456	0.293544	0.8288401
13398	-2620.656	-2726.755	106.0988	1.448863	0.708793	0.291207	0.7174736
13404	-2628.989	-2735.006	106.017	1.523569	0.651901	0.348099	0.7289527
13410	-2627.531	-2733.318	105.7862	1.835232	0.706681	0.293319	0.5006374
13416	-2622.706	-2728.522	105.8155	1.804421	0.650469	0.349531	0.5288094
13422	-2626.314	-2732.118	105.8034	1.818038	0.762732	0.237268	0.5031698
13428	-2621.349	-2727.012	105.6625	1.925818	0.762732	0.237268	0.3820855
13434	-2621.274	-2726.787	105.5129	2.009483	0.744034	0.255966	0.3091336
13440	-2623.724	-2728.989	105.2649	2.195232	0.799503	0.200497	0.267011
13446	-2625.636	-2730.986	105.3501	2.195232	0.688278	0.311722	0.3293581
13452	-2623.194	-2728.499	105.3056	2.150779	0.82746	0.17254	0.2648584
13458	-2621.899	-2727.128	105.2295	2.199792	0.775085	0.224915	0.2505016
13464	-2613.351	-2718.417	105.0662	2.283937	0.830291	0.169709	0.2160095
13470	-2612.434	-2717.613	105.1783	2.241635	0.778177	0.221823	0.2458563
13476	-2624.057	-2729.222	105.1649	2.241635	0.764028	0.235972	0.2395354
13482	-2628.047	-2733.116	105.069	2.279954	0.818107	0.181893	0.2155319
13488	-2621.49	-2726.599	105.1098	2.274338	0.779013	0.220987	0.2296373
13494	-2621.785	-2727.166	105.3806	2.123922	0.841291	0.158709	0.2954581
13500	-2623.937	-2729.83	105.8931	1.326049	0.726227	0.273773	1.091516
13506	-2620.49	-2726.396	105.9062	1.373441	0.726227	0.273773	1.034359
13512	-2623.54	-2729.463	105.9225	1.357184	0.731716	0.268284	1.034359
13518	-2630.818	-2736.803	105.9849	1.361725	0.660484	0.339516	0.9674267
13524	-2631.636	-2737.609	105.9736	1.350102	0.639529	0.360471	0.9909181
13530	-2628.273	-2733.525	105.2516	2.190804	0.728137	0.271863	0.2572328
13536	-2627.162	-2732.627	105.4643	2.102338	0.758828	0.241172	0.3521164
13542	-2609.728	-2715.516	105.7872	1.832801	0.761442	0.238558	0.4732409
13548	-2619.012	-2724.667	105.6553	1.945601	0.691014	0.308986	0.4052915
13554	-2621.687	-2727.323	105.6361	1.945601	0.74701	0.25299	0.371884
13560	-2621.474	-2726.977	105.5022	1.149369	0.690328	0.309672	1.550946
13566	-2628.18	-2733.589	105.4098	1.157509	0.686483	0.313517	1.612578
13572	-2626.053	-2731.487	105.4337	2.064394	0.761875	0.238125	0.2909074
13578	-2630.007	-2735.488	105.4815	2.064394	0.781674	0.218326	0.3299807
13584	-2621.462	-2726.915	105.4535	2.080637	0.76973	0.23027	0.3190973
13590	-2626.333	-2732.071	105.7386	1.86296	0.790933	0.209067	0.4067327
13596	-2629.97	-2735.736	105.766	1.82992	0.754551	0.245449	0.3952472
13602	-2623.802	-2729.451	105.6491	1.938985	0.819199	0.180801	0.3817178
13608	-2622.126	-2727.841	105.7143	1.876286	0.751805	0.248195	0.3858873
13614	-2627.029	-2732.765	105.7361	1.876286	0.743227	0.256773	0.4356535
13620	-2627.219	-2732.88	105.6617	1.953053	0.768985	0.231015	0.4443874
13626	-2624.514	-2730.08	105.5665	2.002065	0.691779	0.308221	0.3545456
13632	-2631.021	-2736.501	105.4793	2.028705	0.718	0.282	0.2980238
13638	-2631.079	-2736.777	105.6975	1.904567	0.701448	0.298552	0.4078434
13644	-2625.499	-2731.169	105.67	1.936029	0.87664	0.12336	0.417217
13650	-2629.905	-2735.66	105.7552	1.866062	0.678116	0.321884	0.4899551
13656	-2624.641	-2730.416	105.7741	1.846868	0.7925	0.2075	0.483923
13662	-2632.343	-2738.364	106.0215	1.471273	0.823884	0.176116	0.7983251
13668	-2633.48	-2739.531	106.051	1.379393	0.823884	0.176116	0.8757531
13674	-2625.48	-2731.445	105.9653	1.379393	0.715295	0.284705	0.969466
13680	-2629.606	-2735.671	106.0658	1.402319	0.762611	0.237389	0.8301586
13686	-2622.834	-2728.778	105.9438	1.399158	0.80455	0.19545	0.9712757
13692	-2620.864	-2726.745	105.8819	1.278098	0.772276	0.227724	1.145022
13698	-2623.464	-2729.297	105.8332	1.326809	0.693421	0.306579	1.145022
13704	-2629.477	-2735.469	105.9911	1.393135	0.669899	0.330101	0.9276236
13710	-2635.107	-2741.186	106.0783	1.305962	0.778546	0.221454	0.9276236
13716	-2641.655	-2747.663	106.0084	1.375797	0.733064	0.266936	0.9276236
13722	-2628.305	-2734.262	105.9566	1.394472	0.731778	0.268222	0.9628493
13728	-2629.104	-2735.067	105.9627	1.365708	0.792393	0.207607	0.9861372
13734	-2634.004	-2739.682	105.6779	1.370381	0.809099	0.190901	1.241194
13740	-2624.703	-2730.73	106.0272	1.500407	0.783044	0.216956	0.7489951
13746	-2622.71	-2728.734	106.0243	1.527076	0.783044	0.216956	0.711201
13752	-2625.264	-2731.168	105.9045	1.319282	0.819167	0.180833	1.087211
13758	-2633.418	-2738.896	105.4784	1.207359	0.815703	0.184297	1.525602
13764	-2617.716	-2723.73	106.014	1.540049	0.743963	0.256037	0.7067869
13770	-2619.334	-2725.263	105.9291	1.628366	0.828937	0.171063	0.7008441
13776	-2620.652	-2726.648	105.9959	1.604883	0.846637	0.153363	0.608646
13782	-2619.612	-2725.517	105.9047	1.593768	0.754799	0.245201	0.7905705
13788	-2626.24	-2732.143	105.9029	1.693601	0.662757	0.337243	0.6202748
13794	-2628.141	-2734.125	105.9837	1.36047	0.714336	0.285664	0.9699829
13800	-2629.094	-2735.021	105.9273	1.288582	0.679006	0.320994	1.094547
13806	-2628.763	-2734.678	105.9154	1.250393	0.790944	0.209056	1.139893
13812	-2625.219	-2731.222	106.0025	1.307748	0.685398	0.314602	1.004355
13818	-2617.037	-2723.004	105.9663	1.36997	0.767774	0.232226	0.9781462
13824	-2620.976	-2726.955	105.979	1.3455	0.774543	0.225457	0.9900717
13830	-2620.309	-2726.285	105.9756	1.450084	0.765739	0.234261	0.8813211
13836	-2626.795	-2732.795	105.999	1.51445	0.712147	0.287853	0.7696852
13842	-2621.439	-2727.511	106.072	1.384947	0.800381	0.199619	0.8440257
13848	-2618.312	-2724.135	105.8231	1.798342	0.745212	0.254788	0.5040328
13854	-2627.211	-2733.095	105.8834	1.738053	0.679356	0.320644	0.5040328
13860	-2620.849	-2726.727	105.8782	1.743112	0.828994	0.171006	0.5097624
13866	-2627.55	-2733.393	105.843	1.778233	0.793858	0.206142	0.5097624
13872	-2633.791	-2739.745	105.9539	1.571441	0.712074	0.287926	0.7523145
13878	-2629.074	-2734.965	105.8907	1.671516	0.767302	0.232698	0.6923887
13884	-2629.815	-2735.756	105.9411	1.616154	0.849136	0.150864	0.7011942
13890	-2631.725	-2737.394	105.669	1.946483	0.672137	0.327863	0.4474689
13896	-2626.461	-2732.293	105.832	1.789436	0.615924	0.384076	0.5043097
13902	-2623.143	-2728.963	105.8199	1.782587	0.818747	0.181253	0.6037914
13908	-2620.277	-2726.227	105.9506	1.613735	0.69533	0.30467	0.688591
13914	-2627.546	-2733.553	106.0075	1.598776	0.695005	0.304995	0.5924439
13920	-2627.694	-2733.75	106.0556	1.437926	0.850999	0.149001	0.7972938
13926	-2625.781	-2731.68	105.899	1.700736	0.810899	0.189101	0.6115062
13932	-2637.522	-2743.498	105.9758	1.443642	0.768653	0.231347	0.8884215
13938	-2635.29	-2741.175	105.8851	1.55671	0.791465	0.208535	0.8623871
13944	-2620.651	-2726.6	105.9484	1.622832	0.80593	0.19407	0.6757257
13950	-2624.888	-2730.862	105.9742	1.575109	0.781778	0.218222	0.7147834
13956	-2629.793	-2735.611	105.8173	1.570907	0.815938	0.184062	0.9232616
13962	-2625.28	-2731.109	105.8297	1.788225	0.769387	0.230613	0.5435948
13968	-2629.3	-2735.113	105.8132	1.808034	0.739195	0.260805	0.5106028
13974	-2623.035	-2728.656	105.6212	1.986612	0.728903	0.271097	0.421941
13980	-2624.122	-2729.953	105.8317	1.783155	0.803328	0.196672	0.5599629
13986	-2616.496	-2722.408	105.9117	1.699708	0.757179	0.242821	0.5744008
13992	-2617.709	-2723.523	105.8145	1.805388	0.757179	0.242821	0.4721754
13998	-2617.597	-2723.375	105.7779	1.84231	0.816003	0.183997	0.4749028
14004	-2615.653	-2721.483	105.8302	1.791093	0.784537	0.215463	0.5093496
14010	-2636.001	-2741.536	105.5352	1.134551	0.745931	0.254069	1.537511
14016	-2631.644	-2737.542	105.8975	1.250587	0.745931	0.254069	1.155594
14022	-2627.354	-2733.234	105.8795	1.621454	0.777947	0.222053	0.7872489
14028	-2621.031	-2727.007	105.9752	1.598003	0.804715	0.195285	0.6718127
14034	-2622.317	-2728.3	105.9833	1.585003	0.804715	0.195285	0.6811491
14040	-2627.212	-2733.166	105.954	1.607156	0.804715	0.195285	0.6943495
14046	-2624.566	-2730.503	105.9368	1.665807	0.804715	0.195285	0.6036228
14052	-2626.99	-2732.833	105.843	1.775671	0.786818	0.213182	0.5382809
14058	-2627.243	-2733.136	105.8927	1.684544	0.831025	0.168975	0.6638594
14064	-2631.233	-2737.287	106.0542	1.441986	0.76008	0.23992	0.7936436
14070	-2628.286	-2734.185	105.8981	1.409025	0.755338	0.244662	1.00746
14076	-2629.64	-2735.633	105.9922	1.586933	0.791992	0.208008	0.6599252
14082	-2624.174	-2730.034	105.8601	1.74238	0.784636	0.215364	0.6039553
14088	-2625.993	-2731.94	105.9469	1.655532	0.79993	0.20007	0.6039553
14094	-2629.715	-2735.505	105.7901	1.829474	0.781115	0.218885	0.53179
14100	-2615.41	-2721.156	105.746	1.861873	0.750238	0.249762	0.4219294
14106	-2615.118	-2720.741	105.6222	1.962904	0.704643	0.295357	0.3769387
14112	-2619.757	-2725.615	105.8586	1.759946	0.818436	0.181564	0.4630226
14118	-2631.107	-2736.961	105.8539	1.766311	0.71673	0.28327	0.4757878
14124	-2634.733	-2740.477	105.7445	1.876844	0.71673	0.28327	0.4927269
14130	-2621.425	-2727.229	105.8041	1.816704	0.802474	0.197526	0.5178316
14136	-2620.566	-2726.454	105.8883	1.732528	0.744298	0.255702	0.5178316
14142	-2634.672	-2740.634	105.962	1.659109	0.738002	0.261998	0.4861622
14148	-2632.487	-2738.347	105.8605	1.760872	0.697746	0.302254	0.505978
14154	-2616.405	-2722.281	105.8752	1.742132	0.716452	0.283548	0.5468134
14160	-2617.542	-2723.479	105.9377	1.667701	0.747296	0.252704	0.5949524
14166	-2620.53	-2726.569	106.0392	1.52348	0.698028	0.301972	0.6915984
14172	-2614.136	-2720.141	106.0044	1.440892	0.747776	0.252224	0.8582671
14178	-2624.541	-2730.543	106.0019	1.393722	0.713039	0.286961	0.9151874
14184	-2625.155	-2731.182	106.0272	1.447215	0.814859	0.185141	0.8222276
14190	-2626.802	-2732.434	105.6314	1.0942	0.854972	0.145028	1.495849
14196	-2624.658	-2730.191	105.5325	1.195766	0.827963	0.172037	1.493858
14202	-2620.518	-2726.485	105.9665	1.361427	0.706672	0.293328	0.9865866
14208	-2619.582	-2725.573	105.9914	1.415344	0.743583	0.256417	0.90278
14214	-2624.791	-2730.723	105.9324	1.381471	0.707452	0.292548	1.000797
14220	-2627.73	-2733.736	106.0061	1.339458	0.719488	0.280512	0.9685402
14226	-2625.62	-2731.543	105.9229	1.440214	0.679297	0.320703	0.9501919
14232	-2628.532	-2734.412	105.8806	1.43759	0.687881	0.312119	0.9963889
14238	-2628.538	-2734.242	105.7041	1.350373	0.758692	0.241308	1.23599
14244	-2623.566	-2729.58	106.0136	1.522982	0.83335	0.16665	0.735273
14250	-2621.34	-2727.206	105.866	1.584126	0.780995	0.219005	0.8524504
14256	-2618.742	-2724.657	105.9154	1.651093	0.739002	0.260998	0.6845382
14262	-2617.175	-2723.04	105.8648	1.197872	0.753903	0.246097	1.229099
14268	-2627.806	-2733.572	105.7656	1.290622	0.640179	0.359821	1.234543
14274	-2624.191	-2730.034	105.8427	1.253801	0.640179	0.359821	1.200374
14280	-2623.197	-2729.04	105.8432	1.253801	0.640179	0.359821	1.199958
14286	-2615.042	-2721.03	105.9878	1.333915	0.80331	0.19669	0.9929005
14292	-2620.679	-2726.606	105.927	1.227265	0.726597	0.273403	1.150074
14298	-2628.073	-2733.893	105.8207	1.304175	0.685983	0.314017	1.175869
14304	-2622.655	-2728.559	105.904	1.293923	0.777088	0.222912	1.11092
14310	-2626.838	-2732.635	105.7975	1.337415	0.777604	0.222396	1.167148
14316	-2632.685	-2738.615	105.9302	1.199956	0.688996	0.311004	1.171265
14322	-2611.72	-2717.596	105.8762	1.332691	0.807747	0.192253	1.100995
14328	-2616.046	-2721.64	105.5945	1.222854	0.802527	0.197473	1.426099
14334	-2625.731	-2731.566	105.8347	1.113425	0.72056	0.27944	1.323358
14340	-2628.997	-2734.654	105.6562	1.291832	0.795313	0.204687	1.323358
14346	-2644.198	-2749.838	105.6404	1.374381	0.795313	0.204687	1.269026
14352	-2630.668	-2736.485	105.817	1.355121	0.752572	0.247428	1.134211
14358	-2625.756	-2731.62	105.8637	1.170824	0.747044	0.252956	1.252699
14364	-2623.158	-2728.831	105.6727	1.075188	0.794351	0.205649	1.479074
14370	-2631.733	-2737.245	105.5116	1.156265	0.767156	0.232844	1.538893
14376	-2627.062	-2732.602	105.5401	1.127805	0.768429	0.231571	1.538893
14382	-2627.7	-2733.459	105.759	1.130716	0.621745	0.378255	1.369801
14388	-2632.795	-2738.506	105.7117	1.178016	0.779474	0.220526	1.369801
14394	-2625.322	-2731.036	105.7141	1.264883	0.782028	0.217972	1.298338
14400	-2633.167	-2739.027	105.8606	1.208329	0.758578	0.241422	1.223837
14406	-2629.325	-2735.294	105.9688	1.343782	0.714173	0.285827	1.002081
14412	-2628.628	-2734.391	105.7623	1.132349	0.807422	0.192578	1.36586
14418	-2637.159	-2743.136	105.9763	1.11647	0.67775	0.32225	1.203577
14424	-2626.577	-2732.079	105.5019	1.075859	0.769634	0.230366	1.605002
14430	-2625.439	-2731.39	105.9511	1.294559	0.809576	0.190424	1.066839
14436	-2620.516	-2726.485	105.9687	1.366464	0.737815	0.262185	0.9792697
14442	-2630.026	-2735.342	105.3156	1.042815	0.763838	0.236162	1.761063
14448	-2628.469	-2734.006	105.5376	1.13479	0.755266	0.244734	1.535544
14454	-2629.964	-2736.001	106.0376	1.148378	0.798429	0.201571	1.121769
14460	-2623.674	-2729.41	105.7361	1.235113	0.665576	0.334424	1.304649
14466	-2621.158	-2727.139	105.9816	1.295615	0.740257	0.259743	1.036789
14472	-2619.736	-2725.702	105.966	1.370427	0.816756	0.183244	0.9779917
14478	-2621.121	-2726.978	105.8569	1.322387	0.789971	0.210029	1.127809
14484	-2621.904	-2727.904	106.0002	1.348785	0.800296	0.199704	0.9650568
14490	-2633.07	-2738.956	105.8857	1.327542	0.767644	0.232356	1.096919
14496	-2621.908	-2727.843	105.935	1.285286	0.760214	0.239786	1.090432
14502	-2619.966	-2725.932	105.9656	1.465013	0.802409	0.197591	0.8755764
14508	-2627.046	-2732.988	105.9418	1.555546	0.658352	0.341648	0.7920476
14514	-2623.076	-2729.134	106.0581	1.519943	0.658352	0.341648	0.6621504
14520	-2623.903	-2729.82	105.9169	1.527688	0.760808	0.239192	0.8590383
14526	-2621.871	-2727.881	106.0102	1.406285	0.701677	0.298323	0.8918388
14532	-2626.032	-2732.062	106.0301	1.517457	0.750003	0.249997	0.7176262
14538	-2629.283	-2735.375	106.0926	1.450208	0.69802	0.30198	0.7252984
14544	-2624.556	-2730.561	106.0049	1.457832	0.72577	0.27423	0.8369891
14550	-2616.778	-2722.749	105.9705	1.428761	0.77143	0.22857	0.9111474
14556	-2625.209	-2731.164	105.9554	1.319981	0.77143	0.22857	1.03855
14562	-2628.253	-2734.041	105.7879	1.830326	0.716668	0.283332	0.4607105
14568	-2621.883	-2727.629	105.7461	1.863086	0.736649	0.263351	0.4256179
14574	-2627.722	-2733.479	105.7575	1.857771	0.808663	0.191337	0.4461759
14580	-2632.704	-2738.759	106.0553	1.449017	0.804731	0.195269	0.7824933
14586	-2636.324	-2742.21	105.886	1.418401	0.718473	0.281527	1.010162
14592	-2632.1	-2737.365	105.2652	2.214645	0.728509	0.271491	0.2788862
14598	-2629.134	-2734.407	105.2728	2.207142	0.805348	0.194652	0.2788862
14604	-2619.388	-2724.702	105.3143	2.155459	0.805348	0.194652	0.2726291
14610	-2624.037	-2729.371	105.3338	2.167901	0.746126	0.253874	0.2934669
14616	-2628.093	-2733.398	105.3052	2.14998	0.695942	0.304058	0.2641927
14622	-2624.48	-2730.278	105.7971	1.824083	0.703421	0.296579	0.5113751
14628	-2625.582	-2731.438	105.856	1.765358	0.681777	0.318223	0.5087407
14634	-2622.17	-2727.649	105.4791	2.029844	0.745295	0.254705	0.2987641
14640	-2630.741	-2736.672	105.9313	1.617377	0.691347	0.308653	0.7158274
14646	-2625.959	-2731.964	106.0046	1.557372	0.646295	0.353705	0.6927746
14652	-2629.477	-2735.458	105.9803	1.611194	0.664027	0.335973	0.6325141
14658	-2628.161	-2734.093	105.9322	1.657777	0.638133	0.361867	0.6360973
14664	-2630.547	-2736.479	105.9322	1.657777	0.725451	0.274549	0.6360973
14670	-2628.688	-2734.596	105.9084	1.70618	0.773141	0.226859	0.5611326
14676	-2626.04	-2732.103	106.0628	1.502802	0.80066	0.19934	0.6863091
14682	-2628.441	-2734.406	105.9648	1.571961	0.708578	0.291422	0.7349258
14688	-2627.138	-2733.127	105.9889	1.547908	0.726685	0.273315	0.7349258
14694	-2612.246	-2718.207	105.9616	1.571859	0.760407	0.239593	0.7400131
14700	-2626.157	-2732.14	105.9829	1.536661	0.735863	0.264137	0.7608641
14706	-2630.776	-2736.697	105.9205	1.576017	0.799313	0.200687	0.7932024
14712	-2636.456	-2742.512	106.0568	1.30781	0.753623	0.246377	0.9485935
14718	-2629.915	-2735.794	105.8784	1.522514	0.792812	0.207188	0.9093389
14724	-2626.226	-2732.201	105.975	1.466021	0.74448	0.25552	0.8632691
14730	-2628.862	-2734.814	105.9519	1.501416	0.74448	0.25552	0.8485286
14736	-2621.457	-2727.404	105.9475	1.524298	0.779503	0.220497	0.8255304
14742	-2624.347	-2730.192	105.845	1.302264	0.798843	0.201157	1.156271
14748	-2624.102	-2729.941	105.8389	1.4627	0.689109	0.310891	1.01289
14754	-2631.082	-2736.796	105.7138	1.903661	0.7861	0.2139	0.4566227
14760	-2629.297	-2735.078	105.7804	1.840573	0.873439	0.126561	0.5156539
14766	-2635.591	-2741.341	105.7492	1.868129	0.794984	0.205016	0.4559469
14772	-2639.276	-2745.085	105.8087	1.808779	0.801028	0.198972	0.5461098
14778	-2630.221	-2736.02	105.7994	1.814826	0.802481	0.197519	0.5627764
14784	-2623.551	-2729.443	105.8921	1.67904	0.733679	0.266321	0.6758478
14790	-2622.848	-2728.827	105.979	1.606866	0.757011	0.242989	0.6455248
14796	-2635.434	-2741.371	105.9367	1.673262	0.735416	0.264584	0.5797418
14802	-2634.043	-2739.947	105.9038	1.695827	0.748783	0.251217	0.6120044
14808	-2635.507	-2741.418	105.9102	1.534252	0.748783	0.251217	0.8592256
14814	-2626.651	-2732.155	105.5041	1.095535	0.809046	0.190954	1.589041
14820	-2627.401	-2732.845	105.444	1.142117	0.722938	0.277062	1.598896
14826	-2623.894	-2729.062	105.1687	1.034692	0.72565	0.27435	1.868085
14832	-2623.348	-2728.629	105.2812	1.052541	0.725432	0.274568	1.778255
14838	-2625.999	-2731.676	105.6765	0.9806922	0.700469	0.299531	1.546811
14844	-2631.293	-2736.399	105.1057	0.9709949	0.736664	0.263336	1.953871
14850	-2631.222	-2736.992	105.7706	1.197778	0.740416	0.259584	1.306987
14856	-2624.372	-2730.275	105.9028	1.213218	0.792903	0.207097	1.183597
14862	-2638.141	-2743.407	105.2655	0.9062373	0.746441	0.253559	1.889621
14868	-2635.048	-2740.294	105.2455	0.9431348	0.822071	0.177929	1.878154
14874	-2628.744	-2734.278	105.5348	0.9887349	0.810033	0.189967	1.64417
14880	-2627.25	-2733.006	105.7563	1.216755	0.783764	0.216236	1.303194
14886	-2635.714	-2741.44	105.7265	1.246542	0.803203	0.196797	1.303194
14892	-2629.481	-2735.242	105.7617	1.408801	0.808194	0.191806	1.135686
14898	-2629.941	-2735.812	105.8709	1.244506	0.748845	0.251155	1.184073
14904	-2622.764	-2728.645	105.8817	1.308268	0.708214	0.291786	1.11814
14910	-2630.902	-2736.565	105.663	1.258709	0.683896	0.316104	1.344412
14916	-2635.119	-2740.833	105.7144	0.9971966	0.801458	0.198542	1.506326
14922	-2629.827	-2735.582	105.7545	1.137506	0.725075	0.274925	1.367968
14928	-2624.849	-2730.643	105.7939	1.372412	0.804136	0.195864	1.139412
14934	-2619.889	-2725.719	105.8299	1.336439	0.735913	0.264087	1.139412
14940	-2622.04	-2727.915	105.8752	1.234537	0.758661	0.241339	1.188978
14946	-2623.794	-2729.786	105.9916	1.198362	0.716192	0.283808	1.118192
14952	-2626.125	-2731.978	105.8531	1.218556	0.773078	0.226922	1.221494
14958	-2621.06	-2726.921	105.8614	1.260009	0.709957	0.290043	1.178862
14964	-2620.217	-2726.067	105.85	1.318078	0.807214	0.192786	1.137839
14970	-2628.567	-2734.311	105.7443	1.37517	0.71637	0.28363	1.180545
14976	-2621.539	-2727.209	105.6704	1.215663	0.811681	0.188319	1.372625
14982	-2617.466	-2723.407	105.9408	1.345687	0.718577	0.281423	1.027763
14988	-2619.707	-2725.487	105.7803	1.18901	0.778127	0.221873	1.306259
14994	-2630.343	-2736.301	105.958	1.648123	0.829904	0.170096	0.5927198
15000	-2632.447	-2738.415	105.9677	1.619708	0.817868	0.182132	0.64207
15006	-2622.314	-2728.223	105.9094	1.692578	0.780481	0.219519	0.6054152
15012	-2632.653	-2738.612	105.9595	1.556422	0.786736	0.213264	0.7662132
15018	-2626.628	-2732.388	105.7604	1.860098	0.799516	0.200484	0.4779996
15024	-2622.175	-2728.171	105.9959	1.46172	0.703743	0.296257	0.8432718
15030	-2620.395	-2726.283	105.8881	1.427447	0.767582	0.232418	0.9990905
15036	-2620.592	-2726.308	105.7158	1.28856	0.722209	0.277791	1.27764
15042	-2625.302	-2731.243	105.9407	1.213188	0.792322	0.207678	1.150413
15048	-2622.652	-2728.59	105.9379	1.325032	0.781415	0.218585	1.050464
15054	-2619.371	-2725.251	105.8804	1.367407	0.800086	0.199914	1.064845
15060	-2623.157	-2729.055	105.8982	1.30085	0.796347	0.203653	1.109953
15066	-2634.968	-2740.572	105.6042	1.266041	0.75904	0.24096	1.38509
15072	-2625.671	-2731.425	105.7542	1.863849	0.783095	0.216905	0.4595456
15078	-2621.912	-2727.61	105.6983	1.91202	0.77615	0.22385	0.4290116
15084	-2627.853	-2733.591	105.7374	1.270694	0.799159	0.200841	1.27459
15090	-2628.894	-2734.863	105.9692	1.218485	0.848181	0.151819	1.120233
15096	-2625.713	-2731.637	105.9241	1.263549	0.716202	0.283798	1.120233
15102	-2621.753	-2727.212	105.4596	2.098815	0.74392	0.25608	0.3428544
15108	-2617.843	-2723.309	105.4658	2.081912	0.758173	0.241827	0.331716
15114	-2608.781	-2714.238	105.4572	2.078776	0.793907	0.206093	0.3206653
15120	-2617.552	-2722.927	105.3748	2.105818	0.750877	0.249123	0.2793581
15126	-2618	-2723.198	105.1983	2.197411	0.826719	0.173281	0.2346816
15132	-2617.848	-2723.119	105.2711	2.204087	0.760804	0.239196	0.2759525
15138	-2619.929	-2725.072	105.1427	2.272748	0.78847	0.21153	0.2437158
15144	-2633.795	-2739.258	105.4629	1.084293	0.618147	0.381853	1.627097
15150	-2625.479	-2731.029	105.5501	2.018121	0.732478	0.267522	0.3540157
15156	-2633.747	-2739.288	105.541	2.018121	0.83779	0.16221	0.3435231
15162	-2628.067	-2733.534	105.4671	0.9746094	0.74591	0.25409	1.702475
15168	-2637.506	-2742.893	105.3867	1.066734	0.816898	0.183102	1.69421
15174	-2623.935	-2729.762	105.8266	1.325097	0.707788	0.292212	1.152329
15180	-2621.329	-2727.137	105.8075	1.341006	0.754182	0.245818	1.155179
15186	-2621.696	-2727.555	105.859	1.352658	0.765475	0.234525	1.098433
15192	-2626.656	-2732.538	105.8819	1.352784	0.765475	0.234525	1.077078
15198	-2620.11	-2725.991	105.8813	1.280679	0.699329	0.300671	1.143263
15204	-2622.853	-2728.858	106.0049	1.414632	0.699329	0.300671	0.8882915
15210	-2617.774	-2723.714	105.9397	1.66482	0.780633	0.219367	0.5979294
15216	-2623.871	-2729.853	105.9818	1.625744	0.780633	0.219367	0.5882597
15222	-2621.112	-2727.091	105.9789	1.628653	0.773102	0.226898	0.5882597
15228	-2620.92	-2726.904	105.984	1.463188	0.753643	0.246357	0.8559328
15234	-2619.214	-2725.193	105.979	1.539461	0.714851	0.285149	0.7625644
15240	-2619.936	-2725.878	105.9416	1.624103	0.789936	0.210064	0.6861301
15246	-2627.898	-2733.801	105.9032	1.709048	0.834009	0.165991	0.5711082
15252	-2626.806	-2732.246	105.4405	2.085524	0.711754	0.288246	0.3121659
15258	-2624.894	-2730.34	105.4456	2.06735	0.791164	0.208836	0.3017276
15264	-2631.563	-2736.772	105.2095	2.256818	0.622046	0.377954	0.2706014
15270	-2626.04	-2731.201	105.1612	2.267004	0.777613	0.222387	0.2499321
15276	-2635.471	-2740.802	105.3311	2.16386	0.653252	0.346748	0.2888083
15282	-2629.216	-2734.56	105.3448	2.15022	0.751253	0.248747	0.2888083
15288	-2635.5	-2740.964	105.4648	2.041314	0.804006	0.195994	0.2966624
15294	-2627.754	-2733.202	105.448	2.080539	0.832776	0.167224	0.3142142
15300	-2629.588	-2735.515	105.9275	1.561207	0.85505	0.14495	0.8036506
15306	-2627.659	-2733.549	105.8906	1.64246	0.769945	0.230055	0.7407354
15312	-2623.875	-2729.676	105.8004	1.816032	0.731577	0.268423	0.5520412
15318	-2638.145	-2743.915	105.7702	1.846214	0.630261	0.369739	0.5520412
15324	-2634.516	-2740.002	105.4865	2.029702	0.726189	0.273811	0.304227
15330	-2635.074	-2740.433	105.359	2.134182	0.741827	0.258173	0.2875499
15336	-2625.944	-2731.406	105.462	2.055797	0.808261	0.191739	0.305502
15342	-2629.224	-2735.077	105.8528	1.431615	0.644804	0.355196	1.029786
15348	-2632.638	-2738.562	105.9235	1.403354	0.628587	0.371413	0.9876821
15354	-2636.913	-2742.816	105.9031	1.438665	0.628587	0.371413	0.9724812
15360	-2635.996	-2741.525	105.5288	2.055201	0.801259	0.198741	0.3753744
15366	-2628.667	-2734.397	105.7301	1.889923	0.714545	0.285455	0.4737547
15372	-2632.687	-2738.501	105.8135	1.807125	0.696475	0.303525	0.4797976
15378	-2630.868	-2736.747	105.8796	1.741472	0.749448	0.250552	0.5134135
15384	-2635.007	-2741.041	106.0336	1.511824	0.734929	0.265071	0.7211813
15390	-2637.772	-2743.676	105.9043	1.554266	0.689554	0.310446	0.8421151
15396	-2627.634	-2733.495	105.8605	1.423941	0.689554	0.310446	1.029707
15402	-2630.605	-2736.482	105.8769	1.383848	0.696087	0.303913	1.052505
15408	-2631.868	-2737.709	105.8409	1.337588	0.837853	0.162147	1.128538
15414	-2626.991	-2732.869	105.8783	1.382423	0.727716	0.272284	1.052555
15420	-2634.432	-2740.113	105.6812	1.178839	0.808789	0.191211	1.393002
15426	-2630.454	-2735.935	105.4811	1.287709	0.682651	0.317349	1.463257
15432	-2619.204	-2725.134	105.9302	1.634086	0.700943	0.299057	0.6885858
15438	-2624.329	-2730.319	105.99	1.587648	0.670505	0.329495	0.6630659
15444	-2616.556	-2722.434	105.8779	1.723859	0.697805	0.302195	0.6060895
15450	-2617.842	-2723.857	106.0151	1.562299	0.802001	0.197999	0.6635105
15456	-2619.387	-2725.39	106.0038	1.557102	0.752223	0.247777	0.6946921
15462	-2621.328	-2727.292	105.9644	1.475383	0.752223	0.247777	0.8647572
15468	-2616.459	-2722.443	105.9834	1.568204	0.692109	0.307891	0.7108407
15474	-2635.593	-2741.503	105.9103	1.466923	0.756783	0.243217	0.9351491
15480	-2626.972	-2733.021	106.0491	1.434654	0.869037	0.130963	0.810185
15486	-2624.605	-2730.476	105.8713	1.712625	0.77058	0.22942	0.6498116
15492	-2632.698	-2738.617	105.9192	1.236396	0.785191	0.214809	1.14893
15498	-2631.426	-2737.342	105.9154	1.335235	0.780729	0.219271	1.062111
15504	-2624.633	-2730.312	105.6797	1.929682	0.754887	0.245113	0.426148
15510	-2637.746	-2743.61	105.8635	1.551265	0.774274	0.225726	0.893804
15516	-2634.662	-2740.725	106.0629	1.485459	0.775944	0.224056	0.7163254
15522	-2628.777	-2734.805	106.0279	1.445398	0.817327	0.182673	0.823617
15528	-2632.494	-2738.4	105.9058	1.337467	0.714315	0.285685	1.069046
15534	-2627.351	-2733.252	105.9007	1.158161	0.796413	0.203587	1.232327
15540	-2632.251	-2738.304	106.0527	1.231983	0.700411	0.299589	1.029467
15546	-2635.06	-2740.863	105.8027	1.192096	0.743165	0.256835	1.2855
15552	-2640.014	-2745.855	105.841	1.394778	0.813755	0.186245	1.076099
15558	-2638.58	-2744.272	105.6925	1.095556	0.817772	0.182228	1.44859
15564	-2650.063	-2755.878	105.8149	1.295346	0.782906	0.217094	1.18857
15570	-2631.306	-2737.124	105.8182	1.318402	0.814999	0.185001	1.165621
15576	-2633.123	-2738.877	105.7547	1.2633	0.756264	0.243736	1.266419
15582	-2625.906	-2731.699	105.7937	1.40772	0.70951	0.29049	1.107748
15588	-2622.126	-2728.058	105.9324	1.631013	0.70951	0.29049	0.6903323
15594	-2626.73	-2732.558	105.8274	1.474923	0.789092	0.210908	1.012186
15600	-2624.638	-2730.59	105.9523	1.5354	0.721896	0.278104	0.8050095
15606	-2629.452	-2735.322	105.8694	1.503045	0.771578	0.228422	0.9403195
15612	-2630.322	-2736.115	105.793	1.336748	0.826201	0.173799	1.171653
15618	-2624.734	-2730.636	105.9024	1.312595	0.730513	0.269487	1.09532
15624	-2625.806	-2731.698	105.892	1.485627	0.730513	0.269487	0.9347637
15630	-2625.238	-2731.205	105.9674	1.394775	0.73015	0.26985	0.9511637
15636	-2618.763	-2724.811	106.0477	1.317903	0.73015	0.26985	0.9475904
15642	-2629.473	-2735.383	105.9101	1.455534	0.715278	0.284722	0.9475904
15648	-2633.285	-2739.163	105.878	1.344259	0.750291	0.249709	1.088646
15654	-2625.819	-2731.719	105.9005	1.466594	0.744823	0.255177	0.9460629
15660	-2633.656	-2739.626	105.9695	1.57095	0.600052	0.399948	0.7292069
15666	-2629.35	-2735.228	105.8787	1.484833	0.600052	0.399948	0.9497679
15672	-2617.771	-2723.652	105.8804	1.314213	0.690964	0.309036	1.113994
15678	-2623.531	-2729.278	105.7464	1.229856	0.740319	0.259681	1.300549
15684	-2619.912	-2725.505	105.5924	1.174372	0.69222	0.30778	1.464755
15690	-2626.801	-2732.571	105.7692	1.233404	0.717193	0.282807	1.279117
15696	-2635.828	-2741.475	105.6477	1.263897	0.756845	0.243155	1.352512
15702	-2625.795	-2731.806	106.0112	1.538215	0.773098	0.226902	0.71463
15708	-2616.516	-2722.476	105.9599	1.631454	0.739597	0.260403	0.6328827
15714	-2618.463	-2724.429	105.9655	1.625921	0.739597	0.260403	0.6328827
15720	-2623.835	-2729.791	105.9563	1.656371	0.724234	0.275766	0.5692697
15726	-2616.796	-2722.756	105.9601	1.422366	0.849747	0.150253	0.9295209
15732	-2613.576	-2719.535	105.9589	1.423607	0.731768	0.268232	0.9295209
15738	-2622.286	-2728.214	105.9278	1.343563	0.715623	0.284377	1.042344
15744	-2615.701	-2721.674	105.9732	1.360735	0.725666	0.274334	0.9804535
15750	-2627.875	-2733.854	105.9784	1.445773	0.857463	0.142537	0.8830377
15756	-2634.814	-2740.774	105.9597	1.387427	0.772669	0.227331	0.9669696
15762	-2632.512	-2738.558	106.046	1.376841	0.70239	0.29761	0.884536
15768	-2627.018	-2732.931	105.9136	1.275335	0.773615	0.226385	1.119137
15774	-2625.419	-2731.344	105.9249	1.265955	0.726378	0.273622	1.117389
15780	-2613.806	-2719.583	105.7776	1.273064	0.713475	0.286525	1.239242
15786	-2620.599	-2726.381	105.7821	1.20773	0.753598	0.246402	1.289499
15792	-2625.308	-2731.041	105.7334	1.256448	0.707459	0.292541	1.289499
15798	-2616.52	-2722.319	105.7985	1.321139	0.796049	0.203951	1.180419
15804	-2624.976	-2730.94	105.9644	1.542459	0.831776	0.168224	0.7789688
15810	-2615.454	-2721.499	106.0446	1.421582	0.831776	0.168224	0.8326627
15816	-2615.417	-2721.424	106.0072	1.422712	0.593278	0.406722	0.8763638
15822	-2614.493	-2720.158	105.6647	1.162132	0.720819	0.279181	1.418763
15828	-2619.592	-2724.942	105.3503	1.07297	0.735903	0.264097	1.715534
15834	-2621.954	-2727.554	105.5998	1.131288	0.693566	0.306434	1.491753
15840	-2625.685	-2731.577	105.8916	1.034949	0.787279	0.212721	1.340594
15846	-2623.538	-2729.19	105.652	1.025283	0.778013	0.221987	1.531945
15852	-2626.565	-2732.545	105.9792	1.42343	0.71443	0.28557	0.9073669
15858	-2633.383	-2739.236	105.8536	1.461879	0.71443	0.28557	0.999099
15864	-2623.031	-2728.849	105.8178	1.356015	0.742994	0.257006	1.132665
15870	-2619.613	-2725.384	105.7706	1.441029	0.698681	0.301319	1.098445
15876	-2622.5	-2728.533	106.0332	1.382034	0.698681	0.301319	0.8932428
15882	-2624.125	-2730.113	105.9883	1.426954	0.735976	0.264024	0.8932428
15888	-2623.086	-2729.097	106.0111	1.535897	0.717345	0.282655	0.7186119
15894	-2632.374	-2737.553	105.1792	2.207143	0.816161	0.183839	0.2305938
15900	-2629.179	-2735.085	105.9057	1.538693	0.739497	0.260503	0.8593335
15906	-2625.941	-2731.866	105.9251	1.645816	0.74672	0.25328	0.6762768
15912	-2633.531	-2739.564	106.0335	1.448639	0.571978	0.428022	0.8122494
15918	-2627.362	-2733.324	105.9611	1.456395	0.840008	0.159992	0.8906529
15924	-2630.035	-2735.976	105.9404	1.606676	0.806397	0.193603	0.7185012
15930	-2626.399	-2732.345	105.9454	1.669719	0.696947	0.303053	0.5584415
15936	-2626.314	-2732.23	105.9168	1.70423	0.708867	0.291133	0.485183
15942	-2632.163	-2738.144	105.981	1.376252	0.811886	0.188114	0.9563692
15948	-2629.325	-2735.2	105.8747	1.339067	0.741566	0.258434	1.096496
15954	-2626.099	-2732.035	105.9356	1.664646	0.784455	0.215545	0.6102813
15960	-2628.333	-2734.229	105.8955	1.713791	0.788024	0.211976	0.5820441
15966	-2620.821	-2726.765	105.9432	1.666161	0.788024	0.211976	0.5820441
15972	-2624.343	-2730.325	105.982	1.53107	0.74004	0.25996	0.7702132
15978	-2629.474	-2735.488	106.0149	1.478049	0.714185	0.285815	0.7980624
15984	-2624.279	-2730.038	105.7585	1.195438	0.832427	0.167573	1.318641
15990	-2630.755	-2736.427	105.6728	1.922176	0.792376	0.207624	0.3935428
15996	-2636.471	-2742.054	105.5835	2.011465	0.778127	0.221873	0.3935428
16002	-2622.985	-2728.862	105.8769	1.375558	0.809833	0.190167	1.060396
16008	-2618.058	-2724.133	106.0755	1.342516	0.718981	0.281019	0.8900557
16014	-2620.913	-2726.972	106.0592	1.441136	0.652784	0.347216	0.7880563
16020	-2630.802	-2736.639	105.837	1.393896	0.675364	0.324636	1.080636
16026	-2627.315	-2733.057	105.7413	1.338679	0.719908	0.280092	1.214444
16032	-2616.349	-2721.705	105.3556	2.133026	0.800263	0.199737	0.2845326
16038	-2628.038	-2733.494	105.4562	2.043338	0.718402	0.281598	0.2919589
16044	-2624.787	-2730.157	105.37	2.130713	0.738385	0.261615	0.2927904
16050	-2618.021	-2723.514	105.4932	2.069514	0.805333	0.194667	0.3475514
16056	-2615.894	-2721.514	105.62	1.971565	0.763638	0.236362	0.3875114
16062	-2616.633	-2722.285	105.6514	1.930998	0.763638	0.236362	0.3728701
16068	-2618.151	-2723.785	105.6345	1.947838	0.776066	0.223934	0.3728701
16074	-2619.252	-2725.161	105.9094	1.710905	0.737728	0.262272	0.4762376
16080	-2618.967	-2724.925	105.9581	1.635362	0.821212	0.178788	0.6279382
16086	-2625.804	-2731.693	105.8889	1.712011	0.716185	0.283815	0.6082502
16092	-2626.501	-2732.397	105.8958	1.690908	0.7686	0.2314	0.6436905
16098	-2638.967	-2744.821	105.8538	1.761439	0.839405	0.160595	0.5580254
16104	-2621.962	-2727.889	105.9272	1.650116	0.722653	0.277347	0.6636033
16110	-2622.789	-2728.734	105.9452	1.574696	0.639564	0.360436	0.7604561
16116	-2624.443	-2730.295	105.8514	1.759785	0.695419	0.304581	0.5751034
16122	-2630.439	-2736.371	105.9319	1.629139	0.695142	0.304858	0.6946106
16128	-2621.852	-2727.751	105.8984	1.638635	0.803759	0.196241	0.7345087
16134	-2624.345	-2730.197	105.8522	1.353421	0.772793	0.227207	1.103987
16140	-2631.328	-2737.135	105.8069	1.305578	0.793312	0.206688	1.186654
16146	-2621.583	-2727.445	105.8619	1.413765	0.77075	0.22925	1.038194
16152	-2624.61	-2730.591	105.9814	1.453253	0.72023	0.27977	0.8708799
16158	-2625.691	-2731.503	105.812	1.379447	0.813825	0.186175	1.116798
16164	-2624.582	-2730.597	106.0153	1.379447	0.77114	0.22886	0.9161484
16170	-2621.65	-2727.595	105.9453	1.449487	0.731556	0.268444	0.9161484
16176	-2629.895	-2735.743	105.8484	1.521752	0.76482	0.23518	0.9427603
16182	-2623.495	-2729.046	105.5515	2.009176	0.804585	0.195415	0.3452501
16188	-2635.449	-2740.796	105.3469	2.169939	0.804585	0.195415	0.3047449
16194	-2627.675	-2733.561	105.8854	1.724512	0.842309	0.157691	0.5798953
16200	-2633.867	-2739.524	105.6575	1.942584	0.704957	0.295043	0.4035757
16206	-2625.023	-2730.648	105.6253	1.942584	0.752741	0.247259	0.3536158
16212	-2628.352	-2733.887	105.535	2.032864	0.752741	0.247259	0.3536158
16218	-2631.773	-2737.198	105.4244	2.093969	0.752741	0.247259	0.3059405
16224	-2635.449	-2740.831	105.3819	2.112206	0.669274	0.330726	0.2881886
16230	-2629.119	-2734.471	105.3526	2.163579	0.765843	0.234157	0.3042148
16236	-2634.224	-2739.701	105.4779	2.038244	0.765843	0.234157	0.3042148
16242	-2624.185	-2729.522	105.3377	2.168426	0.703982	0.296018	0.2966463
16248	-2638.524	-2743.891	105.367	2.120401	0.742012	0.257988	0.2837342
16254	-2637.708	-2743.564	105.8563	1.75814	0.733939	0.266061	0.4430779
16260	-2634.974	-2740.693	105.7192	1.884189	0.786467	0.213533	0.4108666
16266	-2630.16	-2735.929	105.7689	1.842364	0.690103	0.309897	0.4318359
16272	-2635.819	-2741.769	105.9499	1.410003	0.725893	0.274107	0.9536124
16278	-2638.422	-2744.442	106.0196	1.417329	0.768697	0.231303	0.8681624
16284	-2639.209	-2744.803	105.594	1.994689	0.83682	0.16318	0.3827082
16290	-2637.671	-2743.327	105.6562	1.932569	0.707423	0.292577	0.3827082
16296	-2627.146	-2732.836	105.6901	1.91698	0.747494	0.252506	0.4198338
16302	-2627.916	-2733.762	105.8462	1.769407	0.772989	0.227011	0.4479379
16308	-2628.775	-2734.553	105.7784	1.839284	0.668356	0.331644	0.4578061
16314	-2626.557	-2732.257	105.7002	1.901284	0.797225	0.202775	0.4064764
16320	-2627.911	-2733.751	105.8401	1.781221	0.692776	0.307224	0.4920574
16326	-2630.155	-2736.112	105.9571	1.61603	0.686255	0.313745	0.6720545
16332	-2621.689	-2727.669	105.9804	1.594383	0.711111	0.288889	0.6687261
16338	-2633.687	-2739.614	105.9264	1.563844	0.817802	0.182198	0.8016816
16344	-2626.306	-2732.173	105.8676	1.601634	0.743277	0.256723	0.8287487
16350	-2624.296	-2730.248	105.9527	1.455582	0.594987	0.405013	0.9010522
16356	-2626.946	-2732.836	105.8894	1.415491	0.60204	0.39796	1.009632
16362	-2650.022	-2755.9	105.8777	1.241685	0.691189	0.308811	1.180656
16368	-2636.787	-2742.533	105.7462	1.14768	0.74988	0.25012	1.366465
16374	-2618.83	-2724.666	105.8357	1.339735	0.788557	0.211443	1.131295
16380	-2634.177	-2739.827	105.65	1.204251	0.762955	0.237045	1.397564
16386	-2634.122	-2739.469	105.3474	1.091585	0.7791	0.2209	1.704428
16392	-2626.407	-2732.213	105.806	1.261997	0.621155	0.378845	1.224663
16398	-2627.521	-2733.438	105.9174	1.150528	0.668429	0.331571	1.224663
16404	-2618.6	-2724.52	105.9201	1.242407	0.709286	0.290714	1.142753
16410	-2624.111	-2729.956	105.8446	1.308185	0.776658	0.223342	1.15137
16416	-2634.466	-2740.096	105.6297	1.195491	0.716088	0.283912	1.420065
16422	-2626.78	-2732.598	105.8174	1.32428	0.742626	0.257374	1.161223
16428	-2631.498	-2737.32	105.8213	1.370874	0.800842	0.199158	1.116135
16434	-2626.033	-2732.068	106.0352	1.434242	0.775802	0.224198	0.8285128
16440	-2631.379	-2737.318	105.939	1.39175	0.782281	0.217719	0.983738
16446	-2628.949	-2734.875	105.926	1.350819	0.823503	0.176497	1.03713
16452	-2635.656	-2741.664	106.0082	1.534547	0.820624	0.179376	0.7254921
16458	-2622.818	-2728.743	105.925	1.691439	0.668253	0.331747	0.5518676
16464	-2623.219	-2729.144	105.925	1.691439	0.712622	0.287378	0.5518676
16470	-2622.744	-2728.666	105.9223	1.605715	0.78727	0.21273	0.7483361
16476	-2625.567	-2731.598	106.0316	1.496396	0.709021	0.290979	0.7483361
16482	-2628.445	-2734.436	105.9917	1.33065	0.80617	0.19383	0.9921933
16488	-2624.486	-2730.529	106.0431	1.435903	0.712094	0.287906	0.8163742
16494	-2616.554	-2722.366	105.8121	1.345189	0.783348	0.216652	1.147465
16500	-2622.383	-2728.235	105.8516	1.270361	0.67963	0.32037	1.178386
16506	-2631.015	-2736.857	105.8422	1.27977	0.750663	0.249337	1.178386
16512	-2629.003	-2734.781	105.7787	1.286949	0.781848	0.218152	1.226603
16518	-2628.593	-2734.156	105.5621	1.094883	0.659627	0.340373	1.546991
16524	-2629.752	-2735.489	105.7374	1.132234	0.706039	0.293961	1.385507
16530	-2625.184	-2731.148	105.9639	1.452643	0.747086	0.252914	0.8917732
16536	-2631.771	-2737.701	105.9302	1.425519	0.737479	0.262521	0.9579808
16542	-2634.644	-2740.417	105.7725	1.348847	0.717207	0.282793	1.178941
16548	-2634.906	-2740.844	105.9378	1.369654	0.768837	0.231163	1.007165
16554	-2620.058	-2725.935	105.8771	1.40401	0.699582	0.300418	1.032955
16560	-2624.565	-2730.5	105.935	1.401951	0.813873	0.186127	0.9773989
16566	-2626.491	-2732.428	105.9371	1.500746	0.796086	0.203914	0.8670583
16572	-2633.111	-2739.078	105.9668	1.480034	0.698978	0.301022	0.8563149
16578	-2630.19	-2736.093	105.9039	1.453038	0.864273	0.135727	0.9567242
16584	-2632.466	-2738.413	105.947	1.462046	0.7302	0.2698	0.9002316
16590	-2634.365	-2740.179	105.8136	1.512076	0.7302	0.2698	0.9888787
16596	-2632.532	-2738.319	105.7867	1.345213	0.805984	0.194016	1.169746
16602	-2636.769	-2742.672	105.903	1.284289	0.68678	0.31322	1.120591
16608	-2626.374	-2732.267	105.8932	1.267682	0.68678	0.31322	1.144258
16614	-2637.445	-2743.374	105.9291	1.380191	0.718068	0.281932	1.005284
16620	-2625.861	-2731.592	105.7305	1.198218	0.718068	0.281932	1.338844
16626	-2623.536	-2729.167	105.6305	1.26256	0.750887	0.249113	1.367121
16632	-2626.632	-2732.524	105.8927	1.212199	0.732458	0.267542	1.193126
16638	-2630.367	-2736.208	105.8419	1.252108	0.732458	0.267542	1.202497
16644	-2629.965	-2735.64	105.6752	1.080155	0.768267	0.231733	1.473434
16650	-2632.407	-2737.683	105.276	0.9291667	0.698973	0.301027	1.866885
16656	-2637.454	-2742.517	105.0628	0.9682131	0.684548	0.315452	1.984498
16662	-2627.465	-2733.349	105.884	1.364098	0.700734	0.299266	1.064566
16668	-2642.827	-2748.783	105.9568	1.304516	0.573197	0.426803	1.052008
16674	-2629.356	-2735.313	105.9576	1.302121	0.732041	0.267959	1.053511
16680	-2635.137	-2740.972	105.8353	1.41055	0.723568	0.276432	1.066667
16686	-2634.678	-2740.716	106.038	1.377576	0.782028	0.217972	0.8929003
16692	-2637.116	-2743.039	105.9236	1.288109	0.660341	0.339659	1.098395
16698	-2629.1	-2734.934	105.8337	1.185459	0.698053	0.301947	1.265452
16704	-2631.221	-2737.165	105.944	1.268718	0.759698	0.240302	1.097452
16710	-2628.835	-2734.879	106.0439	1.553069	0.686403	0.313597	0.6189903
16716	-2618.948	-2724.895	105.9466	1.535838	0.720746	0.279254	0.8118427
16722	-2626.544	-2732.563	106.0181	1.219473	0.706856	0.293144	1.074453
16728	-2617.776	-2723.578	105.8019	1.316885	0.715057	0.284943	1.181131
16734	-2622.885	-2728.819	105.934	1.45072	0.670096	0.329904	0.9270792
16740	-2619.41	-2725.406	105.9964	1.45072	0.739864	0.260136	0.8559943
16746	-2615.981	-2722.004	106.0227	1.446723	0.705065	0.294935	0.8285454
16752	-2620.218	-2726.299	106.0815	1.314245	0.705065	0.294935	0.9150528
16758	-2617.888	-2723.84	105.9515	1.321702	0.757543	0.242457	1.040624
16764	-2620.822	-2726.823	106.0011	1.389792	0.758863	0.241137	0.9203869
16770	-2631.052	-2736.755	105.7022	1.349807	0.715822	0.284178	1.238126
16776	-2621	-2726.753	105.7532	1.270978	0.784787	0.215213	1.261293
16782	-2621.079	-2726.986	105.9067	1.394937	0.69228	0.30772	1.012919
16788	-2618.886	-2724.843	105.957	1.344616	0.788626	0.211374	1.012919
16794	-2629.229	-2735.183	105.9543	1.483483	0.8701	0.1299	0.8670906
16800	-2616.821	-2722.824	106.0033	1.483483	0.714847	0.285153	0.8062274
16806	-2625.551	-2731.444	105.8931	1.495023	0.872359	0.127641	0.9233893
16812	-2623.718	-2729.682	105.9637	1.279505	0.8662	0.1338	1.06913
16818	-2618.404	-2724.249	105.8453	1.31189	0.8662	0.1338	1.147529
16824	-2614.964	-2720.775	105.8113	1.225937	0.866737	0.133263	1.250433
16830	-2619.714	-2725.616	105.9014	1.418671	0.758778	0.241222	0.9945373
16836	-2632.388	-2738.371	105.9825	1.323342	0.752644	0.247356	1.00877
16842	-2628.572	-2734.441	105.8697	1.746344	0.773529	0.226471	0.5539552
16848	-2623.395	-2729.325	105.9296	1.676637	0.770926	0.229074	0.5923237
16854	-2627.795	-2733.762	105.9668	1.600354	0.754678	0.245322	0.6833244
16860	-2628.947	-2734.846	105.8989	1.715512	0.777007	0.222993	0.561647
16866	-2626.072	-2731.997	105.9257	1.672377	0.837578	0.162422	0.61597
16872	-2627.603	-2733.539	105.9354	1.649963	0.723277	0.276723	0.6465851
16878	-2632.248	-2738.21	105.9623	1.623136	0.801686	0.198314	0.6465851
16884	-2617.589	-2723.531	105.9418	1.618375	0.786104	0.213896	0.6960473
16890	-2630.174	-2736.027	105.8523	1.757044	0.813907	0.186093	0.5818004
16896	-2628.157	-2734.122	105.9651	1.604209	0.764721	0.235279	0.6792512
16902	-2629.037	-2735.057	106.0203	1.576136	0.764721	0.235279	0.6205039
16908	-2623.267	-2729.231	105.964	1.620217	0.777488	0.222512	0.649238
16914	-2620.578	-2726.572	105.9941	1.596404	0.759361	0.240639	0.6348709
16920	-2633.095	-2738.964	105.8681	1.753097	0.699229	0.300771	0.5114944
16926	-2624.554	-2730.302	105.7477	1.873533	0.826844	0.173156	0.5114944
16932	-2622.449	-2728.135	105.6861	1.928732	0.733218	0.266782	0.4447031
16938	-2621.48	-2727.218	105.7381	1.87672	0.803243	0.196757	0.4447031
16944	-2627.42	-2733.329	105.9098	1.705771	0.701691	0.298309	0.5561283
16950	-2629.612	-2735.357	105.7444	1.874197	0.689302	0.310698	0.46319
16956	-2628.58	-2734.388	105.808	1.808669	0.784756	0.215244	0.5506593
16962	-2620.103	-2725.537	105.4344	1.115486	0.755454	0.244546	1.625177
16968	-2622.965	-2728.335	105.37	0.9337759	0.739577	0.260423	1.799071
16974	-2630.782	-2735.869	105.0864	0.9842544	0.765861	0.234139	1.957911
16980	-2623.626	-2729.178	105.5517	1.086709	0.715598	0.284402	1.560652
16986	-2625.285	-2730.731	105.4463	0.9209917	0.778512	0.221488	1.754843
16992	-2622.03	-2727.902	105.8722	1.244377	0.790914	0.209086	1.183074
16998	-2620.681	-2726.307	105.6257	1.179015	0.701909	0.298091	1.435837
17004	-2618.68	-2724.638	105.9586	1.207157	0.781226	0.218774	1.139913
17010	-2618.997	-2724.936	105.9387	1.359264	0.703718	0.296282	1.016503
17016	-2618.837	-2724.823	105.9854	1.45203	0.858784	0.141216	0.86757
17022	-2622.159	-2728.139	105.9797	1.509825	0.741071	0.258929	0.802556
17028	-2617.846	-2723.861	106.015	1.54927	0.741071	0.258929	0.688777
17034	-2632.706	-2738.702	105.9966	1.575486	0.757927	0.242073	0.6739404
17040	-2632.015	-2737.918	105.904	1.691276	0.757927	0.242073	0.6234622
17046	-2628.901	-2734.774	105.8733	1.744045	0.634588	0.365412	0.54685
17052	-2620.326	-2726.226	105.8998	1.719247	0.742756	0.257244	0.4656513
17058	-2616.529	-2722.318	105.7891	1.830072	0.751623	0.248377	0.4668309
17064	-2625.642	-2731.302	105.6602	1.921834	0.70911	0.29089	0.3724092
17070	-2626.276	-2732.017	105.7412	1.874853	0.758333	0.241667	0.4495747
17076	-2626.21	-2731.952	105.7416	1.876127	0.671466	0.328534	0.4578753
17082	-2620.78	-2726.47	105.6901	1.929105	0.691139	0.308861	0.4668938
17088	-2625.33	-2730.792	105.4617	2.068886	0.796715	0.203285	0.3159602
17094	-2625.715	-2731.204	105.4884	2.078954	0.796715	0.203285	0.3530076
17100	-2630.593	-2736.311	105.7172	1.897966	0.813617	0.186383	0.4457995
17106	-2634.102	-2739.879	105.7768	1.841829	0.803604	0.196396	0.4634571
17112	-2626.377	-2732.112	105.7352	1.877338	0.826247	0.173753	0.436066
17118	-2624.516	-2730.324	105.8083	1.810707	0.850811	0.149189	0.4658955
17124	-2624.638	-2730.192	105.5544	2.006656	0.867501	0.132499	0.3457673
17130	-2620.921	-2726.524	105.6033	1.989957	0.76279	0.23721	0.3903869
17136	-2619.978	-2725.497	105.5188	2.038862	0.727623	0.272377	0.342017
17142	-2622.775	-2728.325	105.5507	2.038862	0.669151	0.330849	0.38402
17148	-2628.112	-2733.742	105.6301	1.949279	0.795631	0.204369	0.3685445
17154	-2618.383	-2724.3	105.9171	1.549729	0.618263	0.381737	0.8317976
17160	-2626.274	-2731.817	105.5427	2.006084	0.738903	0.261097	0.332796
17166	-2625.234	-2730.818	105.584	1.973259	0.72104	0.27896	0.3415389
17172	-2625.724	-2731.517	105.7922	1.827466	0.817745	0.182255	0.470194
17178	-2622.613	-2728.525	105.9127	1.684111	0.658295	0.341705	0.6193812
17184	-2619.435	-2725.371	105.9359	1.325581	0.796402	0.203598	1.051878
17190	-2619.607	-2725.551	105.9445	1.356667	0.773855	0.226145	1.013359
17196	-2621.101	-2727.075	105.9747	1.371758	0.741558	0.258442	0.9676203
17202	-2626.908	-2732.9	105.9919	1.515476	0.659602	0.340398	0.7783006
17208	-2617.889	-2723.899	106.0095	1.576409	0.659602	0.340398	0.6453432
17214	-2617.722	-2723.712	105.99	1.583011	0.697301	0.302699	0.6722339
17220	-2617.127	-2723.119	105.9915	1.583011	0.73748	0.26252	0.669298
17226	-2625.369	-2731.307	105.9379	1.656554	0.81065	0.18935	0.6254028
17232	-2630.729	-2736.636	105.9067	1.671491	0.793588	0.206412	0.6619374
17238	-2635.875	-2741.743	105.8682	1.389119	0.678848	0.321152	1.055766
17244	-2626.681	-2732.693	106.0116	1.30944	0.775478	0.224522	0.9936067
17250	-2626.309	-2732.291	105.9822	1.589285	0.802796	0.197204	0.6752653
17256	-2622.053	-2727.79	105.737	1.876015	0.689649	0.310351	0.437729
17262	-2630.061	-2735.734	105.6736	1.088584	0.683775	0.316225	1.468221
17268	-2631.001	-2736.343	105.342	0.9820095	0.820632	0.179368	1.784998
17274	-2626.454	-2731.936	105.4821	1.134593	0.7415	0.2585	1.576616
17280	-2626.373	-2731.64	105.2665	1.099685	0.696444	0.303556	1.755661
17286	-2623.015	-2728.368	105.3536	0.9703306	0.671654	0.328346	1.785064
17292	-2629.767	-2735.657	105.8902	1.347019	0.660117	0.339883	1.074711
17298	-2624.974	-2730.866	105.892	1.247851	0.75945	0.24055	1.162758
17304	-2615.954	-2721.929	105.9749	1.276393	0.770739	0.229261	1.061528
17310	-2612.252	-2718.144	105.892	1.469011	0.786569	0.213431	0.9524433
17316	-2620.932	-2726.88	105.9481	1.291689	0.829056	0.170944	1.072336
17322	-2627.196	-2733.125	105.9289	1.200146	0.811371	0.188629	1.172238
17328	-2633.599	-2739.453	105.8538	1.179727	0.752855	0.247145	1.25351
17334	-2630.93	-2736.88	105.95	1.286564	0.777967	0.222033	1.07535
17340	-2628.821	-2734.893	106.0721	1.377582	0.78252	0.21748	0.8528954
17346	-2635.234	-2741.348	106.1139	1.294968	0.704515	0.295485	0.9004903
17352	-2617.525	-2723.353	105.828	1.225133	0.823555	0.176445	1.237115
17358	-2619.253	-2725.028	105.7753	1.120489	0.671147	0.328853	1.365003
17364	-2624.749	-2730.422	105.6731	1.216617	0.772037	0.227963	1.369734
17370	-2616.798	-2722.572	105.774	1.187281	0.758228	0.241772	1.31269
17376	-2622.828	-2728.728	105.8995	1.348019	0.801804	0.198196	1.065034
17382	-2620.666	-2726.723	106.0574	1.385731	0.724634	0.275366	0.8608505
17388	-2623.66	-2729.579	105.9193	1.45246	0.68674	0.31326	0.941031
17394	-2623.319	-2729.217	105.8986	1.40781	0.770584	0.229416	1.008208
17400	-2625.99	-2731.913	105.9228	1.520216	0.727292	0.272708	0.860934
17406	-2627.583	-2733.546	105.9625	1.526931	0.806135	0.193865	0.8026765
17412	-2624.198	-2730.242	106.0448	1.49124	0.767019	0.232981	0.7360592
17418	-2629.525	-2735.497	105.9724	1.478802	0.767361	0.232639	0.8510718
17424	-2629.186	-2735.159	105.9728	1.478431	0.768418	0.231582	0.8510718
17430	-2625.042	-2730.672	105.6304	1.094727	0.780633	0.219367	1.496228
17436	-2629.514	-2735.116	105.6013	1.062807	0.746177	0.253823	1.541665
17442	-2627.745	-2733.631	105.8859	1.734993	0.80058	0.19942	0.5176955
17448	-2617.828	-2723.673	105.8457	1.775001	0.754899	0.245101	0.4805317
17454	-2632.032	-2737.715	105.6836	1.202333	0.603848	0.396152	1.372744
17460	-2630.584	-2736.546	105.9621	1.646538	0.762393	0.237607	0.5845447
17466	-2625.998	-2731.882	105.8847	1.734189	0.828826	0.171174	0.5364613
17472	-2623.266	-2729.118	105.8522	1.768038	0.763284	0.236716	0.4758164
17478	-2635.46	-2741.314	105.8531	1.768038	0.725577	0.274423	0.4880496
17484	-2629.624	-2735.398	105.7747	1.845341	0.732231	0.267769	0.4740858
17490	-2617.568	-2723.331	105.7624	1.22395	0.727537	0.272463	1.292413
17496	-2625.925	-2731.711	105.7858	1.149357	0.709204	0.290796	1.333738
17502	-2629.021	-2734.795	105.7739	1.36777	0.746715	0.253285	1.161203
17508	-2624.627	-2730.509	105.882	1.395656	0.836457	0.163543	1.036324
17514	-2624.305	-2729.755	105.4502	1.274016	0.711855	0.288145	1.496893
17520	-2629.757	-2735.794	106.0362	1.462317	0.872645	0.127355	0.7904514
17526	-2624.316	-2730.227	105.9111	1.363278	0.856314	0.143686	1.039516
17532	-2618.99	-2724.841	105.8511	1.312739	0.792171	0.207829	1.141618
17538	-2616.035	-2721.916	105.8816	1.33681	0.792171	0.207829	1.09221
17544	-2619.787	-2725.744	105.957	1.252556	0.72552	0.27448	1.100304
17550	-2625.131	-2731.063	105.9318	1.390093	0.767778	0.232222	0.9926944
17556	-2622.878	-2728.571	105.6929	1.371858	0.767778	0.232222	1.227335
17562	-2619.25	-2725.146	105.8962	1.531102	0.777159	0.222841	0.8794416
17568	-2620.623	-2726.562	105.9389	1.267294	0.826961	0.173039	1.103433
17574	-2622.421	-2728.323	105.9024	1.330452	0.840416	0.159584	1.078807
17580	-2628.817	-2734.563	105.7453	1.418937	0.66211	0.33789	1.141257
17586	-2630.62	-2736.591	105.9705	1.457205	0.758003	0.241997	0.8788821
17592	-2630.577	-2736.592	106.015	1.444792	0.759802	0.240198	0.8406001
17598	-2629.159	-2735.18	106.0206	1.439206	0.759802	0.240198	0.8406001
17604	-2621.594	-2727.529	105.9353	1.490412	0.759802	0.240198	0.8812103
17610	-2621.471	-2727.439	105.968	1.539788	0.76583	0.23417	0.777767
17616	-2625.085	-2730.997	105.9119	1.39275	0.705625	0.294375	1.009955
17622	-2636.614	-2742.6	105.9861	1.580006	0.697862	0.302138	0.6853121
17628	-2636.872	-2742.796	105.9242	1.566759	0.747085	0.252915	0.8007168
17634	-2639.9	-2745.748	105.8475	1.492956	0.779655	0.220345	0.9737909
17640	-2625.337	-2731.084	105.7471	1.182177	0.728743	0.271257	1.338415
17646	-2621.151	-2726.997	105.846	1.309099	0.778734	0.221266	1.149384
17652	-2621.529	-2727.475	105.9458	1.531777	0.758491	0.241509	0.8182278
17658	-2623.751	-2729.672	105.9212	1.560915	0.831182	0.168818	0.81235
17664	-2627.35	-2733.265	105.915	1.59518	0.717174	0.282826	0.7744129
17670	-2627.084	-2732.878	105.7939	1.781598	0.810701	0.189299	0.6673541
17676	-2622.839	-2728.846	106.0071	1.508502	0.74857	0.25143	0.7665682
17682	-2617.741	-2723.753	106.0123	1.419931	0.795525	0.204475	0.8736216
17688	-2624.689	-2730.611	105.9215	1.333018	0.702024	0.297976	1.058447
17694	-2627.07	-2732.633	105.5631	1.175381	0.748587	0.251413	1.486168
17700	-2622.626	-2728.514	105.888	1.253931	0.736566	0.263434	1.161003
17706	-2622.965	-2728.881	105.9155	1.344333	0.820127	0.179873	1.053391
17712	-2627.643	-2733.58	105.9372	1.392469	0.820127	0.179873	0.9848206
17718	-2626.592	-2732.566	105.9741	1.355555	0.786257	0.213743	0.9848206
17724	-2627.558	-2733.485	105.9269	1.331887	0.788747	0.211253	1.054428
17730	-2631.641	-2737.694	106.0531	1.267776	0.778247	0.221753	0.9936951
17736	-2628.944	-2734.878	105.9342	1.204841	0.748912	0.251088	1.163548
17742	-2630.951	-2736.839	105.8882	1.250757	0.756889	0.243111	1.163548
17748	-2624.473	-2730.242	105.7693	1.306234	0.807288	0.192712	1.218248
17754	-2618.917	-2724.784	105.8663	1.686432	0.751918	0.248082	0.7089999
17760	-2620.077	-2726.043	105.9665	1.586213	0.666134	0.333866	0.7089999
17766	-2623.846	-2729.845	105.9992	1.515347	0.659314	0.340686	0.7680893
17772	-2620.69	-2726.671	105.9803	1.45499	0.74738	0.25262	0.8700474
17778	-2628.062	-2734.176	106.1146	1.364451	0.737585	0.262415	0.8163112
17784	-2633.835	-2739.692	105.8571	1.31285	0.679451	0.320549	1.136193
17790	-2624.728	-2730.673	105.945	1.342793	0.723015	0.276985	1.026526
17796	-2626.165	-2732.013	105.8481	1.272941	0.708841	0.291159	1.17919
17802	-2625.512	-2731.49	105.9774	1.357368	0.815885	0.184115	0.9795941
17808	-2638.917	-2744.942	106.0245	1.480367	0.830708	0.169292	0.7818597
17814	-2634.302	-2740.424	106.1222	1.340829	0.77362	0.22638	0.8365339
17820	-2621.47	-2727.409	105.9391	1.271482	0.769524	0.230476	1.099396
17826	-2624.257	-2730.251	105.994	1.404771	0.735197	0.264803	0.9117062
17832	-2630.548	-2736.519	105.9712	1.518209	0.842658	0.157342	0.8028119
17838	-2640.462	-2746.32	105.8582	1.552431	0.776658	0.223342	0.8984217
17844	-2629.016	-2735.032	106.0161	1.523276	0.755293	0.244707	0.730861
17850	-2625.335	-2731.299	105.9645	1.571554	0.750967	0.249033	0.7360773
17856	-2629.397	-2735.347	105.9502	1.492558	0.746872	0.253128	0.8612337
17862	-2624.407	-2730.34	105.9331	1.48326	0.673194	0.326806	0.8919499
17868	-2618.777	-2724.831	106.0543	1.471752	0.786151	0.213849	0.751313
17874	-2619.072	-2725.075	106.0032	1.532054	0.772181	0.227819	0.7373067
17880	-2626.674	-2732.678	106.0035	1.57317	0.812795	0.187205	0.6650479
17886	-2618.052	-2724.085	106.0328	1.475557	0.802641	0.197359	0.7769323
17892	-2613.082	-2719.093	106.0117	1.536279	0.76846	0.23154	0.7169272
17898	-2617.838	-2723.853	106.0151	1.536279	0.722027	0.277973	0.7112692
17904	-2625.811	-2731.644	105.8327	1.760446	0.753766	0.246234	0.6285185
17910	-2619.116	-2724.727	105.6113	1.196776	0.777499	0.222501	1.43326
17916	-2627.878	-2733.527	105.6493	1.156941	0.777499	0.222501	1.434622
17922	-2634.367	-2740.182	105.815	1.094801	0.803394	0.196606	1.353876
17928	-2634.66	-2740.114	105.4548	1.151429	0.717587	0.282413	1.584273
17934	-2629.609	-2735.428	105.8188	1.131973	0.757434	0.242566	1.321223
17940	-2629.358	-2735.306	105.9484	1.501811	0.751264	0.248736	0.8522872
17946	-2624.835	-2730.616	105.7803	1.477212	0.837068	0.162932	1.055617
17952	-2640.307	-2746.145	105.8379	1.213809	0.878591	0.121409	1.238378
17958	-2633.653	-2739.332	105.6784	1.204057	0.723348	0.276652	1.375449
17964	-2631.068	-2736.788	105.7202	1.132494	0.707789	0.292211	1.398716
17970	-2625.522	-2731.362	105.8395	1.375811	0.800987	0.199013	1.095046
17976	-2623.75	-2729.784	106.0337	1.50265	0.796068	0.203932	0.7355733
17982	-2620.632	-2726.674	106.0415	1.511742	0.814776	0.185224	0.7081702
17988	-2626.287	-2732.222	105.9346	1.677976	0.742155	0.257845	0.5696011
17994	-2617.801	-2723.687	105.886	1.713299	0.829375	0.170625	0.6129034
18000	-2624.13	-2730.019	105.8884	1.713299	0.733579	0.266421	0.6061558
18006	-2620.752	-2726.641	105.8899	1.724226	0.724739	0.275261	0.5631969
18012	-2618.19	-2724.036	105.8458	1.775067	0.820438	0.179562	0.4824026
18018	-2624.786	-2730.593	105.8071	1.813731	0.644096	0.355904	0.4824026
18024	-2622.484	-2728.495	106.0108	1.358658	0.827471	0.172529	0.9435542
18030	-2628.54	-2734.368	105.8285	1.791926	0.779468	0.220532	0.4773585
18036	-2632.011	-2737.867	105.8562	1.764175	0.64455	0.35545	0.4773585
18042	-2634.365	-2740.191	105.8263	1.78578	0.759891	0.240109	0.5718713
18048	-2637.893	-2743.632	105.7398	1.862062	0.784451	0.215549	0.4073722
18054	-2636.686	-2742.409	105.7229	1.898412	0.784451	0.215549	0.4916225
18060	-2633.859	-2739.609	105.7497	1.844294	0.784451	0.215549	0.3916915
18066	-2633.409	-2739.148	105.7388	1.868884	0.711716	0.288284	0.4214612
18072	-2624.489	-2730.35	105.861	1.76044	0.740949	0.259051	0.4988507
18078	-2626.292	-2732.198	105.9062	1.710787	0.720623	0.279377	0.5488941
18084	-2635.491	-2740.918	105.4268	2.092834	0.721246	0.278754	0.3069214
18090	-2626.381	-2731.855	105.4745	2.065476	0.721246	0.278754	0.3243676
18096	-2619.235	-2724.776	105.5407	2.026064	0.733067	0.266933	0.3522635
18102	-2633.15	-2739.177	106.0268	1.523735	0.789299	0.210701	0.7126928
18108	-2634.581	-2740.568	105.987	1.543643	0.78289	0.21711	0.7443432
18114	-2624.299	-2730.18	105.8806	1.738625	0.83265	0.16735	0.5345225
18120	-2616.228	-2722.047	105.8185	1.802493	0.690713	0.309287	0.5162983
18126	-2623.33	-2729.156	105.826	1.794163	0.744924	0.255076	0.4750393
18132	-2637.621	-2743.364	105.7431	1.842201	0.782879	0.217121	0.3772616
18138	-2620.844	-2726.614	105.77	1.84521	0.727568	0.272432	0.445953
18144	-2629.686	-2735.691	106.0048	1.572067	0.606375	0.393625	0.6646467
18150	-2620.694	-2726.544	105.8497	1.770261	0.822087	0.177913	0.5278094
18156	-2625.792	-2731.686	105.8941	1.714408	0.73437	0.26563	0.5847871
18162	-2622.602	-2728.641	106.0391	1.544917	0.689464	0.310536	0.6495357
18168	-2620.535	-2726.564	106.0293	1.533172	0.689464	0.310536	0.6919288
18174	-2627.659	-2733.632	105.9732	1.452106	0.705563	0.294437	0.8817615
18180	-2627.062	-2732.997	105.9349	1.512021	0.814584	0.185416	0.856307
18186	-2618.384	-2724.35	105.9653	1.491786	0.728537	0.271463	0.8438915
18192	-2635.916	-2741.867	105.951	1.289835	0.72591	0.27409	1.07139
18198	-2632.218	-2737.669	105.4517	1.135257	0.72591	0.27409	1.598285
18204	-2628.067	-2734.031	105.964	1.519125	0.675916	0.324084	0.8110143
18210	-2623.364	-2729.365	106.0005	1.12753	0.73789	0.26211	1.173156
18216	-2629.042	-2734.904	105.8618	1.241483	0.818027	0.181973	1.194517
18222	-2623.697	-2729.486	105.7885	1.236662	0.798071	0.201929	1.26049
18228	-2627.353	-2733.218	105.8651	1.160085	0.754163	0.245837	1.26049
18234	-2626.013	-2731.719	105.7057	1.133265	0.854725	0.145275	1.409441
18240	-2621.833	-2727.615	105.7828	1.029323	0.797382	0.202618	1.430121
18246	-2621.222	-2726.823	105.6011	1.069088	0.680417	0.319583	1.537198
18252	-2621.512	-2727.42	105.9077	1.085662	0.835377	0.164623	1.286656
18258	-2619.194	-2725.081	105.887	1.194387	0.701863	0.298137	1.213247
18264	-2623.108	-2729.115	106.0068	1.436234	0.749247	0.250753	0.8609521
18270	-2626.732	-2732.395	105.6626	1.067655	0.623523	0.376477	1.492359
18276	-2623	-2728.49	105.49	1.170152	0.768321	0.231679	1.544658
18282	-2625.672	-2731.463	105.7909	1.829824	0.741631	0.258369	0.4813789
18288	-2629.161	-2735.041	105.8795	1.741219	0.745123	0.254877	0.4813789
18294	-2628.455	-2734.25	105.7944	1.812133	0.824016	0.175984	0.4185527
18300	-2627.91	-2733.681	105.7705	1.245977	0.74732	0.25268	1.267641
18306	-2629.004	-2734.827	105.8232	1.268805	0.787225	0.212775	1.204193
18312	-2622.476	-2728.321	105.8444	1.309738	0.770899	0.229101	1.150228
18318	-2625.325	-2731.087	105.7627	1.223757	0.722151	0.277849	1.292314
18324	-2623.847	-2729.843	105.9958	1.345491	0.722205	0.277795	0.972987
18330	-2638.011	-2743.81	105.7988	1.465057	0.780732	0.219268	1.049538
18336	-2639.899	-2745.988	106.0883	1.403404	0.766457	0.233543	0.7997086
18342	-2626.315	-2732.311	105.9956	1.577572	0.783558	0.216442	0.6718776
18348	-2624.163	-2730.073	105.9098	1.356703	0.754673	0.245327	1.047063
18354	-2613.616	-2719.585	105.9698	1.601679	0.795663	0.204337	0.6752683
18360	-2611.231	-2717.194	105.9632	1.601679	0.778385	0.221615	0.6875151
18366	-2612.654	-2718.563	105.9093	1.539796	0.798516	0.201484	0.85366
18372	-2614.351	-2720.334	105.9836	1.395472	0.798516	0.201484	0.9332083
18378	-2620.606	-2726.528	105.9222	1.45705	0.688779	0.311221	0.9329698
18384	-2622.765	-2728.78	106.0148	1.42514	0.806886	0.193114	0.8645837
18390	-2625.222	-2731.132	105.9098	1.426395	0.754108	0.245892	0.9781672
18396	-2629.933	-2735.896	105.9633	1.653048	0.754108	0.245892	0.5524247
18402	-2627.215	-2733.127	105.9114	1.705044	0.799939	0.200061	0.5520133
18408	-2625.675	-2731.52	105.8453	1.773147	0.718054	0.281946	0.5399142
18414	-2622.84	-2728.759	105.9189	1.664539	0.707793	0.292207	0.6509236
18420	-2624.511	-2730.332	105.8214	1.79709	0.709892	0.290108	0.4621698
18426	-2624.951	-2730.761	105.8098	1.811629	0.77702	0.22298	0.5003668
18432	-2628.266	-2734.17	105.9042	1.659602	0.767822	0.232178	0.6896092
18438	-2626.232	-2732.266	106.0337	1.553187	0.704478	0.295522	0.6431967
18444	-2625.862	-2731.849	105.987	1.376251	0.655783	0.344217	0.9500824
18450	-2622.771	-2728.72	105.9492	1.430446	0.778945	0.221055	0.9325971
18456	-2619.41	-2725.359	105.9482	1.449596	0.829894	0.170106	0.9127485
18462	-2613.4	-2719.437	106.0365	1.514735	0.747027	0.252973	0.7114399
18468	-2621.206	-2727.159	105.9533	1.556017	0.732737	0.267263	0.775618
18474	-2625.953	-2731.886	105.933	1.557207	0.716494	0.283506	0.8016806
18480	-2619.124	-2725.07	105.9463	1.4296	0.803973	0.196027	0.9366104
18486	-2624.612	-2730.366	105.7536	1.289249	0.760507	0.239493	1.245794
18492	-2627.306	-2732.938	105.6317	1.175608	0.625317	0.374683	1.433866
18498	-2632.906	-2738.673	105.7677	1.039586	0.714603	0.285397	1.433866
18504	-2626.547	-2731.916	105.3693	1.114325	0.797025	0.202975	1.672693
18510	-2626.094	-2731.955	105.8612	1.158709	0.697434	0.302566	1.264844
18516	-2628.711	-2734.389	105.6786	1.058678	0.66438	0.33562	1.487092
18522	-2631.826	-2737.678	105.8519	1.197576	0.743443	0.256557	1.240216
18528	-2630.602	-2736.387	105.7849	1.17782	0.809236	0.190764	1.311561
18534	-2628.693	-2734.427	105.7338	1.267057	0.809236	0.190764	1.280516
18540	-2620.358	-2726.252	105.8935	1.218214	0.820197	0.179803	1.187297
18546	-2621.932	-2727.825	105.8932	1.218466	0.75599	0.24401	1.187297
18552	-2627.094	-2732.939	105.8447	1.251806	0.828237	0.171763	1.200369
18558	-2628.832	-2734.687	105.8551	1.113574	0.77893	0.22107	1.306763
18564	-2624.496	-2730.273	105.7767	1.16005	0.91452	0.0854803	1.332468
18570	-2639.497	-2745.09	105.5932	1.112527	0.791504	0.208496	1.51078
18576	-2637.538	-2742.914	105.3765	1.081767	0.791504	0.208496	1.690793
18582	-2627.257	-2733.276	106.0189	1.324291	0.788929	0.211071	0.9710335
18588	-2620.741	-2726.654	105.9129	1.546504	0.789212	0.210788	0.8410237
18594	-2624.917	-2730.83	105.9131	1.507547	0.740555	0.259445	0.8870886
18600	-2623.243	-2729.301	106.058	1.518308	0.759621	0.240379	0.6656151
18606	-2623.832	-2729.739	105.9074	1.666463	0.699783	0.300217	0.6704614
18612	-2631.214	-2737.131	105.9166	1.68814	0.719824	0.280176	0.5971387
18618	-2624.787	-2730.684	105.8971	1.72256	0.824885	0.175115	0.5308145
18624	-2619.728	-2725.565	105.8368	1.784555	0.713375	0.286625	0.5059127
18630	-2635.168	-2740.874	105.7058	1.312193	0.777715	0.222285	1.266419
18636	-2627.157	-2733.064	105.907	1.339675	0.777796	0.222204	1.065864
18642	-2626.429	-2732.179	105.7497	1.862533	0.739744	0.260256	0.4351954
18648	-2623.882	-2729.668	105.7862	1.835315	0.780864	0.219136	0.501107
18654	-2627.336	-2733.235	105.8991	1.721165	0.768452	0.231548	0.5252613
18660	-2634.358	-2740.271	105.9128	1.368733	0.743404	0.256596	1.032552
18666	-2626.031	-2732.013	105.982	1.323965	0.817199	0.182801	1.008583
18672	-2615.359	-2721.252	105.8933	1.37766	0.812001	0.187999	1.042754
18678	-2621.986	-2727.797	105.81	1.203406	0.713406	0.286594	1.270153
18684	-2626.975	-2733.063	106.0885	1.255138	0.751588	0.248412	0.9705622
18690	-2621.119	-2727.123	106.0039	1.417927	0.751588	0.248412	0.8857172
18696	-2629.127	-2735.026	105.8983	1.240762	0.739501	0.260499	1.163521
18702	-2627.202	-2732.975	105.7732	1.365854	0.779571	0.220429	1.163521
18708	-2635.915	-2741.56	105.6452	1.25447	0.798827	0.201173	1.361925
18714	-2623.931	-2729.831	105.8995	1.462654	0.748583	0.251417	0.9512229
18720	-2629.866	-2735.813	105.9475	1.590774	0.704302	0.295698	0.7325169
18726	-2632.426	-2738.402	105.9765	1.507963	0.776827	0.223173	0.8092266
18732	-2632.364	-2738.282	105.9184	1.582767	0.758707	0.241293	0.7868785
18738	-2638.553	-2744.455	105.9019	1.696606	0.749476	0.250524	0.6149202
18744	-2627.169	-2733.049	105.8792	1.64417	0.748399	0.251601	0.7553348
18750	-2626.435	-2732.325	105.8904	1.463065	0.733307	0.266693	0.9603349
18756	-2630.134	-2736.147	106.0133	1.527532	0.724441	0.275559	0.7285748
18762	-2620.958	-2726.898	105.9395	1.402645	0.824204	0.175796	0.97205
18768	-2617.008	-2723.011	106.0022	1.45468	0.731019	0.268981	0.8441368
18774	-2624.888	-2730.853	105.9648	1.341817	0.82414	0.17586	1.008013
18780	-2628.188	-2734.164	105.9762	1.594695	0.664814	0.335186	0.6762334
18786	-2626.23	-2732.205	105.9747	1.48208	0.77486	0.22514	0.8442842
18792	-2629.783	-2735.76	105.9768	1.50616	0.787275	0.212725	0.8112749
18798	-2630.125	-2736.077	105.9526	1.513146	0.759727	0.240273	0.8332012
18804	-2629.114	-2735.001	105.8872	1.334834	0.723875	0.276125	1.088896
18810	-2625.727	-2731.556	105.8286	1.410641	0.782738	0.217262	1.072843
18816	-2627.132	-2732.965	105.8331	1.367105	0.770446	0.229554	1.108873
18822	-2624.057	-2729.978	105.9215	1.523611	0.711744	0.288256	0.8584438
18828	-2628.457	-2734.352	105.8949	1.164478	0.783571	0.216429	1.231887
18834	-2631.085	-2736.604	105.5188	0.9557336	0.702853	0.297147	1.679202
18840	-2626.78	-2731.862	105.0816	0.9611156	0.81353	0.18647	1.97665
18846	-2622.205	-2727.51	105.3053	0.9410486	0.753884	0.246116	1.838618
18852	-2631.372	-2737.233	105.8612	1.297955	0.700134	0.299866	1.145791
18858	-2633.487	-2739.139	105.6523	1.220515	0.879647	0.120353	1.383069
18864	-2620.604	-2726.274	105.6707	1.220972	0.729493	0.270507	1.368273
18870	-2621.064	-2726.829	105.7651	1.227875	0.791944	0.208056	1.286973
18876	-2619.777	-2725.563	105.7859	1.278037	0.791944	0.208056	1.228093
18882	-2621.39	-2727.184	105.7943	1.154273	0.701704	0.298296	1.322991
18888	-2621.368	-2726.999	105.631	1.165889	0.732796	0.267204	1.441828
18894	-2628.983	-2734.426	105.4428	1.143195	0.800526	0.199474	1.598969
18900	-2635.5	-2741.069	105.5688	1.340072	0.72781	0.27219	1.354681
18906	-2629.107	-2734.986	105.8793	1.192036	0.663092	0.336908	1.221819
18912	-2626.532	-2732.34	105.8076	1.306301	0.767748	0.232252	1.185361
18918	-2629.437	-2735.32	105.8828	1.241722	0.750987	0.249013	1.176169
18924	-2622.86	-2728.434	105.5742	1.124588	0.717274	0.282726	1.515964
18930	-2624.554	-2730.355	105.8006	1.313298	0.798617	0.201383	1.185364
18936	-2628.525	-2734.327	105.8021	1.311844	0.798617	0.201383	1.185364
18942	-2629.125	-2734.974	105.8484	1.287024	0.762822	0.237178	1.166635
18948	-2622.455	-2728.234	105.7795	1.211235	0.815173	0.184827	1.288798
18954	-2630.259	-2736.165	105.9056	1.12737	0.7786	0.2214	1.253975
18960	-2627.455	-2733.354	105.8983	1.141161	0.756413	0.243587	1.248545
18966	-2627.348	-2732.919	105.5704	1.123191	0.751792	0.248208	1.519817
18972	-2625.861	-2731.644	105.7825	1.192486	0.631208	0.368792	1.301582
18978	-2624.662	-2730.385	105.7232	1.147471	0.755714	0.244286	1.384701
18984	-2624.023	-2729.992	105.9685	1.494409	0.737053	0.262947	0.836708
18990	-2623.929	-2729.949	106.0199	1.233508	0.742801	0.257199	1.059474
18996	-2634.03	-2739.816	105.7854	1.17761	0.846914	0.153086	1.31133
19002	-2624.996	-2730.849	105.8528	1.262896	0.81704	0.18296	1.183803
19008	-2618.29	-2723.834	105.5441	1.235554	0.752263	0.247737	1.454951
19014	-2614.426	-2720.388	105.9615	1.338933	0.750319	0.249681	1.01405
19020	-2614.179	-2719.999	105.8205	1.250382	0.774791	0.225209	1.222182
19026	-2618.756	-2724.577	105.821	1.346104	0.807726	0.192274	1.138665
19032	-2630.374	-2736.237	105.8631	1.304004	0.752055	0.247945	1.138665
19038	-2631.266	-2737.262	105.9959	1.329848	0.722893	0.277107	0.9888451
19044	-2627.798	-2733.758	105.9594	1.262451	0.747663	0.252337	1.088985
19050	-2613.664	-2719.68	106.0161	1.478686	0.760702	0.239298	0.7955958
19056	-2622.352	-2728.389	106.0371	1.525949	0.769137	0.230863	0.6909806
19062	-2621.511	-2727.537	106.0255	1.529238	0.694797	0.305203	0.7055395
19068	-2622.272	-2728.245	105.9729	1.521967	0.722579	0.277421	0.7954515
19074	-2624.155	-2730.221	106.0658	1.429072	0.695953	0.304047	0.7954515
19080	-2632.137	-2738.169	106.0316	1.373151	0.745823	0.254177	0.9050657
19086	-2630.66	-2736.555	105.8943	1.653946	0.745823	0.254177	0.7164629
19092	-2627.811	-2733.68	105.8692	1.592816	0.748529	0.251471	0.8378904
19098	-2621.816	-2727.693	105.8774	1.691488	0.748529	0.251471	0.6800718
19104	-2628.836	-2734.658	105.8213	1.793069	0.748529	0.251471	0.5620683
19110	-2624.917	-2730.837	105.92	1.69904	0.763531	0.236469	0.5356664
19116	-2630.525	-2736.234	105.709	1.911289	0.733144	0.266856	0.4758277
19122	-2627.444	-2733.098	105.6539	1.95265	0.843182	0.156818	0.418422
19128	-2630.443	-2736.118	105.6753	1.931227	0.668224	0.331776	0.418422
19134	-2623.574	-2729.364	105.79	1.831	0.781315	0.218685	0.4846667
19140	-2626.677	-2732.301	105.624	1.964606	0.817111	0.182889	0.3825177
19146	-2624.066	-2729.81	105.7446	1.868401	0.7706	0.2294	0.4375796
19152	-2627.025	-2732.832	105.8076	1.813796	0.735356	0.264644	0.4962352
19158	-2618.984	-2724.787	105.803	1.813796	0.759488	0.240512	0.4534402
19164	-2613.97	-2719.791	105.8203	1.790993	0.775887	0.224113	0.4321069
19170	-2623.522	-2729.286	105.7637	1.847582	0.755753	0.244247	0.4321069
19176	-2620.182	-2726.01	105.8282	1.792772	0.753188	0.246812	0.5167211
19182	-2618.834	-2724.681	105.8469	1.74302	0.810633	0.189367	0.6362331
19188	-2619.999	-2725.965	105.9661	1.621184	0.76972	0.23028	0.6424678
19194	-2616.106	-2722.035	105.9297	1.664574	0.732485	0.267515	0.6258852
19200	-2628.382	-2734.24	105.8576	1.738452	0.719702	0.280298	0.6214164
19206	-2623.423	-2729.351	105.9279	1.641879	0.744647	0.255353	0.6785298
19212	-2626.961	-2732.827	105.8664	1.714934	0.662328	0.337672	0.6552839
19218	-2614.209	-2720.079	105.8699	1.723883	0.776399	0.223601	0.6271686
19224	-2622.981	-2728.273	105.2929	2.191806	0.745791	0.254209	0.2819287
19230	-2631.583	-2737.506	105.9232	1.31313	0.670026	0.329974	1.075556
19236	-2618.808	-2724.706	105.8985	1.353723	0.741229	0.258771	1.060664
19242	-2634.502	-2739.855	105.3531	2.113697	0.719755	0.280245	0.2709203
19248	-2629.73	-2735.038	105.3086	2.185719	0.834652	0.165348	0.2883415
19254	-2624.452	-2729.676	105.2236	2.227509	0.768745	0.231255	0.2619656
19260	-2639.595	-2745.547	105.9522	1.424228	0.698429	0.301571	0.9360123
19266	-2642.18	-2748.181	106.0007	1.425129	0.785711	0.214289	0.8810684
19272	-2627.621	-2733.01	105.3894	2.148674	0.825129	0.174871	0.3225852
19278	-2622.723	-2728.393	105.6704	1.941467	0.748271	0.251729	0.4338048
19284	-2625.799	-2731.559	105.7598	1.861004	0.759801	0.240199	0.4814739
19290	-2631.869	-2737.836	105.9678	1.579125	0.842218	0.157782	0.7186721
19296	-2622.858	-2728.851	105.9931	1.568081	0.793802	0.206198	0.6942288
19302	-2620.951	-2726.893	105.9417	1.641465	0.805147	0.194853	0.6514116
19308	-2621.102	-2726.945	105.8431	1.754747	0.730637	0.269363	0.6166478
19314	-2619.364	-2725.207	105.8434	1.741004	0.76539	0.23461	0.6486577
19320	-2617.199	-2723.126	105.927	1.657469	0.722462	0.277538	0.6486577
19326	-2612.901	-2718.851	105.9497	1.648666	0.745178	0.254822	0.6153119
19332	-2629.221	-2735.115	105.8933	1.721032	0.76776	0.23224	0.4424888
19338	-2619.698	-2725.628	105.9303	1.596875	0.673273	0.326727	0.7497144
19344	-2620.17	-2725.943	105.773	1.848288	0.791094	0.208906	0.5105094
19350	-2624.965	-2730.781	105.8162	1.805265	0.688589	0.311411	0.504113
19356	-2623.582	-2729.321	105.7394	1.870172	0.814591	0.185409	0.4266843
19362	-2623.321	-2729.371	106.0496	1.295324	0.785432	0.214568	0.9691951
19368	-2620.227	-2726.295	106.0684	1.263245	0.763306	0.236694	0.9828659
19374	-2624.584	-2730.501	105.9171	1.396439	0.686107	0.313893	1.001063
19380	-2620.744	-2726.792	106.0486	1.326037	0.686107	0.313893	0.9379888
19386	-2626.58	-2732.649	106.0687	1.209463	0.700499	0.299501	1.035817
19392	-2630.697	-2736.538	105.8402	1.780471	0.796474	0.203526	0.4798561
19398	-2630.262	-2735.974	105.7113	1.888972	0.796474	0.203526	0.404072
19404	-2629.367	-2735.065	105.6985	1.093437	0.757704	0.242296	1.445641
19410	-2625.45	-2731.352	105.9019	1.64776	0.821406	0.178594	0.714157
19416	-2618.325	-2724.325	106.0005	1.520468	0.755951	0.244049	0.7588976
19422	-2622.649	-2728.644	105.9954	1.510313	0.749719	0.250281	0.7806323
19428	-2628.641	-2734.587	105.9464	1.455676	0.734926	0.265074	0.9080294
19434	-2626.758	-2732.248	105.4898	0.9787892	0.770636	0.229364	1.683444
19440	-2629.82	-2735.851	106.0313	1.403174	0.79041	0.20959	0.8710824
19446	-2621.944	-2727.958	106.0143	1.482797	0.760924	0.239076	0.7924019
19452	-2622.402	-2728.337	105.9352	1.348915	0.72462	0.27538	1.030093
19458	-2621.986	-2727.813	105.8269	1.261628	0.762227	0.237773	1.207184
19464	-2630.691	-2736.709	106.0183	1.576413	0.85118	0.14882	0.6248
19470	-2630.511	-2736.503	105.9919	1.545691	0.785024	0.214976	0.7335848
19476	-2627.423	-2733.379	105.9561	1.594916	0.775816	0.224184	0.7119346
19482	-2618.995	-2724.938	105.9434	1.60124	0.740782	0.259218	0.7224402
19488	-2623.742	-2729.612	105.8704	1.670699	0.781846	0.218154	0.7281597
19494	-2626.175	-2732.051	105.8763	1.670699	0.765223	0.234777	0.7186115
19500	-2624.377	-2730.307	105.9301	1.647387	0.619833	0.380167	0.6634019
19506	-2634.901	-2740.811	105.9103	1.68257	0.734927	0.265073	0.629222
19512	-2618.102	-2723.684	105.5817	1.100672	0.756184	0.243816	1.528169
19518	-2630.208	-2735.781	105.5726	1.258458	0.763521	0.236479	1.415546
19524	-2621.631	-2727.341	105.7107	1.189598	0.741075	0.258925	1.361462
19530	-2624.722	-2730.373	105.6519	1.085093	0.722439	0.277561	1.487322
19536	-2627.022	-2732.899	105.8772	1.136483	0.679501	0.320499	1.269935
19542	-2635.978	-2741.857	105.8789	1.742265	0.639854	0.360146	0.5114506
19548	-2623.582	-2729.49	105.9078	1.679196	0.777433	0.222567	0.6430732
19554	-2621.77	-2727.812	106.0424	1.525201	0.772916	0.227084	0.6824822
19560	-2621.601	-2727.629	106.0272	1.559187	0.777078	0.222922	0.6443293
19566	-2624.373	-2730.345	105.9716	1.559187	0.788175	0.211825	0.7442079
19572	-2623.365	-2729.358	105.9929	1.524363	0.723755	0.276245	0.7642401
19578	-2622.001	-2728.039	106.0387	1.47547	0.744886	0.255114	0.768729
19584	-2633.052	-2738.911	105.8596	1.733979	0.727848	0.272152	0.6276271
19590	-2622.732	-2728.697	105.9651	1.567782	0.813729	0.186271	0.7409271
19596	-2622.39	-2728.39	106.0004	1.608989	0.735728	0.264272	0.5819379
19602	-2617.355	-2723.229	105.8739	1.738169	0.854071	0.145929	0.5715722
19608	-2620.488	-2726.264	105.7755	1.842135	0.885539	0.114461	0.5452428
19614	-2619.32	-2724.967	105.6471	1.959742	0.780058	0.219942	0.4193287
19620	-2631.198	-2737.126	105.9282	1.679247	0.77397	0.22603	0.5884135
19626	-2635.296	-2741.191	105.8948	1.70084	0.79117	0.20883	0.6224172
19632	-2626.387	-2731.989	105.6024	2.003351	0.802251	0.197749	0.4164287
19638	-2623.57	-2729.171	105.6007	1.994888	0.805415	0.194585	0.3946878
19644	-2630.541	-2736.449	105.9081	1.457989	0.784945	0.215055	0.9471209
19650	-2625.22	-2730.974	105.754	1.856635	0.855131	0.144869	0.430049
19656	-2617.226	-2722.969	105.7425	1.857639	0.790747	0.209253	0.4036031
19662	-2624.204	-2729.979	105.7747	1.822599	0.790747	0.209253	0.3979641
19668	-2619.222	-2725.154	105.9319	1.650314	0.781108	0.218892	0.6535837
19674	-2638.501	-2744.512	106.0106	1.504525	0.74811	0.25189	0.7672763
19680	-2625.476	-2731.368	105.8928	1.660379	0.729422	0.270578	0.7082317
19686	-2641.345	-2747.293	105.9489	1.609746	0.797289	0.202711	0.6987386
19692	-2632.185	-2738.052	105.8672	1.598038	0.70119	0.29881	0.8338844
19698	-2628.432	-2734.298	105.8662	1.599024	0.694419	0.305581	0.8338844
19704	-2627.557	-2733.174	105.6174	1.057037	0.735164	0.264836	1.534033
19710	-2626.978	-2732.569	105.5901	1.137543	0.672062	0.327938	1.49431
19716	-2627.944	-2733.46	105.5158	1.146113	0.740129	0.259871	1.543316
19722	-2626.267	-2732.27	106.0025	1.540908	0.70566	0.29434	0.7243805
19728	-2624.417	-2730.365	105.9479	1.647794	0.613995	0.386005	0.6223407
19734	-2630.753	-2736.522	105.7695	1.847516	0.782808	0.217192	0.4540435
19740	-2620.926	-2726.836	105.9099	1.56842	0.748648	0.251352	0.8172217
19746	-2621.643	-2727.597	105.9546	1.525206	0.753163	0.246837	0.8152638
19752	-2632.465	-2738.244	105.7795	1.589829	0.738439	0.261561	0.9436489
19758	-2622.687	-2728.663	105.9769	1.485956	0.828772	0.171228	0.8367638
19764	-2623.08	-2728.896	105.8162	1.470516	0.738679	0.261321	1.027541
19770	-2621.199	-2727.121	105.9217	1.51368	0.78612	0.21388	0.8699395
19776	-2624.938	-2730.883	105.945	1.491032	0.840005	0.159995	0.8691852
19782	-2615.476	-2721.393	105.9172	1.531425	0.763821	0.236179	0.8541564
19788	-2617.956	-2723.864	105.9074	1.54123	0.789247	0.210753	0.8541564
19794	-2620.243	-2726.241	105.9974	1.482454	0.830427	0.169573	0.8152248
19800	-2623.466	-2729.376	105.9106	1.592707	0.766939	0.233061	0.7839874
19806	-2619.9	-2725.799	105.8989	1.719299	0.748501	0.251499	0.5413639
19812	-2629.386	-2734.941	105.5546	1.062576	0.759888	0.240112	1.57628
19818	-2625.473	-2730.883	105.4105	1.09527	0.707426	0.292574	1.656913
19824	-2634.172	-2740.094	105.9219	1.673903	0.772699	0.227301	0.6220845
19830	-2626.698	-2732.495	105.7971	1.153165	0.728642	0.271358	1.32162
19836	-2622.455	-2728.232	105.7762	1.221675	0.7604	0.2396	1.282918
19842	-2625.406	-2731.269	105.8639	1.284669	0.736494	0.263506	1.155139
19848	-2627.318	-2733.195	105.8769	1.138435	0.725289	0.274711	1.268574
19854	-2620.27	-2725.633	105.3631	0.9469471	0.740028	0.259972	1.794721
19860	-2628.485	-2734.345	105.8599	1.684567	0.777235	0.222765	0.7226062
19866	-2635.683	-2741.665	105.9816	1.611888	0.81019	0.18981	0.6278418
19872	-2622.927	-2728.9	105.9729	1.537415	0.808264	0.191736	0.7741086
19878	-2623.325	-2729.275	105.9497	1.541229	0.75101	0.24899	0.8007409
19884	-2624.786	-2730.677	105.8917	1.714139	0.833749	0.166251	0.5937293
19890	-2623.036	-2728.933	105.8976	1.473624	0.738781	0.261219	0.9416575
19896	-2625.358	-2731.369	106.0109	1.421511	0.844855	0.155145	0.8734022
19902	-2618.318	-2724.189	105.8709	1.747698	0.780675	0.219325	0.5386356
19908	-2623.787	-2729.508	105.7213	1.889926	0.753926	0.246074	0.4316931
19914	-2622.727	-2728.564	105.8364	1.785019	0.779349	0.220651	0.5033194
19920	-2627.235	-2733.212	105.9767	1.420554	0.779078	0.220922	0.9133815
19926	-2620.978	-2726.781	105.8021	1.44148	0.731647	0.268353	1.06877
19932	-2616.704	-2722.64	105.936	1.307565	0.739662	0.260338	1.06877
19938	-2629.624	-2735.372	105.7481	1.210124	0.755166	0.244834	1.315201
19944	-2627.151	-2732.808	105.6572	1.207399	0.774159	0.225841	1.389441
19950	-2630.059	-2735.715	105.6554	1.093971	0.72145	0.27855	1.477961
19956	-2639.051	-2744.981	105.9302	1.112684	0.754138	0.245862	1.245735
19962	-2627.971	-2733.429	105.4578	1.024511	0.754138	0.245862	1.673657
19968	-2629.994	-2734.948	104.9542	1.061154	0.754138	0.245862	1.994969
19974	-2633.914	-2739.862	105.9475	1.623677	0.774278	0.225722	0.6758118
19980	-2628.19	-2733.855	105.6652	1.070339	0.648762	0.351238	1.488394
19986	-2625.701	-2730.992	105.291	1.062493	0.740019	0.259981	1.764493
19992	-2627.662	-2733.514	105.852	1.769393	0.72941	0.27059	0.4948797
19998	-2627.835	-2733.598	105.7631	1.858054	0.733774	0.266226	0.5126864
20004	-2623.247	-2729.143	105.8958	1.718455	0.710478	0.289522	0.5623615
20010	-2631.773	-2737.454	105.6818	1.214242	0.765248	0.234752	1.36482
20016	-2627.317	-2733.257	105.9403	1.320034	0.840665	0.159335	1.052959
20022	-2637.639	-2743.569	105.9305	1.616505	0.815278	0.184722	0.7184633
20028	-2625.31	-2731.354	106.0439	1.458501	0.746519	0.253481	0.7852186
20034	-2622.667	-2728.653	105.9859	1.542292	0.828317	0.171683	0.7481497
20040	-2619.135	-2725.09	105.9549	1.659636	0.821513	0.178487	0.5609985
20046	-2620.754	-2726.568	105.8139	1.780206	0.821513	0.178487	0.6262053
20052	-2619.199	-2725	105.8006	1.820618	0.785017	0.214983	0.4889625
20058	-2617.334	-2723.187	105.8531	1.767216	0.814286	0.185714	0.4767312
20064	-2619.534	-2725.213	105.6795	1.377102	0.716601	0.283399	1.234207
20070	-2617.919	-2723.83	105.9111	1.708621	0.755515	0.244485	0.5305092
20076	-2618.269	-2724.239	105.9698	1.636544	0.726291	0.273709	0.5922434
20082	-2638.877	-2744.848	105.9707	1.446715	0.776211	0.223789	0.8908109
20088	-2631.483	-2737.433	105.9492	1.483834	0.776053	0.223947	0.8727154
20094	-2619.858	-2725.731	105.8732	1.746885	0.812561	0.187439	0.527024
20100	-2632.387	-2737.989	105.6018	1.005314	0.735127	0.264873	1.583578
20106	-2631.668	-2736.94	105.2723	1.090108	0.777487	0.222513	1.758266
20112	-2635.299	-2740.593	105.2941	1.014874	0.670439	0.329561	1.795483
20118	-2628.955	-2734.061	105.1055	1.084677	0.714494	0.285506	1.877073
20124	-2625.002	-2730.807	105.8057	1.815618	0.725277	0.274723	0.4926063
20130	-2618.638	-2724.299	105.6608	1.930051	0.742127	0.257873	0.3862472
20136	-2623.049	-2728.678	105.6294	1.930051	0.791927	0.208073	0.3439483
20142	-2630.561	-2736.49	105.9291	1.625147	0.714279	0.285721	0.7063488
20148	-2630.876	-2736.819	105.9427	1.577141	0.763707	0.236293	0.7604424
20154	-2623.272	-2729.315	106.0428	1.465326	0.718331	0.281669	0.7772235
20160	-2619.973	-2725.328	105.3551	2.12909	0.719303	0.280697	0.281597
20166	-2631.471	-2736.861	105.3894	2.12909	0.720275	0.279725	0.3060668
20172	-2632.922	-2738.802	105.8798	1.736828	0.751453	0.248547	0.5509465
20178	-2621.616	-2727.565	105.9483	1.668323	0.778108	0.221892	0.5509465
20184	-2619.713	-2725.623	105.9099	1.701434	0.778108	0.221892	0.5747268
20190	-2629.342	-2735.306	105.964	1.637174	0.797828	0.202172	0.6077044
20196	-2632.413	-2738.456	106.0428	1.483866	0.777163	0.222837	0.7503944
20202	-2637.773	-2742.897	105.1239	2.277022	0.828356	0.171644	0.237005
20208	-2627.235	-2732.514	105.2792	2.190494	0.808167	0.191833	0.2726385
20214	-2623.012	-2728.62	105.6079	1.986719	0.740648	0.259352	0.3928351
20220	-2619.014	-2724.692	105.6779	1.920713	0.729556	0.270444	0.4004809
20226	-2619.284	-2725.015	105.7309	1.877604	0.796457	0.203543	0.4237417
20232	-2635.251	-2741.251	106.0001	1.430002	0.719907	0.280093	0.8762063
20238	-2624.881	-2730.9	106.0188	1.321625	0.754811	0.245189	0.9738896
20244	-2621.27	-2727.075	105.8046	1.309369	0.798396	0.201604	1.185319
20250	-2626.317	-2732.192	105.8749	1.239072	0.776781	0.223219	1.185319
20256	-2625.471	-2731.488	106.0171	1.462058	0.697072	0.302928	0.8161842
20262	-2632.416	-2738.239	105.8221	1.523831	0.860167	0.139833	0.968192
20268	-2637.996	-2744.002	106.006	1.402677	0.68782	0.31218	0.9006417
20274	-2627.366	-2733.168	105.8019	1.819582	0.674697	0.325303	0.5002641
20280	-2627.444	-2733.35	105.9056	1.715396	0.837982	0.162018	0.5161858
20286	-2626.502	-2732.451	105.9493	1.661393	0.728529	0.271471	0.5769525
20292	-2622.484	-2728.46	105.9759	1.57435	0.779574	0.220426	0.7130852
20298	-2622.2	-2728.203	106.0033	1.430541	0.807242	0.192758	0.8717466
20304	-2630.797	-2736.738	105.9406	1.49329	0.813501	0.186499	0.8717466
20310	-2624.63	-2730.637	106.0077	1.49329	0.794893	0.205107	0.787142
20316	-2630.74	-2736.695	105.9554	1.636567	0.752411	0.247589	0.6313846
20322	-2617.569	-2723.449	105.8808	1.711161	0.788409	0.211591	0.6313846
20328	-2619.975	-2725.95	105.9749	1.445117	0.854556	0.145444	0.8877924
20334	-2612.532	-2718.557	106.0245	1.395555	0.747585	0.252415	0.8877924
20340	-2617.484	-2723.521	106.0365	1.371519	0.746109	0.253891	0.9014401
20346	-2614.334	-2720.191	105.8563	1.462001	0.686857	0.313143	0.9962815
20352	-2617.581	-2723.505	105.9243	1.644137	0.739985	0.260015	0.6809773
20358	-2618.742	-2724.723	105.981	1.528645	0.801058	0.198942	0.77505
20364	-2623.172	-2729.072	105.8993	1.243516	0.747639	0.252361	1.160153
20370	-2622.347	-2728.304	105.9564	1.191162	0.84229	0.15771	1.156046
20376	-2622.637	-2728.194	105.557	1.147187	0.780399	0.219601	1.511866
20382	-2622.815	-2728.555	105.7398	1.104006	0.773647	0.226353	1.405662
20388	-2621.921	-2727.777	105.8563	1.21442	0.837191	0.162809	1.222332
20394	-2623.611	-2729.577	105.966	1.243995	0.806998	0.193002	1.099916
20400	-2624.768	-2730.747	105.9789	1.435959	0.740449	0.259551	0.8936779
20406	-2626.134	-2732.125	105.9913	1.423568	0.804648	0.195352	0.8936779
20412	-2625.268	-2731.22	105.9515	1.485465	0.713059	0.286941	0.8681289
20418	-2620.965	-2726.982	106.0177	1.538864	0.72645	0.27355	0.7023585
20424	-2624.893	-2730.875	105.9827	1.621849	0.80016	0.19984	0.5975866
20430	-2634.415	-2740.329	105.9147	1.220301	0.736142	0.263858	1.167027
20436	-2628.319	-2734.234	105.914	1.220988	0.736142	0.263858	1.167027
20442	-2628.191	-2734.17	105.9794	1.574082	0.808522	0.191478	0.7076566
20448	-2621.079	-2727.067	105.9876	1.500301	0.827776	0.172224	0.8047124
20454	-2612.794	-2718.776	105.9819	1.491739	0.785085	0.214915	0.8232299
20460	-2619.704	-2725.708	106.0034	1.470261	0.714094	0.285906	0.8232299
20466	-2631.794	-2737.641	105.8473	1.733163	0.699602	0.300398	0.6571509
20472	-2629.942	-2735.882	105.9402	1.64896	0.794792	0.205208	0.6380487
20478	-2627.724	-2733.665	105.941	1.64896	0.760212	0.239788	0.6361623
20484	-2635.533	-2741.451	105.9185	1.579257	0.732113	0.267887	0.7915403
20490	-2632.262	-2738.215	105.9523	1.611188	0.712479	0.287521	0.690163
20496	-2634.367	-2740.342	105.9744	1.582269	0.779203	0.220797	0.70221
20502	-2619.243	-2725.116	105.8735	1.210916	0.801565	0.198435	1.210678
20508	-2623.107	-2729.173	106.0663	1.265683	0.789249	0.210751	0.9825292
20514	-2627.662	-2733.386	105.7243	1.330329	0.811045	0.188955	1.23588
20520	-2619.914	-2725.72	105.8058	1.257165	0.783884	0.216116	1.22889
20526	-2625.496	-2731.302	105.8064	1.25652	0.712394	0.287606	1.22889
20532	-2616.562	-2722.47	105.9081	1.274964	0.655995	0.344005	1.124435
20538	-2618.229	-2724.221	105.9917	1.342441	0.731462	0.268538	0.9802295
20544	-2619.489	-2725.339	105.8497	1.30653	0.711325	0.288675	1.148373
20550	-2618.355	-2724.301	105.9454	1.439936	0.779747	0.220253	0.9264196
20556	-2622.839	-2728.738	105.8985	1.502116	0.828907	0.171093	0.9096018
20562	-2627.122	-2732.799	105.6779	1.930628	0.808413	0.191587	0.4237689
20568	-2626.25	-2732.177	105.9267	1.685794	0.677799	0.322201	0.5699822
20574	-2625.189	-2731.22	106.0311	1.561631	0.733124	0.266876	0.6295765
20580	-2619.669	-2725.432	105.7631	1.27545	0.790776	0.209224	1.249324
20586	-2619.134	-2725.102	105.968	1.334734	0.735398	0.264602	1.011802
20592	-2621.935	-2727.808	105.8733	1.224509	0.724778	0.275222	1.199271
20598	-2619.15	-2725.133	105.9835	1.250673	0.810938	0.189062	1.077585
20604	-2623.43	-2729.391	105.9609	1.288275	0.745754	0.254246	1.063515
20610	-2632.459	-2737.702	105.2426	2.214869	0.761459	0.238541	0.2655222
20616	-2634.702	-2740.148	105.446	2.10941	0.706556	0.293444	0.3395816
20622	-2625.314	-2731.217	105.9026	1.289793	0.77641	0.22359	1.115971
20628	-2635.582	-2741.549	105.9674	1.314089	0.817099	0.182901	1.0326
20634	-2627.095	-2732.996	105.9005	1.33501	0.7807	0.2193	1.07632
20640	-2630.823	-2736.34	105.5169	2.026956	0.70836	0.29164	0.3280071
20646	-2625.064	-2730.637	105.5732	2.026956	0.70836	0.29164	0.4037006
20652	-2629.828	-2735.821	105.9934	1.515935	0.746085	0.253915	0.7755947
20658	-2625.525	-2731.539	106.0141	1.540356	0.746085	0.253915	0.7061162
20664	-2620.218	-2726.195	105.978	1.625828	0.721038	0.278962	0.6000333
20670	-2627.133	-2732.93	105.797	1.81744	0.710192	0.289808	0.4430999
20676	-2630.706	-2736.501	105.795	1.826139	0.610489	0.389511	0.4879144
20682	-2623.35	-2729.033	105.6828	1.894019	0.711881	0.288119	0.365092
20688	-2620.428	-2726.225	105.7968	1.820829	0.711881	0.288119	0.4575998
20694	-2618.273	-2723.949	105.6754	1.929298	0.762871	0.237129	0.4138928
20700	-2622.129	-2727.821	105.6918	1.899559	0.751071	0.248929	0.3871641
20706	-2620.248	-2725.671	105.4233	2.122305	0.759019	0.240981	0.3296207
20712	-2628.301	-2733.826	105.5251	2.031504	0.759019	0.240981	0.3408829
20718	-2628.117	-2733.549	105.432	2.11425	0.834421	0.165579	0.3303234
20724	-2621.588	-2727.341	105.7527	1.354447	0.760958	0.239042	1.191236
20730	-2627.393	-2733.167	105.7736	1.83288	0.810855	0.189145	0.4184207
20736	-2629.592	-2735.275	105.6824	1.924059	0.651109	0.348891	0.4184207
20742	-2624.092	-2729.793	105.7013	1.899623	0.786328	0.213672	0.4052981
20748	-2627.015	-2732.745	105.7305	1.89009	0.739832	0.260168	0.4797161
20754	-2624.365	-2730.242	105.8769	1.744521	0.771722	0.228278	0.4983561
20760	-2626.642	-2732.474	105.8323	1.783295	0.673037	0.326963	0.5560481
20766	-2619.373	-2725.274	105.9007	1.714124	0.707754	0.292246	0.5599389
20772	-2617.925	-2723.807	105.882	1.737172	0.722618	0.277382	0.5344596
20778	-2628.502	-2734.425	105.9227	1.664302	0.790053	0.209947	0.6429666
20784	-2623.922	-2729.84	105.9183	1.626171	0.745158	0.254842	0.7226627
20790	-2625.13	-2731.051	105.921	1.562622	0.646171	0.353829	0.8103655
20796	-2629.527	-2735.457	105.9301	1.560828	0.802082	0.197918	0.8006648
20802	-2623.844	-2729.72	105.8764	1.540553	0.802082	0.197918	0.891331
20808	-2622.535	-2728.485	105.95	1.28506	0.691985	0.308015	1.076774
20814	-2622.542	-2728.507	105.9653	1.240172	0.804106	0.195894	1.104078
20820	-2622.221	-2728.15	105.9288	1.279173	0.77173	0.22827	1.101747
20826	-2630.238	-2736.197	105.9584	1.220125	0.857152	0.142848	1.128497
20832	-2617.768	-2723.747	105.9789	1.320313	0.709925	0.290075	1.015248
20838	-2622.036	-2727.811	105.7744	1.314851	0.78504	0.21496	1.206562
20844	-2627.056	-2732.92	105.8641	1.753033	0.70467	0.29533	0.5477563
20850	-2627.084	-2732.96	105.8762	1.734645	0.639083	0.360917	0.5765493
20856	-2627.818	-2733.652	105.8342	1.782799	0.758853	0.241147	0.5488555
20862	-2622.332	-2728.284	105.9525	1.326078	0.774293	0.225707	1.035429
20868	-2622.396	-2728.358	105.9618	1.379051	0.761961	0.238039	0.97337
20874	-2620.039	-2726.03	105.9911	1.506234	0.883287	0.116713	0.7921565
20880	-2627.885	-2733.808	105.9235	1.318714	0.799667	0.200333	1.070019
20886	-2634.367	-2739.765	105.3979	1.265705	0.704108	0.295892	1.5421
20892	-2621.146	-2726.779	105.6333	1.257405	0.74716	0.25284	1.369014
20898	-2614.365	-2720.286	105.9209	1.344501	0.72807	0.27193	1.04812
20904	-2618.215	-2724.078	105.8628	1.29643	0.81532	0.18468	1.145706
20910	-2628.197	-2734.088	105.8911	1.71616	0.714415	0.285585	0.5890516
20916	-2625.089	-2731.01	105.9212	1.67917	0.841169	0.158831	0.6097463
20922	-2623.763	-2729.638	105.8758	1.739905	0.793624	0.206376	0.5557549
20928	-2623.438	-2729.312	105.8739	1.738059	0.827673	0.172327	0.5720543
20934	-2629.026	-2734.759	105.733	1.199154	0.763254	0.236746	1.336155
20940	-2624.095	-2730.003	105.9084	1.286147	0.822761	0.177239	1.114061
20946	-2624.612	-2730.389	105.7763	1.275643	0.738665	0.261335	1.238104
20952	-2623.173	-2729.049	105.8755	1.309144	0.749027	0.250973	1.122968
20958	-2624.845	-2730.854	106.0092	1.417415	0.756975	0.243025	0.8801825
20964	-2633.746	-2739.743	105.9972	1.47462	0.855541	0.144459	0.8254806
20970	-2623.87	-2729.856	105.9863	1.407774	0.73186	0.26814	0.916843
20976	-2626.891	-2732.864	105.9728	1.442644	0.774976	0.225024	0.8929813
20982	-2627.868	-2733.871	106.0032	1.548278	0.755651	0.244349	0.711034
20988	-2626.081	-2732.149	106.067	1.428609	0.755651	0.244349	0.7943963
20994	-2620.3	-2726.186	105.8862	1.218466	0.797106	0.202894	1.193384
21000	-2625.98	-2731.935	105.9554	1.265481	0.765367	0.234633	1.089881
21006	-2623.822	-2729.783	105.961	1.25996	0.765367	0.234633	1.089881
21012	-2627.808	-2733.786	105.9778	1.316499	0.677064	0.322936	1.020097
21018	-2624.791	-2730.707	105.9156	1.452021	0.728962	0.271038	0.9454413
21024	-2625.844	-2731.904	106.0596	1.436255	0.833746	0.166254	0.7941546
21030	-2628.026	-2734.002	105.976	1.302861	0.635456	0.364544	1.03512
21036	-2621.434	-2727.33	105.8957	1.420583	0.829807	0.170193	0.9983441
21042	-2616.458	-2722.466	106.0088	1.450527	0.642607	0.357393	0.8410963
21048	-2619.838	-2725.696	105.8584	1.427616	0.716075	0.283925	1.02825
21054	-2623.095	-2729.063	105.9685	1.444851	0.677778	0.322222	0.8953291
21060	-2627.599	-2733.621	106.0223	1.379657	0.749386	0.250614	0.9081279
21066	-2622.96	-2728.872	105.9123	1.432668	0.713593	0.286407	0.969192
21072	-2618.38	-2724.027	105.6468	1.155692	0.803994	0.196006	1.437558
21078	-2628.744	-2734.303	105.5598	1.070597	0.823277	0.176723	1.566539
21084	-2621.545	-2727.388	105.843	1.196128	0.719718	0.280282	1.248887
21090	-2627.193	-2733.099	105.9058	1.262004	0.719718	0.280282	1.138033
21096	-2642.223	-2748.058	105.8341	1.413659	0.686792	0.313208	1.06482
21102	-2626.614	-2732.506	105.8922	1.370883	0.718601	0.281399	1.050298
21108	-2624.088	-2729.974	105.8863	1.314708	0.819986	0.180014	1.108157
21114	-2614.523	-2720.426	105.9034	1.297641	0.702158	0.297842	1.108157
21120	-2616.464	-2722.393	105.9284	1.272559	0.694865	0.305135	1.108157
21126	-2621.937	-2727.697	105.7599	1.338946	0.802203	0.197797	1.198363
21132	-2623.295	-2729.161	105.8655	1.262696	0.857056	0.142944	1.172973
21138	-2631.971	-2737.952	105.9803	1.221111	0.733752	0.266248	1.107802
21144	-2631.076	-2736.788	105.7122	1.104956	0.853182	0.146818	1.426264
21150	-2635.485	-2741.387	105.9013	1.180829	0.75847	0.24153	1.212642
21156	-2631.775	-2737.613	105.8382	1.172153	0.739677	0.260323	1.272705
21162	-2624.848	-2730.416	105.5679	1.085994	0.79908	0.20092	1.549271
21168	-2623.37	-2728.915	105.5455	1.108393	0.783368	0.216632	1.549271
21174	-2630.398	-2736.189	105.7909	1.05319	0.788673	0.211327	1.405448
21180	-2627.189	-2732.977	105.7883	1.128133	0.654756	0.345244	1.348669
21186	-2626.942	-2732.76	105.8181	1.146811	0.746962	0.253038	1.309781
21192	-2628.827	-2734.705	105.8781	1.178972	0.786195	0.213805	1.233855
21198	-2626.325	-2732.16	105.8358	1.357568	0.80008	0.19992	1.11508
21204	-2627.759	-2733.788	106.0295	1.457511	0.840473	0.159527	0.8059527
21210	-2635.053	-2740.999	105.9455	1.270041	0.687892	0.312108	1.094804
21216	-2629.972	-2735.653	105.681	1.317658	0.775044	0.224956	1.282333
21222	-2626.277	-2732.213	105.9361	1.48596	0.740769	0.259231	0.8854038
21228	-2627.94	-2733.843	105.9029	1.633417	0.724571	0.275429	0.7356552
21234	-2625.989	-2731.815	105.8256	1.633417	0.764414	0.235586	0.8414977
21240	-2610.77	-2716.658	105.8876	1.709938	0.735532	0.264468	0.6176422
21246	-2619.252	-2725.131	105.8797	1.668304	0.719367	0.280633	0.7168684
21252	-2625.629	-2731.536	105.9062	1.667445	0.780555	0.219445	0.6710296
21258	-2627.232	-2733.143	105.9113	1.667445	0.692227	0.307773	0.6608341
21264	-2624.916	-2730.844	105.9274	1.599894	0.764414	0.235586	0.7495096
21270	-2632.778	-2738.652	105.8736	1.452949	0.817117	0.182883	0.9879585
21276	-2631.037	-2736.985	105.9482	1.401949	0.729232	0.270768	0.9637621
21282	-2631.366	-2737.147	105.7803	1.379098	0.71228	0.28772	1.145521
21288	-2628.24	-2733.944	105.7035	1.34809	0.674641	0.325359	1.23848
21294	-2623.532	-2729.472	105.9397	1.519174	0.807135	0.192865	0.8416668
21300	-2623.093	-2728.698	105.6043	1.239071	0.664616	0.335384	1.40596
21306	-2624.805	-2729.801	104.9962	1.033927	0.703452	0.296548	1.985052
21312	-2620.583	-2726.577	105.9946	1.45129	0.729545	0.270455	0.8574393
21318	-2621.982	-2727.931	105.9495	1.659421	0.81143	0.18857	0.5836133
21324	-2625.173	-2731.049	105.8766	1.732236	0.806928	0.193072	0.5836133
21330	-2625.368	-2731.299	105.9306	1.627846	0.662141	0.337859	0.6990984
21336	-2624.472	-2730.474	106.002	1.519222	0.844769	0.155231	0.7584978
21342	-2619.372	-2725.266	105.8934	1.30505	0.698588	0.301412	1.110459
21348	-2626.614	-2732.592	105.9781	1.343573	0.844895	0.155105	0.9928824
21354	-2627.764	-2733.577	105.813	1.191187	0.778938	0.221062	1.277768
21360	-2629.649	-2735.607	105.9573	1.563128	0.671726	0.328274	0.7596148
21366	-2623.407	-2729.393	105.9858	1.503352	0.75381	0.24619	0.8031304
21372	-2621.287	-2727.331	106.0438	1.32955	0.733713	0.266287	0.9393081
21378	-2617.861	-2723.708	105.8467	1.344533	0.737679	0.262321	1.117011
21384	-2620.172	-2726.036	105.8639	1.4534	0.719052	0.280948	0.9973309
21390	-2640.758	-2746.576	105.8173	1.260688	0.754369	0.245631	1.216129
21396	-2630.668	-2736.454	105.7864	1.30436	0.763821	0.236179	1.205324
21402	-2619.182	-2725.089	105.907	1.594933	0.768188	0.231812	0.7858091
21408	-2624.199	-2730.226	106.0272	1.502668	0.774279	0.225721	0.7455061
21414	-2628.337	-2734.273	105.9361	1.35467	0.785718	0.214282	1.023561
21420	-2624.75	-2730.747	105.997	1.455901	0.785718	0.214282	0.8490602
21426	-2632.227	-2738.157	105.9294	1.600464	0.707429	0.292571	0.7455229
21432	-2631.785	-2737.615	105.83	1.790309	0.744519	0.255481	0.4765536
21438	-2625.545	-2731.38	105.8352	1.78622	0.653588	0.346412	0.494556
21444	-2625.671	-2731.706	106.0348	1.465463	0.719496	0.280504	0.7881445
21450	-2629.408	-2735.379	105.9705	1.509003	0.781519	0.218481	0.815659
21456	-2633.463	-2739.502	106.039	1.413416	0.808949	0.191051	0.8496349
21462	-2625.748	-2731.752	106.0042	1.401539	0.694103	0.305897	0.9039798
21468	-2625.022	-2730.953	105.9314	1.474318	0.702769	0.297231	0.9039798
21474	-2635.924	-2741.915	105.991	1.505118	0.743745	0.256255	0.7938246
21480	-2636.985	-2742.94	105.9548	1.530736	0.746699	0.253301	0.8079175
21486	-2633.311	-2739.35	106.0389	1.470108	0.729909	0.270091	0.7759846
21492	-2631.118	-2737.082	105.964	1.436511	0.815152	0.184848	0.9097499
21498	-2632.615	-2738.575	105.9601	1.493862	0.753536	0.246464	0.8477401
21504	-2630.604	-2736.496	105.8918	1.41734	0.840725	0.159275	1.005429
21510	-2629.279	-2734.842	105.563	1.178866	0.677737	0.322263	1.483595
21516	-2632.23	-2738.102	105.8725	1.218935	0.777011	0.222989	1.204724
21522	-2626.715	-2732.656	105.9418	1.294134	0.723531	0.276469	1.07593
21528	-2636.282	-2742.115	105.8327	1.424193	0.737619	0.262381	1.056176
21534	-2629.692	-2735.494	105.8018	1.276262	0.815375	0.184625	1.216067
21540	-2626.69	-2732.558	105.8683	1.309208	0.684421	0.315579	1.129398
21546	-2628.056	-2733.872	105.8161	1.333227	0.621959	0.378041	1.154466
21552	-2624.761	-2730.785	106.0248	1.338246	0.729606	0.270394	0.9503425
21558	-2618.234	-2724.147	105.913	1.450013	0.740987	0.259013	0.9503425
21564	-2619.443	-2725.489	106.0459	1.387294	0.777128	0.222872	0.8725378
21570	-2620.823	-2726.891	106.0674	1.485073	0.777128	0.222872	0.7093375
21576	-2622.443	-2728.492	106.0485	1.489842	0.790855	0.209145	0.7324333
21582	-2627.847	-2733.802	105.9553	1.502178	0.805247	0.194753	0.8433831
21588	-2623.719	-2729.754	106.0347	1.471632	0.771027	0.228973	0.7797392
21594	-2623.104	-2729.044	105.9408	1.207294	0.79211	0.20789	1.155581
21600	-2627.343	-2733.292	105.9492	1.283391	0.719817	0.280183	1.079044
21606	-2617.403	-2723.31	105.9068	1.444654	0.830268	0.169732	0.9623993
21612	-2619.702	-2725.631	105.9293	1.422234	0.781037	0.218963	0.9623993
21618	-2617.504	-2723.466	105.9616	1.370543	0.830244	0.169756	0.982294
21624	-2620.137	-2726.078	105.9419	1.462922	0.760081	0.239919	0.9049911
21630	-2619.463	-2725.217	105.7534	1.233322	0.783403	0.216597	1.29207
21636	-2614.785	-2720.661	105.8766	1.351489	0.758584	0.241416	1.083274
21642	-2616.421	-2722.194	105.7728	1.338924	0.767376	0.232624	1.187253
21648	-2617.51	-2723.341	105.8313	1.2805	0.728686	0.271314	1.187253
21654	-2629.178	-2735.093	105.9156	1.705914	0.807738	0.192262	0.4981272
21660	-2626.166	-2732.014	105.8482	1.750442	0.785932	0.214068	0.6146646
21666	-2625.085	-2731.005	105.9198	1.679017	0.763951	0.236049	0.6140589
21672	-2630.165	-2736.069	105.9039	1.694954	0.713616	0.286384	0.6140589
21678	-2631.477	-2737.493	106.0159	1.588478	0.713616	0.286384	0.5983698
21684	-2626.304	-2732.21	105.9056	1.682481	0.748683	0.251317	0.6406381
21690	-2625.209	-2731.113	105.9041	1.627518	0.775164	0.224836	0.7429367
21696	-2631.251	-2737.177	105.9258	1.526181	0.732011	0.267989	0.8501587
21702	-2628.15	-2734.132	105.9824	1.58533	0.74092	0.25908	0.6822876
21708	-2627.622	-2733.622	106	1.52975	0.729586	0.270414	0.7458085
21714	-2624.81	-2730.876	106.0654	1.464293	0.78334	0.21666	0.7458085
21720	-2626.348	-2732.338	105.9902	1.488815	0.779083	0.220917	0.8163602
21726	-2619.975	-2725.889	105.9144	1.306581	0.787469	0.212531	1.089832
21732	-2619.815	-2725.755	105.9395	1.3948	0.752747	0.247253	0.9801293
21738	-2624.443	-2730.312	105.8684	1.260931	0.802566	0.197434	1.172022
21744	-2626.553	-2732.47	105.9174	1.692496	0.768826	0.231174	0.5799829
21750	-2619.482	-2725.264	105.7821	1.348033	0.730497	0.269503	1.171302
21756	-2620.699	-2726.348	105.6481	1.326262	0.834763	0.165237	1.302091
21762	-2620.619	-2726.457	105.8377	1.237972	0.700715	0.299285	1.218151
21768	-2634.134	-2739.6	105.4658	1.233823	0.700715	0.299285	1.515283
21774	-2626.011	-2731.761	105.7496	1.243359	0.705258	0.294742	1.28701
21780	-2632.285	-2738.097	105.8119	1.374389	0.743819	0.256181	1.121468
21786	-2632.479	-2738.407	105.9279	1.227721	0.726787	0.273213	1.148942
21792	-2626.746	-2732.651	105.9048	1.397678	0.717138	0.282862	1.012111
21798	-2619.483	-2725.369	105.8863	1.41617	0.776347	0.223653	1.012111
21804	-2621.537	-2727.459	105.9217	1.362843	0.748154	0.251846	1.029662
21810	-2624.541	-2730.402	105.8609	1.738243	0.771209	0.228791	0.6132459
21816	-2620.146	-2726.052	105.9062	1.691937	0.805251	0.194749	0.6159808
21822	-2621.506	-2727.561	106.0552	1.391772	0.754628	0.245372	0.8562373
21828	-2614.084	-2720.103	106.0194	1.402911	0.783317	0.216683	0.8852119
21834	-2615.449	-2721.483	106.034	1.51888	0.751777	0.248223	0.7087495
21840	-2624.677	-2730.524	105.8463	1.763188	0.751777	0.248223	0.5815541
21846	-2625.696	-2731.674	105.9784	1.621574	0.751777	0.248223	0.6110194
21852	-2628.445	-2734.408	105.9636	1.395795	0.695376	0.304624	0.9541193
21858	-2616.482	-2722.3	105.8178	1.361993	0.686642	0.313358	1.127341
21864	-2629.513	-2735.403	105.89	1.321903	0.731636	0.268364	1.098195
21870	-2615.78	-2721.686	105.9058	1.372766	0.756339	0.243661	1.035476
21876	-2631.326	-2737.305	105.9788	1.433746	0.804453	0.195547	0.8963317
21882	-2625.184	-2731.131	105.9471	1.498214	0.78101	0.21899	0.858171
21888	-2620.264	-2726.252	105.9884	1.365156	0.749004	0.250996	0.9601985
21894	-2625.669	-2731.559	105.8904	1.162308	0.796491	0.203509	1.237471
21900	-2620.576	-2726.46	105.8832	1.271341	0.692709	0.307291	1.149827
21906	-2620.576	-2726.359	105.7829	1.371643	0.692709	0.307291	1.149827
21912	-2631.237	-2737.183	105.9454	1.344164	0.760618	0.239382	1.024737
21918	-2625.047	-2730.938	105.8913	1.375694	0.817426	0.182574	1.046604
21924	-2633.112	-2738.813	105.7014	1.049351	0.718286	0.281714	1.476915
21930	-2633.734	-2739.552	105.8186	1.52356	0.785631	0.214369	0.9720376
21936	-2628.146	-2734.157	106.0102	1.525256	0.704462	0.295538	0.7369451
21942	-2627.047	-2732.857	105.8094	1.253761	0.753718	0.246282	1.228692
21948	-2620.095	-2725.939	105.8435	1.378163	0.771135	0.228865	1.08923
21954	-2626.563	-2732.675	106.1129	1.418212	0.824806	0.175194	0.743739
21960	-2621.553	-2727.531	105.9783	1.521376	0.733791	0.266209	0.7889566
21966	-2624.312	-2730.305	105.9926	1.542511	0.784858	0.215142	0.7374872
21972	-2625.741	-2731.724	105.9838	1.332207	0.727329	0.272671	0.9986287
21978	-2626.771	-2732.747	105.9767	1.380645	0.722562	0.277438	0.9562946
21984	-2623.538	-2729.538	106.0006	1.581974	0.769065	0.230935	0.6527081
21990	-2626.235	-2732.15	105.9147	1.401714	0.843075	0.156925	0.9981937
21996	-2623.725	-2729.424	105.6992	1.32698	0.735053	0.264947	1.259626
22002	-2629.368	-2735.254	105.8858	1.351049	0.690538	0.309462	1.07506
22008	-2630.619	-2736.471	105.8528	1.351698	0.703013	0.296987	1.105
22014	-2628.48	-2734.45	105.97	1.330384	0.826337	0.173663	1.014173
22020	-2625.156	-2730.792	105.6363	1.949463	0.726887	0.273113	0.378047
22026	-2630.567	-2736.136	105.5683	1.99351	0.758389	0.241611	0.3465266
22032	-2626.83	-2732.479	105.6492	1.967152	0.85808	0.14192	0.4511233
22038	-2623.892	-2729.575	105.6829	1.931303	0.778882	0.221118	0.4422411
22044	-2622.696	-2728.419	105.7228	1.890822	0.769267	0.230733	0.4399526
22050	-2624.601	-2730.346	105.7445	1.87679	0.680835	0.319165	0.5088189
22056	-2619.495	-2725.167	105.6724	1.910487	0.789357	0.210643	0.3736931
22062	-2623.214	-2728.836	105.6217	1.953754	0.710538	0.289462	0.3632933
22068	-2620.129	-2725.818	105.6882	1.90703	0.716977	0.283023	0.3940223
22074	-2636.547	-2742.261	105.7136	1.88806	0.703613	0.296387	0.4070501
22080	-2618.294	-2724.119	105.8257	1.795449	0.79172	0.20828	0.4882475
22086	-2624.565	-2730.45	105.8853	1.734495	0.666477	0.333523	0.5295816
22092	-2624.768	-2730.59	105.8214	1.798215	0.763492	0.236508	0.5307929
22098	-2621.447	-2727.283	105.8366	1.780788	0.694063	0.305937	0.4559638
22104	-2618.134	-2723.931	105.797	1.823839	0.738157	0.261843	0.5183293
22110	-2626.506	-2732.312	105.8059	1.453753	0.820701	0.179299	1.053597
22116	-2621.961	-2727.953	105.9918	1.445801	0.725057	0.274943	0.8673398
22122	-2622.731	-2728.726	105.9956	1.442041	0.7354	0.2646	0.8673398
22128	-2627.931	-2733.945	106.0145	1.423161	0.816806	0.183194	0.8672612
22134	-2626.615	-2732.532	105.917	1.663042	0.827228	0.172772	0.6581228
22140	-2618.549	-2724.453	105.9033	1.686064	0.693193	0.306807	0.637664
22146	-2630.413	-2736.323	105.9094	1.711167	0.750852	0.249148	0.5219759
22152	-2619.741	-2725.464	105.7231	1.893848	0.769886	0.230114	0.4538007
22158	-2626.311	-2732.053	105.7415	1.875453	0.802673	0.197327	0.4538007
22164	-2631.507	-2737.561	106.0532	1.337744	0.832728	0.167272	0.9203513
22170	-2619.17	-2724.777	105.607	1.990403	0.763976	0.236024	0.3981926
22176	-2617.512	-2723.026	105.5144	2.02147	0.753079	0.246921	0.3205984
22182	-2615.343	-2721.09	105.7463	1.869169	0.773788	0.226212	0.4471058
22188	-2627.807	-2733.507	105.7	1.898773	0.771426	0.228574	0.4008859
22194	-2633.895	-2739.791	105.8959	1.641453	0.590591	0.409409	0.7340817
22200	-2626.815	-2732.812	105.9976	1.476886	0.61928	0.38072	0.8222087
22206	-2624.911	-2730.929	106.0171	1.530154	0.674888	0.325112	0.7181019
22212	-2622.732	-2728.645	105.9135	1.589766	0.770032	0.229968	0.7839957
22218	-2631.541	-2737.458	105.9169	1.662125	0.767757	0.232243	0.6600988
22224	-2626.973	-2732.836	105.863	1.744482	0.717789	0.282211	0.5885123
22230	-2631.114	-2737.158	106.0444	1.550695	0.669217	0.330783	0.6237428
22236	-2627.216	-2733.12	105.9039	1.613118	0.736514	0.263486	0.7645997
22242	-2624.471	-2730.242	105.7716	1.515705	0.81071	0.18929	1.027003
22248	-2630.552	-2736.492	105.94	1.493001	0.879451	0.120549	0.872821
22254	-2625.213	-2731.187	105.974	1.312128	0.829049	0.170951	1.028109
22260	-2630.046	-2736.154	106.1076	1.274968	0.738022	0.261978	0.9294545
22266	-2620.542	-2726.54	105.9983	1.38236	0.744397	0.255603	0.9315246
22272	-2617.528	-2723.481	105.9531	1.447067	0.825576	0.174424	0.9101849
22278	-2621.265	-2727.253	105.9878	1.599376	0.818906	0.181094	0.6426347
22284	-2631.166	-2737.071	105.9044	1.578236	0.70674	0.29326	0.8116983
22290	-2627.59	-2733.63	106.0402	1.496745	0.79757	0.20243	0.7345937
22296	-2621.472	-2727.471	105.9993	1.569758	0.766401	0.233599	0.6798665
22302	-2622.827	-2728.793	105.966	1.606028	0.775178	0.224822	0.674219
22308	-2625.924	-2731.921	105.9967	1.575284	0.833683	0.166317	0.674219
22314	-2636.165	-2742.053	105.8875	1.733993	0.830825	0.169175	0.4991574
22320	-2621.784	-2727.74	105.9563	1.535551	0.727247	0.272753	0.7995285
22326	-2621.725	-2727.645	105.9201	1.664342	0.727247	0.272753	0.6486955
22332	-2630.486	-2736.34	105.8544	1.765732	0.753995	0.246005	0.5267729
22338	-2629.518	-2735.405	105.8871	1.734119	0.735999	0.264001	0.5113647
22344	-2627.441	-2733.205	105.7636	1.857818	0.753369	0.246631	0.497698
22350	-2629.457	-2735.313	105.8562	1.756587	0.770384	0.229616	0.5689625
22356	-2639.162	-2745.166	106.0044	1.566672	0.732312	0.267688	0.6759414
22362	-2622.862	-2728.717	105.8547	1.759913	0.749296	0.250704	0.5609885
22368	-2623.637	-2729.519	105.8819	1.736979	0.718273	0.281727	0.5365202
22374	-2624.548	-2730.41	105.862	1.75932	0.729132	0.270868	0.5074871
22380	-2615.611	-2721.46	105.8494	1.771326	0.729132	0.270868	0.5191484
22386	-2615.369	-2721.207	105.8375	1.783424	0.807294	0.192706	0.4841963
22392	-2625.674	-2731.594	105.9197	1.441746	0.866065	0.133935	0.9519953
22398	-2628.8	-2734.735	105.9353	1.629368	0.771672	0.228328	0.6879272
22404	-2625.917	-2731.72	105.8038	1.814296	0.66699	0.33301	0.5420174
22410	-2620.682	-2726.468	105.7861	1.833709	0.768433	0.231567	0.4714473
22416	-2622.129	-2727.843	105.714	1.893032	0.652208	0.347792	0.4197063
22422	-2629.591	-2735.252	105.6614	1.935522	0.759513	0.240487	0.3972639
22428	-2623.356	-2729.161	105.8056	1.811823	0.792426	0.207574	0.456314
22434	-2621.244	-2727.144	105.8999	1.449255	0.767836	0.232164	0.9648623
22440	-2619.115	-2724.97	105.8553	1.435104	0.773365	0.226635	1.023935
22446	-2619.927	-2725.628	105.7014	1.227342	0.743675	0.256325	1.338828
22452	-2631.027	-2736.897	105.8692	1.749913	0.752946	0.247054	0.535167
22458	-2625.119	-2731.008	105.8889	1.725941	0.809525	0.190475	0.5598578
22464	-2620.415	-2726.296	105.8814	1.733396	0.713534	0.286466	0.5598578
22470	-2622.265	-2728.101	105.836	1.782984	0.713534	0.286466	0.5362807
22476	-2625.106	-2730.942	105.8354	1.767053	0.84136	0.15864	0.6038993
22482	-2626.004	-2731.96	105.9559	1.423671	0.812928	0.187072	0.932701
22488	-2625.461	-2731.491	106.0302	1.254714	0.811357	0.188643	1.029317
22494	-2620.041	-2725.908	105.8665	1.185741	0.714341	0.285659	1.237889
22500	-2625.156	-2730.781	105.6254	1.253491	0.741076	0.258924	1.378306
22506	-2627.395	-2733.27	105.8751	1.119331	0.649456	0.350544	1.285745
22512	-2619.436	-2725.205	105.7685	1.161912	0.777912	0.222088	1.337489
22518	-2621.352	-2727.107	105.7549	1.250427	0.740385	0.259615	1.276811
22524	-2624.226	-2729.686	105.4596	1.087917	0.808887	0.191113	1.626919
22530	-2624.495	-2730.524	106.0287	1.471009	0.708335	0.291665	0.7889393
22536	-2626.114	-2732.078	105.9645	1.393235	0.779498	0.220502	0.9558716
22542	-2628.599	-2734.23	105.6312	1.327678	0.725203	0.274797	1.314665
22548	-2627.144	-2732.569	105.4243	1.154313	0.771131	0.228869	1.604342
22554	-2633.811	-2739.435	105.6238	1.036634	0.637693	0.362307	1.544449
22560	-2631.849	-2737.536	105.6871	1.159602	0.79355	0.20645	1.403391
22566	-2634.434	-2740.179	105.7458	1.100955	0.694309	0.305691	1.403391
22572	-2628.098	-2734.095	105.9971	1.469986	0.780084	0.219916	0.8314674
22578	-2620.648	-2726.661	106.0122	1.333103	0.780084	0.219916	0.9687776
22584	-2618.828	-2724.726	105.8982	1.245701	0.751758	0.248242	1.159251
22590	-2626.5	-2732.6	106.1001	1.414161	0.836185	0.163815	0.7685497
22596	-2630.967	-2736.972	106.0045	1.459133	0.691746	0.308254	0.8357743
22602	-2631.043	-2736.89	105.8471	1.272295	0.688835	0.311165	1.18061
22608	-2630.475	-2736.222	105.7468	1.23748	0.762445	0.237555	1.29408
22614	-2620.112	-2726.002	105.8908	1.175723	0.758739	0.241261	1.225893
22620	-2634.628	-2740.546	105.9182	1.262743	0.764531	0.235469	1.126334
22626	-2637.326	-2743.179	105.8524	1.250945	0.774001	0.225999	1.194529
22632	-2631.515	-2737.182	105.6673	1.18473	0.734675	0.265325	1.399261
22638	-2632.521	-2738.319	105.7981	1.190886	0.734675	0.265325	1.290194
22644	-2635.774	-2741.665	105.8913	1.435805	0.687484	0.312516	0.9874782
22650	-2628.855	-2734.805	105.9497	1.665255	0.802397	0.197603	0.5592658
22656	-2628.182	-2734.104	105.9223	1.513395	0.758997	0.241003	0.8695548
22662	-2628.918	-2734.889	105.9707	1.258027	0.734455	0.265545	1.08261
22668	-2626.614	-2732.509	105.8945	1.203856	0.844096	0.155904	1.198811
22674	-2620.103	-2725.892	105.7889	1.346033	0.766658	0.233342	1.167149
22680	-2626.505	-2732.412	105.908	1.460702	0.699237	0.300763	0.9443491
22686	-2622.64	-2728.62	105.9796	1.329999	0.728659	0.271341	1.004989
22692	-2623.471	-2729.366	105.895	1.629094	0.793048	0.206952	0.7542095
22698	-2625.26	-2731.293	106.0328	1.544048	0.831918	0.168082	0.6646918
22704	-2629.355	-2735.32	105.9655	1.606721	0.768153	0.231847	0.6737594
22710	-2627.821	-2733.599	105.7777	1.127521	0.80224	0.19776	1.357564
22716	-2626.348	-2732.3	105.9516	1.235596	0.80224	0.19776	1.120643
22722	-2616.17	-2722.08	105.9103	1.347325	0.747682	0.252318	1.055485
22728	-2622.677	-2728.747	106.0699	1.356776	0.798123	0.201877	0.8801563
22734	-2619.533	-2725.431	105.8987	1.356487	0.770944	0.229056	1.057816
22740	-2624.324	-2730.19	105.8656	1.389619	0.766756	0.233244	1.057816
22746	-2623.676	-2729.551	105.8744	1.412592	0.63973	0.36027	1.027263
22752	-2619.7	-2725.678	105.9778	1.241147	0.743999	0.256001	1.091725
22758	-2618.853	-2724.617	105.7637	1.159367	0.743999	0.256001	1.34337
22764	-2616.191	-2722.095	105.9033	1.33893	0.718812	0.281188	1.070045
22770	-2626.467	-2732.488	106.0208	1.559025	0.836937	0.163063	0.6585163
22776	-2625.715	-2731.674	105.9594	1.606465	0.840304	0.159696	0.6857143
22782	-2622.231	-2728.197	105.9655	1.491761	0.745634	0.254366	0.8436401
22788	-2623.33	-2729.25	105.9205	1.536859	0.826574	0.173426	0.8436401
22794	-2628.58	-2734.484	105.9044	1.469193	0.884891	0.115109	0.9391312
22800	-2638.735	-2744.594	105.8594	1.732559	0.777602	0.222398	0.6314677
22806	-2637.686	-2743.398	105.712	1.908157	0.814928	0.185072	0.5258027
22812	-2623.307	-2729.215	105.9079	1.696959	0.68913	0.31087	0.5967112
22818	-2624.666	-2730.606	105.9409	1.653016	0.68913	0.31087	0.6267991
22824	-2641.212	-2747.136	105.9243	1.666693	0.774147	0.225853	0.6339251
22830	-2636.298	-2742.335	106.037	1.525217	0.774147	0.225853	0.6923771
22836	-2629.709	-2735.624	105.9153	1.525631	0.774147	0.225853	0.8634328
22842	-2628.984	-2734.952	105.9686	1.615858	0.717794	0.282206	0.6485738
22848	-2626.253	-2732.14	105.8877	1.615858	0.68646	0.31354	0.7836171
22854	-2630.703	-2736.723	106.0201	1.559185	0.73675	0.26325	0.6597014
22860	-2634.001	-2739.921	105.9202	1.608147	0.732938	0.267062	0.7479371
22866	-2637.556	-2743.519	105.9627	1.608147	0.6713	0.3287	0.6763418
22872	-2620.522	-2726.466	105.9439	1.602883	0.720217	0.279783	0.7188763
22878	-2624.628	-2730.597	105.9692	1.614667	0.665347	0.334653	0.6500119
22884	-2625.325	-2731.272	105.9474	1.592306	0.670881	0.329119	0.7303196
22890	-2625.174	-2731.056	105.8827	1.538452	0.763775	0.236225	0.8864999
22896	-2626.243	-2732.087	105.8439	1.413116	0.730228	0.269772	1.056123
22902	-2625.283	-2731.057	105.7742	1.129639	0.712428	0.287572	1.358657
22908	-2625.059	-2731.002	105.9422	1.135853	0.762451	0.237549	1.216104
22914	-2630.58	-2735.516	104.9358	0.9666558	0.776201	0.223799	2.069808
22920	-2627.238	-2732.892	105.6541	1.075885	0.753676	0.246324	1.492577
22926	-2629.96	-2735.719	105.7585	1.095402	0.765637	0.234363	1.397778
22932	-2627.407	-2733.337	105.9308	1.103413	0.765637	0.234363	1.252974
22938	-2623.897	-2729.446	105.5495	1.098905	0.713087	0.286913	1.553268
22944	-2632.816	-2738.673	105.8566	1.277185	0.767991	0.232009	1.168079
22950	-2629.278	-2734.91	105.6322	0.8952225	0.770537	0.229463	1.641338
22956	-2624.406	-2730.072	105.6659	1.077838	0.802604	0.197396	1.482211
22962	-2626.889	-2732.555	105.6666	1.077084	0.798951	0.201049	1.482211
22968	-2630.411	-2736.163	105.7526	1.057501	0.77414	0.22586	1.431694
22974	-2634.949	-2740.358	105.4083	0.9994894	0.728245	0.271755	1.726453
22980	-2640.846	-2746.553	105.7071	0.9811563	0.840549	0.159451	1.523782
22986	-2645.191	-2750.078	104.8869	0.979385	0.729653	0.270347	2.09358
22992	-2637.425	-2742.637	105.2118	0.9799678	0.70155	0.29845	1.875975
22998	-2635.431	-2740.447	105.0164	1.067576	0.77678	0.22322	1.948953
23004	-2627.449	-2733.002	105.5528	1.980681	0.840577	0.159423	0.3185269
23010	-2625.974	-2731.428	105.4538	2.105904	0.775691	0.224309	0.3442131
23016	-2621.066	-2726.659	105.5927	2.010409	0.80459	0.19541	0.4101458
23022	-2626.008	-2731.911	105.9025	1.714421	0.708347	0.291653	0.5494876
23028	-2632.173	-2738.228	106.0552	1.500067	0.753113	0.246887	0.7047064
23034	-2625.467	-2731.038	105.5718	2.022192	0.790212	0.209788	0.391843
23040	-2626.134	-2731.654	105.5199	2.054701	0.700806	0.299194	0.3621308
23046	-2628.491	-2734.064	105.5724	1.981924	0.829462	0.170538	0.3384623
23052	-2630.308	-2736.251	105.9426	1.27522	0.808682	0.191318	1.092705
23058	-2635.411	-2741.265	105.8537	1.288245	0.81065	0.18935	1.160993
23064	-2628.345	-2734.266	105.921	1.499556	0.688366	0.311634	0.8871734
23070	-2635.55	-2741.582	106.0324	1.405951	0.719779	0.280221	0.8665274
23076	-2624.71	-2730.602	105.8921	1.394188	0.776317	0.223683	1.027978
23082	-2624.025	-2729.945	105.9201	1.681004	0.646513	0.353487	0.6078509
23088	-2623.448	-2729.388	105.9391	1.635759	0.752955	0.247045	0.6685205
23094	-2627.665	-2733.508	105.8431	1.24655	0.737538	0.262462	1.206254
23100	-2626.69	-2732.633	105.9427	1.367846	0.718777	0.281223	1.004024
23106	-2618.527	-2724.396	105.8697	1.340856	0.736315	0.263685	1.099389
23112	-2619.216	-2725.071	105.8548	1.280289	0.77437	0.22563	1.166935
23118	-2623.636	-2729.534	105.8984	1.2861	0.792128	0.207872	1.123129
23124	-2629.03	-2734.902	105.8723	1.194482	0.776153	0.223847	1.225645
23130	-2624.804	-2730.66	105.8556	1.253207	0.687168	0.312832	1.189763
23136	-2622.068	-2727.755	105.6864	1.348523	0.687168	0.312832	1.252403
23142	-2624.519	-2730.306	105.7875	1.356338	0.684421	0.315579	1.159277
23148	-2628.008	-2733.897	105.8898	1.304234	0.879628	0.120372	1.11451
23154	-2621.102	-2726.823	105.7211	1.111114	0.817969	0.182031	1.414645
23160	-2633.244	-2738.795	105.5514	1.135815	0.780004	0.219996	1.524568
23166	-2624.634	-2730.083	105.4492	1.102716	0.82601	0.17399	1.623714
23172	-2638.137	-2744.086	105.949	1.475233	0.738449	0.261551	0.8829802
23178	-2632.911	-2738.884	105.9721	1.421365	0.821504	0.178496	0.9175585
23184	-2631.425	-2737.342	105.9163	1.467996	0.859102	0.140898	0.927524
23190	-2619.269	-2725.17	105.9014	1.645193	0.796761	0.203239	0.7192719
23196	-2613.759	-2719.647	105.8878	1.401699	0.722232	0.277768	1.024862
23202	-2618.164	-2724.013	105.8489	1.234624	0.821599	0.178401	1.211449
23208	-2623.159	-2729.008	105.8491	1.234398	0.775163	0.224837	1.211449
23214	-2636.213	-2742.236	106.0224	1.43904	0.738693	0.261307	0.8385339
23220	-2636.8	-2742.809	106.0084	1.449417	0.738693	0.261307	0.8430367
23226	-2630.739	-2736.732	105.993	1.463741	0.746333	0.253667	0.8443789
23232	-2638.05	-2743.928	105.8781	1.314181	0.822851	0.177149	1.116089
23238	-2626.578	-2732.523	105.9452	1.37488	0.709664	0.290336	0.9945111
23244	-2630.152	-2735.967	105.8147	1.38181	0.81257	0.18743	1.112201
23250	-2628.47	-2734.266	105.7961	1.188311	0.698357	0.301643	1.293987
23256	-2620.038	-2725.826	105.7879	1.35805	0.730243	0.269757	1.15746
23262	-2621.152	-2726.873	105.7211	1.299319	0.825916	0.174084	1.264371
23268	-2635.284	-2741.04	105.7559	1.399004	0.713639	0.286361	1.149502
23274	-2639.606	-2745.468	105.8616	1.476904	0.731008	0.268992	0.9757735
23280	-2633.619	-2739.602	105.983	1.429801	0.731008	0.268992	0.8960184
23286	-2634.111	-2740.133	106.0228	1.354641	0.83884	0.16116	0.9349215
23292	-2642.956	-2748.807	105.8518	1.328863	0.725732	0.274268	1.126589
23298	-2638.218	-2743.999	105.7805	1.14036	0.602831	0.397169	1.345123
23304	-2635.395	-2741.386	105.9911	1.476101	0.771912	0.228088	0.8313921
23310	-2634.617	-2740.581	105.9637	1.594921	0.827417	0.172583	0.6987345
23316	-2632.454	-2738.487	106.0329	1.533006	0.78458	0.21542	0.6856994
23322	-2632.94	-2738.841	105.9018	1.589305	0.796732	0.203268	0.8005288
23328	-2620.477	-2726.473	105.9969	1.468911	0.772044	0.227956	0.833157
23334	-2620.704	-2726.641	105.9368	1.528997	0.850292	0.149708	0.833157
23340	-2630.724	-2736.355	105.6315	1.278124	0.620779	0.379221	1.354018
23346	-2622.249	-2727.919	105.6695	1.213743	0.626719	0.373281	1.374881
23352	-2618.16	-2724.021	105.8605	1.374694	0.805787	0.194213	1.076656
23358	-2619.144	-2725.017	105.8727	1.256127	0.805787	0.194213	1.172471
23364	-2617.822	-2723.685	105.863	1.241018	0.746424	0.253576	1.193926
23370	-2618.575	-2724.567	105.9929	1.379116	0.733295	0.266705	0.9408127
23376	-2615.611	-2721.618	106.0072	1.399368	0.734612	0.265388	0.9030419
23382	-2619.119	-2725.083	105.9643	1.442252	0.734612	0.265388	0.9030419
23388	-2620.906	-2726.904	105.9989	1.530528	0.810154	0.189846	0.7461697
23394	-2625.657	-2731.142	105.485	2.052966	0.790098	0.209902	0.3225203
23400	-2620.098	-2725.629	105.5308	2.007181	0.685894	0.314106	0.3225203
23406	-2622.655	-2728.152	105.4969	2.057331	0.692017	0.307983	0.3383301
23412	-2625.174	-2731.171	105.997	1.432242	0.714879	0.285121	0.877108
23418	-2626.508	-2732.521	106.0127	1.401576	0.825796	0.174204	0.8943672
23424	-2613.67	-2719.658	105.9883	1.465631	0.717796	0.282204	0.8477187
23430	-2616.206	-2722.163	105.9565	1.566439	0.664616	0.335384	0.7559679
23436	-2621.642	-2727.584	105.9419	1.566439	0.777412	0.222588	0.7769556
23442	-2618.051	-2724.041	105.9894	1.405124	0.738903	0.261097	0.9163462
23448	-2635.6	-2741.572	105.9714	1.486948	0.652381	0.347619	0.8423734
23454	-2624.307	-2730.27	105.9633	1.502095	0.656454	0.343546	0.8335712
23460	-2629.557	-2735.613	106.056	1.510305	0.650208	0.349792	0.68504
23466	-2616.906	-2722.848	105.9422	1.501577	0.760208	0.239792	0.8600159
23472	-2618.622	-2724.531	105.9089	1.38944	0.681568	0.318432	1.016178
23478	-2623.51	-2729.523	106.0126	1.240613	0.796577	0.203423	1.059717
23484	-2620.924	-2726.989	106.0645	1.307993	0.803832	0.196168	0.9403028
23490	-2619.779	-2725.488	105.7096	1.90242	0.756442	0.243558	0.4343948
23496	-2619.232	-2724.986	105.7539	1.858173	0.771446	0.228554	0.4343948
23502	-2627.844	-2733.67	105.8259	1.758828	0.742028	0.257972	0.6480964
23508	-2621.184	-2727.159	105.9741	1.618852	0.617337	0.382663	0.6291372
23514	-2619.1	-2724.897	105.7973	1.823473	0.697701	0.302299	0.5185741
23520	-2612.519	-2718.542	106.0233	1.565477	0.683873	0.316127	0.6388977
23526	-2611.412	-2717.406	105.9943	1.603717	0.860211	0.139789	0.6161698
23532	-2612.723	-2718.642	105.9186	1.674897	0.768799	0.231201	0.6277479
23538	-2625.905	-2731.819	105.9135	1.591293	0.711029	0.288971	0.7819399
23544	-2628.496	-2734.451	105.9548	1.370196	0.720728	0.279272	0.9895428
23550	-2625.766	-2731.773	106.0066	1.255805	0.692552	0.307448	1.05094
23556	-2636.194	-2742.26	106.066	1.222234	0.691287	0.308713	1.026064
23562	-2628.489	-2734.401	105.9123	1.24893	0.659591	0.340409	1.143947
23568	-2623.194	-2729.044	105.8494	1.280733	0.753359	0.246641	1.17133
23574	-2631.923	-2737.705	105.7827	1.228231	0.794931	0.205069	1.272216
23580	-2621.023	-2726.949	105.926	1.201324	0.806379	0.193621	1.17378
23586	-2622.772	-2728.667	105.8955	1.350054	0.761834	0.238166	1.066935
23592	-2630.339	-2736.143	105.8043	1.164947	0.863505	0.136495	1.306279
23598	-2624.234	-2729.944	105.71	1.22075	0.776511	0.223489	1.337206
23604	-2623.894	-2729.821	105.9268	1.32486	0.735939	0.264061	1.061195
23610	-2625.563	-2731.61	106.0475	1.312881	0.75503	0.24497	0.9530557
23616	-2626.652	-2732.589	105.9374	1.266558	0.773895	0.226105	1.105497
23622	-2620.818	-2726.797	105.9793	1.562997	0.755423	0.244577	0.7261351
23628	-2621.558	-2727.554	105.9955	1.469473	0.772158	0.227842	0.8340998
23634	-2619.969	-2725.963	105.9931	1.484679	0.788514	0.211486	0.817894
23640	-2625.545	-2731.359	105.8143	1.301476	0.756873	0.243127	1.183778
23646	-2626.741	-2732.231	105.4897	1.203724	0.772812	0.227188	1.5199
23652	-2626.028	-2731.635	105.607	1.086448	0.800083	0.199917	1.5199
23658	-2624.415	-2729.996	105.5803	1.121357	0.830951	0.169049	1.513755
23664	-2626.672	-2732.373	105.7006	1.163652	0.759254	0.240746	1.38975
23670	-2626.359	-2732.007	105.6481	1.105974	0.658514	0.341486	1.474393
23676	-2631.116	-2736.801	105.6851	1.12206	0.692737	0.307263	1.433931
23682	-2627.155	-2732.823	105.6678	1.152904	0.722993	0.277007	1.423534
23688	-2628.922	-2734.311	105.3891	0.9813236	0.791021	0.208979	1.752636
23694	-2628.238	-2733.615	105.3768	0.9936342	0.809905	0.190095	1.752636
23700	-2630.57	-2736.079	105.5088	1.08673	0.746681	0.253319	1.592035
23706	-2626.898	-2732.509	105.6114	1.043882	0.750938	0.249062	1.548192
23712	-2622.516	-2728.109	105.5927	1.062628	0.739061	0.260939	1.548192
23718	-2625.036	-2730.882	105.8462	1.253172	0.761213	0.238787	1.197872
23724	-2620.181	-2726.121	105.9402	1.159303	0.740676	0.259324	1.197763
23730	-2619.713	-2725.673	105.9605	1.301754	0.77777	0.22223	1.051067
23736	-2613.763	-2719.637	105.8739	1.301754	0.821097	0.178903	1.131021
23742	-2618.172	-2724.18	106.0081	1.329243	0.757699	0.242301	0.9769567
23748	-2621.787	-2727.775	105.9887	1.319767	0.691094	0.308906	1.006169
23754	-2620.792	-2726.546	105.754	1.070048	0.781407	0.218593	1.42091
23760	-2624.424	-2730.282	105.8576	1.187047	0.828508	0.171492	1.244253
23766	-2626.094	-2732.143	106.0493	1.432134	0.740315	0.259685	0.813237
23772	-2632.777	-2738.74	105.9627	1.630416	0.783449	0.216551	0.6288244
23778	-2636.263	-2742.254	105.9902	1.602821	0.842927	0.157073	0.6288244
23784	-2626.348	-2732.334	105.9861	1.377723	0.817247	0.182753	0.9494232
23790	-2629.456	-2735.394	105.9382	1.325714	0.785111	0.214889	1.049492
23796	-2624.095	-2730.064	105.9683	1.342124	0.742039	0.257961	1.004203
23802	-2619.07	-2724.986	105.9158	1.449619	0.806419	0.193581	0.9477392
23808	-2617.66	-2723.596	105.936	1.429509	0.799794	0.200206	0.9477392
23814	-2624.956	-2730.882	105.9265	1.54817	0.870358	0.129642	0.8218691
23820	-2629	-2734.942	105.9426	1.452735	0.843342	0.156658	0.9155029
23826	-2622.409	-2728.289	105.8798	1.395621	0.68412	0.31588	1.038497
23832	-2627.589	-2733.512	105.9231	1.352341	0.720957	0.279043	1.038497
23838	-2621.764	-2727.765	106.0004	1.27498	0.804348	0.195652	1.038497
23844	-2618.101	-2723.889	105.7875	1.278987	0.731564	0.268436	1.225937
23850	-2617.696	-2723.613	105.9175	1.286255	0.731564	0.268436	1.105652
23856	-2625.542	-2731.393	105.8511	1.22477	0.731564	0.268436	1.217977
23862	-2628.291	-2734.2	105.909	1.332176	0.738048	0.261952	1.070991
23868	-2624.264	-2730.287	106.0229	1.347309	0.740125	0.259875	0.9427515
23874	-2630.139	-2736.086	105.9473	1.150007	0.747725	0.252275	1.19972
23880	-2626.407	-2732.02	105.6133	1.136955	0.783985	0.216015	1.477281
23886	-2625.373	-2731.235	105.8621	1.286845	0.790735	0.209265	1.154797
23892	-2625.913	-2731.822	105.9088	1.225036	0.746427	0.253573	1.168062
23898	-2626.816	-2732.444	105.6289	1.187663	0.730047	0.269953	1.42675
23904	-2627.33	-2733.088	105.7581	1.117719	0.817475	0.182525	1.380731
23910	-2621.161	-2726.875	105.7147	1.153061	0.790498	0.209502	1.386983
23916	-2618.646	-2724.522	105.8761	1.269878	0.709412	0.290588	1.157389
23922	-2619.653	-2725.442	105.7889	1.118797	0.781694	0.218306	1.35557
23928	-2622.938	-2728.499	105.5612	1.133138	0.780975	0.219025	1.519231
23934	-2625.836	-2731.421	105.5857	0.9387625	0.721296	0.278704	1.643477
23940	-2623.52	-2729.129	105.6095	1.255895	0.721296	0.278704	1.388819
23946	-2629.953	-2735.791	105.8386	1.28799	0.826431	0.173569	1.174346
23952	-2621.004	-2726.675	105.6704	1.330198	0.813394	0.186606	1.28071
23958	-2625.84	-2731.452	105.6117	1.130534	0.840161	0.159839	1.483353
23964	-2627.066	-2733.048	105.982	1.340573	0.765931	0.234069	0.9919886
23970	-2626.109	-2731.907	105.7976	1.217151	0.659916	0.340084	1.269118
23976	-2629.053	-2734.761	105.7076	1.161601	0.732644	0.267356	1.385912
23982	-2622.029	-2727.972	105.9434	1.260124	0.837554	0.162446	1.105822
23988	-2628.482	-2734.441	105.9586	1.265028	0.837554	0.162446	1.087365
23994	-2632.867	-2738.344	105.477	1.215185	0.714794	0.285206	1.520868
24000	-2624.381	-2730.394	106.0121	1.446252	0.806533	0.193467	0.8423774
24006	-2634.454	-2740.283	105.8296	1.411489	0.659969	0.340031	1.071087
24012	-2618.896	-2724.699	105.8025	1.340525	0.748314	0.251686	1.159977
24018	-2618.315	-2724.275	105.9595	1.517473	0.72515	0.27485	0.8189028
24024	-2621.908	-2727.746	105.8385	1.421771	0.71592	0.28408	1.053
24030	-2625.616	-2731.582	105.9661	1.374283	0.682029	0.317971	0.973912
24036	-2629.162	-2735.208	106.0453	1.463009	0.780663	0.219337	0.7769321
24042	-2633.958	-2739.871	105.9133	1.315332	0.747811	0.252189	1.082704
24048	-2637.366	-2743.288	105.9223	1.364693	0.747811	0.252189	1.027292
24054	-2635.276	-2741.251	105.9752	1.633151	0.752063	0.247937	0.5855158
24060	-2624.39	-2730.297	105.9074	1.41305	0.820402	0.179598	0.9941149
24066	-2632.875	-2738.945	106.0698	1.382822	0.820402	0.179598	0.8493257
24072	-2620.711	-2726.669	105.958	1.510624	0.751992	0.248008	0.8295738
24078	-2624.631	-2730.648	106.017	1.487147	0.809705	0.190295	0.7827543
24084	-2624.495	-2730.362	105.8667	1.702394	0.749736	0.250264	0.6796824
24090	-2632.916	-2738.836	105.9199	1.67565	0.831245	0.168755	0.6227483
24096	-2633.68	-2739.511	105.8305	1.790786	0.831245	0.168755	0.4905939
24102	-2632.451	-2738.445	105.9938	1.517604	0.860294	0.139706	0.7725885
24108	-2625.757	-2731.705	105.9481	1.45997	0.674913	0.325087	0.9013659
24114	-2633.231	-2739.108	105.8768	1.621082	0.80429	0.19571	0.7913618
24120	-2629.244	-2735.198	105.9542	1.538819	0.814616	0.185384	0.7978929
24126	-2628.06	-2734.019	105.959	1.586162	0.770927	0.229073	0.7216017
24132	-2617.304	-2723.214	105.9102	1.397778	0.739056	0.260944	1.006599
24138	-2620.317	-2726.318	106.001	1.421953	0.753254	0.246746	0.884394
24144	-2617.562	-2723.61	106.0482	1.33337	0.654532	0.345468	0.930481
24150	-2615.36	-2721.166	105.8053	1.398534	0.778843	0.221157	1.105536
24156	-2632.054	-2738.037	105.983	1.418044	0.69055	0.30945	0.9091408
24162	-2622.073	-2728.005	105.9315	1.471152	0.750123	0.249877	0.9073508
24168	-2627.567	-2733.5	105.9327	1.405299	0.735235	0.264765	0.9763214
24174	-2627.564	-2733.403	105.839	1.227217	0.80211	0.19789	1.226171
24180	-2626.87	-2732.68	105.8106	1.242714	0.79473	0.20527	1.236993
24186	-2626.189	-2732.073	105.8849	1.238514	0.736327	0.263673	1.177188
24192	-2620.103	-2725.917	105.814	1.203388	0.839779	0.160221	1.266882
24198	-2633.255	-2738.758	105.5029	1.089374	0.712442	0.287558	1.594445
24204	-2627.057	-2732.998	105.9413	1.612096	0.691305	0.308695	0.7078085
24210	-2635.057	-2741.003	105.9467	1.483131	0.801106	0.198894	0.8764823
24216	-2632.935	-2738.895	105.9604	1.473304	0.801106	0.198894	0.8719882
24222	-2621.781	-2727.643	105.8619	1.161138	0.820956	0.179044	1.262232
24228	-2630.596	-2736.579	105.9829	1.247279	0.607675	0.392325	1.08126
24234	-2624.445	-2730.17	105.7248	1.220042	0.760136	0.239864	1.325934
24240	-2624.61	-2730.521	105.9118	1.306422	0.824939	0.175061	1.092418
24246	-2626.916	-2732.807	105.8908	1.380278	0.701732	0.298268	1.042666
24252	-2618.76	-2724.667	105.9069	1.28702	0.7803	0.2197	1.114623
24258	-2610.44	-2716.3	105.8592	1.28702	0.7803	0.2197	1.157212
24264	-2617.675	-2723.466	105.7912	1.290332	0.711505	0.288495	1.21317
24270	-2614.285	-2720.05	105.7651	1.299526	0.713021	0.286979	1.227518
24276	-2620.906	-2726.765	105.8598	1.342217	0.697964	0.302036	1.107203
24282	-2620.166	-2726.06	105.8937	1.3091	0.746393	0.253607	1.106476
24288	-2631.491	-2737.265	105.7742	1.220672	0.835492	0.164508	1.285389
24294	-2628.826	-2734.395	105.5688	1.174514	0.754183	0.245817	1.482541
24300	-2626.399	-2732.223	105.8245	1.084295	0.744939	0.255061	1.354681
24306	-2628.061	-2733.792	105.7304	1.158899	0.698719	0.301281	1.370133
24312	-2625.867	-2731.528	105.6605	1.228739	0.739935	0.260065	1.370133
24318	-2626.198	-2732.032	105.8344	1.226734	0.765154	0.234846	1.230392
24324	-2628.588	-2734.374	105.7863	1.298047	0.730552	0.269448	1.210793
24330	-2629.803	-2735.647	105.8438	1.258454	0.747221	0.252779	1.195426
24336	-2626.232	-2732.054	105.8222	1.245321	0.726939	0.273061	1.225034
24342	-2623.3	-2728.503	105.203	1.039207	0.700086	0.299914	1.841483
24348	-2626.278	-2731.862	105.5839	1.056955	0.770941	0.229059	1.558823
24354	-2633.325	-2739.022	105.6973	1.46607	0.742933	0.257067	1.142057
24360	-2625.179	-2730.665	105.4853	0.9182405	0.643006	0.356994	1.729442
24366	-2618.754	-2724.189	105.435	0.9775473	0.759166	0.240834	1.723066
24372	-2617.705	-2723.491	105.7862	1.035418	0.759166	0.240834	1.422858
24378	-2629.724	-2735.587	105.8632	1.146756	0.804329	0.195671	1.273061
24384	-2627.262	-2733.07	105.8074	1.812482	0.822589	0.177411	0.4720168
24390	-2631.057	-2736.94	105.8828	1.73797	0.683912	0.316088	0.5182996
24396	-2627.858	-2733.796	105.9381	1.662955	0.79867	0.20133	0.6080123
24402	-2624.556	-2730.526	105.9699	1.554955	0.79582	0.20418	0.7530741
24408	-2623.616	-2729.641	106.0257	1.557785	0.748784	0.251216	0.6507587
24414	-2622.296	-2728.263	105.9673	1.557785	0.710399	0.289601	0.7526972
24420	-2619.766	-2725.699	105.9327	1.49009	0.710399	0.289601	0.884606
24426	-2628.006	-2734.04	106.0335	1.495397	0.753307	0.246693	0.7470733
24432	-2616.116	-2722.139	106.0231	1.462549	0.78366	0.21634	0.8077429
24438	-2621.607	-2727.647	106.0407	1.461244	0.752489	0.247511	0.7857797
24444	-2622.097	-2728.101	106.0043	1.522366	0.71919	0.28081	0.7503416
24450	-2630.415	-2735.905	105.4907	0.9838111	0.728782	0.271218	1.679253
24456	-2630.273	-2736.045	105.7721	1.140312	0.750498	0.249502	1.351796
24462	-2628.651	-2734.337	105.6862	1.096614	0.767859	0.232141	1.452538
24468	-2629.874	-2735.564	105.6899	1.166838	0.719373	0.280627	1.395634
24474	-2624.309	-2729.788	105.4791	1.188876	0.705109	0.294891	1.538834
24480	-2623.357	-2729.083	105.7257	1.183242	0.832505	0.167495	1.354609
24486	-2629.356	-2735.237	105.881	1.253919	0.832505	0.167495	1.16711
24492	-2624.613	-2730.652	106.0388	1.446005	0.826643	0.173357	0.808835
24498	-2626.666	-2732.571	105.9047	1.374836	0.641933	0.358067	1.034536
24504	-2624.683	-2730.283	105.6002	1.063223	0.812033	0.187967	1.54221
24510	-2621.756	-2727.557	105.8006	1.264708	0.785338	0.214662	1.22691
24516	-2620.216	-2725.895	105.6787	1.153022	0.77627	0.22373	1.414992
24522	-2620.959	-2726.913	105.954	1.384793	0.77627	0.22373	0.9755371
24528	-2619.22	-2725.26	106.0401	1.416057	0.766729	0.233271	0.8451084
24534	-2623.885	-2729.98	106.0951	1.428126	0.80588	0.19412	0.7555786
24540	-2626.24	-2732.276	106.0368	1.482478	0.697501	0.302499	0.7613903
24546	-2627.97	-2733.97	105.9997	1.514556	0.697501	0.302499	0.7686105
24552	-2627.483	-2733.441	105.9576	1.657976	0.727189	0.272811	0.5563063
24558	-2621.802	-2727.614	105.8127	1.808309	0.761843	0.238157	0.4844664
24564	-2629.526	-2735.421	105.8955	1.505663	0.645289	0.354711	0.9090934
24570	-2628.139	-2734	105.8615	1.176409	0.72954	0.27046	1.249865
24576	-2624.568	-2730.417	105.8491	1.50367	0.773298	0.226702	0.9610713
24582	-2622.879	-2728.889	106.0101	1.366278	0.816789	0.183211	0.9360917
24588	-2620.66	-2726.606	105.9462	1.313736	0.766321	0.233679	1.05332
24594	-2623.45	-2729.414	105.9638	1.2961	0.809458	0.190542	1.05332
24600	-2621.313	-2727.024	105.7109	1.26043	0.743385	0.256615	1.304563
24606	-2619.511	-2725.139	105.6277	1.133837	0.675605	0.324395	1.468781
24612	-2630.09	-2735.648	105.5583	1.241626	0.817288	0.182712	1.439487
24618	-2639.323	-2745.018	105.6952	1.137948	0.651115	0.348885	1.413882
24624	-2632.487	-2737.797	105.3098	1.047362	0.751832	0.248168	1.761961
24630	-2634.576	-2740.548	105.9725	1.428178	0.691454	0.308546	0.909599
24636	-2620.908	-2726.876	105.9685	1.469523	0.720718	0.279282	0.8668535
24642	-2625.684	-2731.64	105.9562	1.365586	0.733054	0.266946	0.9927871
24648	-2623.622	-2729.589	105.9666	1.440292	0.733054	0.266946	0.9027033
24654	-2619.82	-2725.342	105.5221	1.159875	0.739908	0.260092	1.528468
24660	-2621.655	-2727.135	105.4799	1.164359	0.72028	0.27972	1.556341
24666	-2621.697	-2727.549	105.8523	1.148535	0.781676	0.218324	1.280567
24672	-2616.498	-2722.129	105.631	1.194979	0.809044	0.190956	1.419495
24678	-2616.682	-2722.36	105.678	1.147897	0.809949	0.190051	1.419495
24684	-2627.937	-2733.749	105.8119	1.416016	0.774189	0.225811	1.083368
24690	-2630.308	-2736.145	105.837	1.394031	0.763857	0.236143	1.080508
24696	-2630.785	-2736.651	105.8665	1.238559	0.826281	0.173719	1.193046
24702	-2624.63	-2730.636	106.0063	1.289081	0.697361	0.302639	1.019097
24708	-2619.561	-2725.473	105.9114	1.329077	0.638863	0.361137	1.071669
24714	-2627.994	-2733.82	105.8255	1.415044	0.811846	0.188154	1.071669
24720	-2628.519	-2734.496	105.9763	1.41023	0.777152	0.222848	0.9251649
24726	-2629.558	-2735.48	105.9215	1.345419	0.777152	0.222848	1.046634
24732	-2647.84	-2753.196	105.3559	0.925672	0.685134	0.314866	1.81437
24738	-2641.361	-2747.162	105.8009	1.03694	0.682235	0.317765	1.41026
24744	-2639.35	-2745.277	105.9272	1.479423	0.718217	0.281783	0.9029293
24750	-2639.093	-2744.535	105.4422	1.036982	0.757884	0.242116	1.675906
24756	-2637.386	-2742.979	105.5924	1.043894	0.805448	0.194552	1.562244
24762	-2642.721	-2748.416	105.6943	1.033738	0.824672	0.175328	1.49402
24768	-2634.46	-2740.213	105.7533	1.192585	0.632044	0.367956	1.325094
24774	-2626.966	-2733.026	106.06	1.514297	0.674979	0.325021	0.6696987
24780	-2632.734	-2738.476	105.7425	1.217579	0.698571	0.301429	1.31365
24786	-2629.297	-2735.093	105.7964	1.197932	0.698571	0.301429	1.285894
24792	-2620.651	-2726.616	105.9652	1.475386	0.801923	0.198077	0.8638771
24798	-2628.192	-2734.248	106.056	1.384534	0.776684	0.223316	0.8638771
24804	-2624.377	-2730.347	105.9705	1.546422	0.791137	0.208863	0.764681
24810	-2624.901	-2730.97	106.0691	1.36185	0.791137	0.208863	0.8751335
24816	-2629.602	-2735.431	105.8285	1.34664	0.807863	0.192137	1.131553
24822	-2629.14	-2734.846	105.706	1.211733	0.807863	0.192137	1.347579
24828	-2632.302	-2738.136	105.8337	1.084044	0.807863	0.192137	1.347579
24834	-2624.825	-2730.46	105.6352	1.22629	0.77171	0.22829	1.391889
24840	-2630.84	-2736.398	105.5575	1.101179	0.869028	0.130972	1.545712
24846	-2621.19	-2726.866	105.6763	1.100739	0.713337	0.286663	1.456932
24852	-2638.278	-2744.119	105.8403	1.095409	0.869512	0.130488	1.333295
24858	-2631.867	-2737.637	105.7696	1.157531	0.859481	0.140519	1.340099
24864	-2624.597	-2730.201	105.6041	1.032779	0.810783	0.189217	1.561814
24870	-2622.142	-2727.797	105.6549	1.034493	0.780974	0.219026	1.522929
24876	-2618.276	-2723.872	105.5965	1.073077	0.821723	0.178277	1.537614
24882	-2623.735	-2729.392	105.6575	1.012103	0.772249	0.227751	1.537614
24888	-2625.972	-2731.517	105.5453	1.183095	0.677456	0.322544	1.493786
24894	-2626.843	-2732.38	105.5362	1.051605	0.706319	0.293681	1.597659
24900	-2626.395	-2732.114	105.7184	1.084637	0.714905	0.285095	1.437092
24906	-2626.395	-2731.869	105.4739	1.09786	0.800632	0.199368	1.60937
24912	-2624.644	-2730.212	105.568	1.09786	0.724743	0.275257	1.540401
24918	-2629.232	-2735.156	105.9239	1.287528	0.771827	0.228173	1.098653
24924	-2627.307	-2733.126	105.8197	1.342164	0.7192	0.2808	1.14338
24930	-2625.942	-2731.928	105.9862	1.322804	0.704116	0.295884	1.005606
24936	-2622.947	-2728.872	105.9251	1.501458	0.700863	0.299137	0.8802703
24942	-2631.518	-2737.367	105.8496	1.391769	0.732325	0.267675	1.070849
24948	-2627.172	-2733.227	106.0554	1.282992	0.739992	0.260008	0.9759033
24954	-2627.111	-2732.799	105.6875	1.250094	0.766298	0.233702	1.331766
24960	-2631.727	-2737.473	105.7466	1.113586	0.733769	0.266231	1.392953
24966	-2625.825	-2731.601	105.7768	1.131005	0.726543	0.273457	1.355456
24972	-2624.528	-2730.273	105.7443	1.274586	0.767416	0.232584	1.265665
24978	-2623.145	-2728.987	105.8419	1.159143	0.823723	0.176277	1.280397
24984	-2621.157	-2726.891	105.7333	1.098158	0.753483	0.246517	1.415215
24990	-2627.936	-2733.462	105.5261	1.156913	0.732456	0.267544	1.527659
24996	-2629.595	-2735.472	105.8771	1.191606	0.791131	0.208869	1.223997
25002	-2634.607	-2740.627	106.019	1.401677	0.771021	0.228979	0.8869965
25008	-2639.234	-2745.158	105.9238	1.401677	0.841858	0.158142	0.9890414
25014	-2619.414	-2725.087	105.6734	1.182024	0.778363	0.221637	1.396595
25020	-2640.978	-2746.653	105.6749	1.196345	0.766402	0.233598	1.38427
25026	-2632.402	-2738.331	105.9287	1.322298	0.749493	0.250507	1.061785
25032	-2630.774	-2736.752	105.9783	1.272662	0.804936	0.195064	1.061785
25038	-2625.996	-2731.895	105.8988	1.364102	0.732813	0.267187	1.050499
25044	-2634.967	-2740.694	105.7273	1.509333	0.72533	0.27467	1.075253
25050	-2624.377	-2730.355	105.9775	1.395846	0.725403	0.274597	0.9393822
25056	-2626.305	-2732.356	106.0508	1.246691	0.753768	0.246232	1.017026
25062	-2628.741	-2734.72	105.9786	1.38106	0.819498	0.180502	0.9538854
25068	-2628.788	-2734.489	105.7018	1.199523	0.777764	0.222236	1.360586
25074	-2632.628	-2738.551	105.9231	1.545756	0.672461	0.327539	0.8293234
25080	-2631.243	-2737.167	105.9234	1.475182	0.829842	0.170158	0.911932
25086	-2630.155	-2736.021	105.8657	1.47121	0.802222	0.197778	0.977498
25092	-2626.306	-2732.205	105.8988	1.61	0.802222	0.197778	0.7762356
25098	-2617.413	-2723.35	105.9368	1.560503	0.750796	0.249204	0.7922003
25104	-2627.573	-2733.67	106.0974	1.401089	0.761188	0.238812	0.790586
25110	-2616.624	-2722.6	105.9757	1.522935	0.741404	0.258596	0.7904189
25116	-2617.843	-2723.834	105.9902	1.532223	0.627835	0.372165	0.7567278
25122	-2620.038	-2725.949	105.9103	1.579015	0.760856	0.239144	0.8028932
25128	-2621.248	-2727.191	105.9433	1.552525	0.803847	0.196153	0.7941273
25134	-2617.683	-2723.579	105.8959	1.664613	0.747664	0.252336	0.695475
25140	-2626.631	-2732.53	105.8993	1.696776	0.775319	0.224681	0.6214317
25146	-2623.434	-2729.359	105.9243	1.688309	0.762833	0.237167	0.5695901
25152	-2622.57	-2728.415	105.8456	1.758889	0.805245	0.194755	0.5979685
25158	-2624.81	-2730.706	105.8955	1.683235	0.673424	0.326576	0.6607551
25164	-2624.381	-2729.899	105.5185	1.125872	0.731557	0.268443	1.556244
25170	-2627.296	-2733.169	105.8737	1.11573	0.72913	0.27087	1.289859
25176	-2625.157	-2730.971	105.8144	1.275392	0.85835	0.14165	1.206095
25182	-2619.5	-2725.41	105.9097	1.705096	0.702149	0.297851	0.5598844
25188	-2621.3	-2727.174	105.8741	1.746912	0.706953	0.293047	0.5151529
25194	-2621.347	-2727.32	105.9729	1.648072	0.814491	0.185509	0.5151529
25200	-2623.498	-2729.375	105.8773	1.739535	0.676455	0.323545	0.5497388
25206	-2621.824	-2727.783	105.9586	1.633156	0.781291	0.218709	0.6319783
25212	-2621.702	-2727.778	106.0756	1.453819	0.799142	0.200858	0.7462895
25218	-2624.19	-2730.107	105.9177	1.54729	0.832842	0.167158	0.8341265
25224	-2626.788	-2732.697	105.9093	1.555677	0.732527	0.267473	0.8341265
25230	-2625.066	-2731.007	105.9411	1.577075	0.754872	0.245128	0.7628598
25236	-2631.865	-2737.788	105.9228	1.543373	0.779463	0.220537	0.8326357
25242	-2631.483	-2737.396	105.9127	1.57066	0.681833	0.318167	0.8107327
25248	-2625.847	-2731.807	105.9598	1.578425	0.771033	0.228967	0.7326184
25254	-2618.951	-2724.787	105.8363	1.721395	0.730023	0.269977	0.7004091
25260	-2626.124	-2732.053	105.9292	1.612914	0.821546	0.178454	0.7265005
25266	-2629.236	-2735.073	105.8369	1.77707	0.810661	0.189339	0.5638074
25272	-2636.224	-2742.145	105.9216	1.327542	0.792223	0.207777	1.063509
25278	-2634.985	-2740.979	105.9948	1.202608	0.761981	0.238019	1.111391
25284	-2618.105	-2723.954	105.8485	1.771507	0.736095	0.263905	0.5277525
25290	-2628.095	-2734.033	105.938	1.66639	0.775166	0.224834	0.5981913
25296	-2635.886	-2741.85	105.9637	1.564773	0.724563	0.275437	0.7476719
25302	-2637.742	-2743.609	105.867	1.501794	0.769039	0.230961	0.9442324
25308	-2640.047	-2746.136	106.0889	1.270976	0.770726	0.229274	0.9536621
25314	-2627.509	-2733.389	105.8801	1.136483	0.764017	0.235983	1.267556
25320	-2624.619	-2730.467	105.8481	1.333026	0.764017	0.235983	1.126111
25326	-2626.172	-2732.108	105.9361	1.394267	0.769637	0.230363	0.9841708
25332	-2625.968	-2731.882	105.914	1.304442	0.718849	0.281151	1.092131
25338	-2628.446	-2734.337	105.8904	1.35796	0.718849	0.281151	1.064279
25344	-2614.197	-2720.012	105.8147	1.80271	0.746601	0.253399	0.4563589
25350	-2625.711	-2731.64	105.9292	1.482787	0.773967	0.226033	0.896953
25356	-2628.878	-2734.816	105.9387	1.38928	0.773967	0.226033	0.986528
25362	-2622.469	-2728.279	105.8106	1.806101	0.712877	0.287123	0.550172
25368	-2630.423	-2736.302	105.8789	1.729217	0.66225	0.33775	0.5861878
25374	-2619.702	-2725.583	105.8815	1.720732	0.797672	0.202328	0.6046108
25380	-2619.976	-2725.885	105.9092	1.70786	0.797672	0.202328	0.5481977
25386	-2630.657	-2736.567	105.9099	1.706875	0.760777	0.239223	0.5501502
25392	-2626.706	-2732.634	105.9273	1.690249	0.719127	0.280873	0.5455522
25398	-2627.769	-2733.694	105.9247	1.669022	0.787851	0.212149	0.6271576
25404	-2627.222	-2732.991	105.7688	1.227016	0.790649	0.209351	1.284653
25410	-2630.755	-2736.643	105.8881	1.723757	0.853313	0.146687	0.5726203
25416	-2624.719	-2730.667	105.9479	1.62992	0.73333	0.26667	0.6625675
25422	-2623.923	-2729.638	105.7149	1.205301	0.773783	0.226217	1.345651
25428	-2612.429	-2718.397	105.9684	1.225905	0.760065	0.239935	1.114219
25434	-2634.964	-2740.954	105.99	1.260016	0.716325	0.283675	1.06272
25440	-2620.303	-2726.154	105.8517	1.35093	0.780892	0.219108	1.106667
25446	-2622.475	-2728.211	105.7369	1.136034	0.766145	0.233855	1.382989
25452	-2623.264	-2729.049	105.7852	1.038823	0.788612	0.211388	1.420962
25458	-2623.037	-2728.678	105.6407	1.047977	0.780006	0.219994	1.523466
25464	-2627.398	-2732.969	105.5712	1.133799	0.755069	0.244931	1.511319
25470	-2631.978	-2737.736	105.7576	1.361878	0.668037	0.331963	1.180558
25476	-2620.592	-2726.463	105.8711	1.447162	0.859431	0.140569	0.9963621
25482	-2623.082	-2729.013	105.9309	1.381356	0.753749	0.246251	1.002382
25488	-2628.822	-2734.913	106.0904	1.343873	0.774883	0.225117	0.8712237
25494	-2630.057	-2736.142	106.0848	1.414592	0.744367	0.255633	0.7893207
25500	-2634.048	-2739.952	105.9037	1.25845	0.741246	0.258754	1.14309
25506	-2635.601	-2741.554	105.9527	1.245027	0.705236	0.294764	1.11118
25512	-2635.891	-2741.52	105.6283	1.102289	0.805426	0.194574	1.492079
25518	-2622.705	-2728.47	105.7654	1.239904	0.787599	0.212401	1.276881
25524	-2624.907	-2730.874	105.9672	1.175212	0.635328	0.364672	1.160576
25530	-2628.397	-2734.457	106.0596	1.328137	0.739751	0.260249	0.9237788
25536	-2632.673	-2738.668	105.995	1.392782	0.760706	0.239294	0.9237788
25542	-2622.997	-2728.757	105.7595	1.195766	0.803358	0.196642	1.317531
25548	-2626.107	-2731.753	105.6457	1.213359	0.815273	0.184727	1.393769
25554	-2624.871	-2730.787	105.916	1.382715	0.793827	0.206173	1.015796
25560	-2631.563	-2737.451	105.8873	1.352523	0.789461	0.210539	1.072295
25566	-2634.037	-2740.005	105.9677	1.356843	0.824907	0.175093	0.9900231
25572	-2626.069	-2731.962	105.8927	1.212882	0.778607	0.221393	1.192592
25578	-2632.647	-2738.578	105.9319	1.551951	0.739803	0.260197	0.8101107
25584	-2627.125	-2732.931	105.8054	1.815876	0.789214	0.210786	0.5085804
25590	-2630.593	-2736.583	105.99	1.325992	0.617479	0.382521	0.9986187
25596	-2622.389	-2728.294	105.9048	1.361333	0.672792	0.327208	1.04736
25602	-2626.751	-2732.78	106.0286	1.329697	0.6385	0.3615	0.955295
25608	-2625.831	-2731.791	105.9597	1.383729	0.765994	0.234006	0.9708015
25614	-2619.168	-2724.91	105.7419	1.85732	0.733445	0.266555	0.4018266
25620	-2632.306	-2738.217	105.911	1.633363	0.795618	0.204382	0.7228175
25626	-2634.402	-2740.413	106.011	1.520861	0.638595	0.361405	0.7425487
25632	-2620.814	-2726.324	105.5109	2.055958	0.803079	0.196921	0.3524545
25638	-2619.547	-2725.066	105.5193	2.036025	0.780707	0.219293	0.339436
25644	-2623.823	-2729.402	105.5783	2.002128	0.747304	0.252696	0.3700256
25650	-2626.299	-2731.975	105.6756	1.91428	0.747304	0.252696	0.3846949
25656	-2628.197	-2733.812	105.6151	1.956197	0.747304	0.252696	0.3578258
25662	-2634.315	-2739.931	105.6155	1.987586	0.693823	0.306177	0.4101029
25668	-2629.936	-2735.461	105.5253	2.040825	0.688531	0.311469	0.3515266
25674	-2632.488	-2738.359	105.8712	1.7501	0.732879	0.267121	0.4911581
25680	-2632.941	-2738.819	105.8781	1.74101	0.830664	0.169336	0.5348329
25686	-2630.383	-2736.149	105.7656	1.855597	0.757441	0.242559	0.4892107
25692	-2627.791	-2733.776	105.9857	1.320215	0.832618	0.167382	1.008639
25698	-2630.674	-2736.637	105.9632	1.53772	0.770661	0.229339	0.7871694
25704	-2628.214	-2734.276	106.0619	1.479185	0.830213	0.169787	0.7281013
25710	-2630.362	-2736.33	105.968	1.569673	0.715986	0.284014	0.7336018
25716	-2630.981	-2736.985	106.0043	1.544486	0.715986	0.284014	0.7156347
25722	-2626.34	-2732.303	105.9631	1.593523	0.631263	0.368737	0.7023379
25728	-2628.248	-2734.206	105.9583	1.585841	0.765737	0.234263	0.7232271
25734	-2627.64	-2733.701	106.0612	1.403175	0.70035	0.29965	0.8348588
25740	-2632.634	-2738.609	105.975	1.522637	0.660889	0.339111	0.7917554
25746	-2636.476	-2742.424	105.9487	1.548918	0.694292	0.305708	0.7917554
25752	-2636.161	-2742.181	106.0207	1.349724	0.769898	0.230102	0.9424621
25758	-2622.876	-2728.789	105.9124	1.457083	0.703396	0.296604	0.9434643
25764	-2623.951	-2729.768	105.8168	1.283768	0.674096	0.325904	1.196924
25770	-2632.318	-2738.217	105.8983	1.293116	0.795984	0.204016	1.116872
25776	-2629.851	-2735.713	105.8621	1.258209	0.781711	0.218289	1.179848
25782	-2626.459	-2732.146	105.6873	1.250691	0.667281	0.332719	1.331465
25788	-2620.547	-2726.531	105.9837	1.244651	0.745501	0.254499	1.083025
25794	-2628.515	-2734.196	105.681	1.240628	0.708052	0.291948	1.34448
25800	-2629.692	-2735.531	105.8391	1.165409	0.71876	0.28124	1.277534
25806	-2623.982	-2729.756	105.7744	1.165203	0.840572	0.159428	1.330118
25812	-2616.931	-2722.716	105.7854	1.205794	0.762925	0.237075	1.288442
25818	-2617.681	-2723.49	105.8087	1.293066	0.712419	0.287581	1.19582
25824	-2614.787	-2720.563	105.7762	1.398446	0.8003	0.1997	1.131943
25830	-2614.932	-2720.608	105.6759	1.165813	0.704971	0.295029	1.407266
25836	-2620.412	-2726.264	105.852	1.21779	0.749599	0.250401	1.22314
25842	-2628.896	-2734.976	106.0802	1.282847	0.719094	0.280906	0.9502955
25848	-2622.2	-2728.116	105.9162	1.295294	0.837315	0.162685	1.098576
25854	-2622.651	-2728.505	105.8538	1.357677	0.830942	0.169058	1.098576
25860	-2626.611	-2732.333	105.7226	1.263063	0.789318	0.210682	1.292922
25866	-2619.095	-2724.732	105.6371	1.185486	0.759276	0.240724	1.422086
25872	-2629.495	-2735.437	105.9417	1.625904	0.748419	0.251581	0.6825112
25878	-2617.588	-2723.427	105.8386	1.779608	0.735395	0.264605	0.5414258
25884	-2620.407	-2726.242	105.8356	1.785701	0.724337	0.275663	0.5104729
25890	-2626.421	-2732.366	105.9454	1.272772	0.714983	0.285017	1.092449
25896	-2626.233	-2732.092	105.8597	1.241092	0.798079	0.201921	1.196737
25902	-2622.648	-2728.386	105.7382	1.880629	0.801888	0.198112	0.4647175
25908	-2622.933	-2728.646	105.7127	1.902664	0.691103	0.308897	0.4468979
25914	-2619.879	-2725.62	105.7406	1.875528	0.780413	0.219587	0.450235
25920	-2626.738	-2732.451	105.713	1.894327	0.780413	0.219587	0.4206434
25926	-2637.052	-2742.816	105.764	1.857387	0.780413	0.219587	0.5075305
25932	-2627.389	-2733.203	105.8135	1.807886	0.815543	0.184457	0.5075305
25938	-2631.551	-2737.53	105.9797	1.616275	0.727586	0.272414	0.6216328
25944	-2617.045	-2723.053	106.0081	1.58781	0.756094	0.243906	0.6216328
25950	-2619.635	-2725.632	105.9966	1.523146	0.701664	0.298336	0.7605814
25956	-2619.205	-2725.147	105.9416	1.379513	0.747887	0.252113	0.9934427
25962	-2623.867	-2729.866	105.9991	1.336921	0.860248	0.139752	0.9783585
25968	-2627.314	-2733.252	105.9379	1.300635	0.790895	0.209105	1.073474
25974	-2626.27	-2732.003	105.7334	1.887324	0.798262	0.201738	0.4806168
25980	-2633.647	-2739.307	105.6603	1.291901	0.702482	0.297518	1.320047
25986	-2628.267	-2733.78	105.513	1.273313	0.768384	0.231616	1.449871
25992	-2631.095	-2736.946	105.8507	1.210515	0.713391	0.286609	1.230376
25998	-2633.62	-2739.438	105.818	1.245214	0.762166	0.237834	1.228674
26004	-2629.236	-2735.14	105.9035	1.670236	0.665379	0.334621	0.670719
26010	-2625.688	-2731.637	105.9495	1.49292	0.697532	0.302468	0.8616721
26016	-2625.32	-2731.226	105.906	1.447153	0.696417	0.303583	0.9606213
26022	-2627.488	-2732.846	105.3577	2.145968	0.688481	0.311519	0.2949013
26028	-2624.347	-2729.705	105.3577	2.145968	0.69978	0.30022	0.2949013
26034	-2631.511	-2737.475	105.9634	1.383682	0.780039	0.219961	0.966983
26040	-2627.6	-2733.135	105.5352	1.98637	0.788756	0.211244	0.30846
26046	-2630.412	-2735.769	105.3574	2.093002	0.73685	0.26315	0.2615829
26052	-2622.296	-2728.243	105.9466	1.663294	0.789502	0.210498	0.5801325
26058	-2630.98	-2736.911	105.9301	1.663974	0.746046	0.253954	0.6262686
26064	-2623.993	-2729.032	105.0389	2.329444	0.863967	0.136033	0.2231085
26070	-2626.221	-2731.329	105.1078	2.280362	0.776612	0.223388	0.2313772
26076	-2623.227	-2728.45	105.2237	2.191216	0.723344	0.276656	0.243474
26082	-2638.183	-2743.931	105.7485	1.867135	0.823402	0.176598	0.5557923
26088	-2626.548	-2732.411	105.8633	1.757072	0.763014	0.236986	0.5240513
26094	-2634.058	-2739.986	105.9274	1.683766	0.732745	0.267255	0.5751426
26100	-2622.442	-2728.369	105.9274	1.683766	0.742331	0.257669	0.5751426
26106	-2629.54	-2735.441	105.9012	1.710002	0.785973	0.214027	0.5751426
26112	-2629.582	-2735.598	106.0157	1.306238	0.691421	0.308579	0.9926746
26118	-2629.188	-2735.235	106.0472	1.326216	0.818418	0.181582	0.9393307
26124	-2626.996	-2732.939	105.943	1.322774	0.667202	0.332798	1.047758
26130	-2630.095	-2736.046	105.9509	1.458563	0.790771	0.209229	0.8997906
26136	-2633.025	-2739	105.975	1.30805	0.760805	0.239195	1.031067
26142	-2627.851	-2733.849	105.9981	1.580569	0.735836	0.264164	0.6609568
26148	-2636.701	-2742.71	106.0088	1.545186	0.765968	0.234032	0.7068097
26154	-2631.426	-2737.352	105.926	1.615648	0.824868	0.175132	0.7272979
26160	-2631.5	-2737.414	105.9135	1.692556	0.600441	0.399559	0.5930292
26166	-2627.752	-2733.757	106.0058	1.594607	0.815863	0.184137	0.6098681
26172	-2627.144	-2733.07	105.9255	1.632378	0.785698	0.214302	0.7001885
26178	-2628.79	-2734.723	105.9323	1.647234	0.758817	0.241183	0.6590884
26184	-2625.953	-2732.009	106.0562	1.552485	0.758817	0.241183	0.5844301
26190	-2624.737	-2730.7	105.9633	1.591372	0.791378	0.208622	0.7056816
26196	-2618.203	-2724.299	106.0956	1.466284	0.763414	0.236586	0.6929682
26202	-2620.266	-2726.24	105.9742	1.587728	0.815686	0.184314	0.6929682
26208	-2630.768	-2736.689	105.9205	1.685027	0.742353	0.257647	0.5947155
26214	-2616.64	-2722.499	105.8593	1.316502	0.774304	0.225696	1.130958
26220	-2620.874	-2726.714	105.8405	1.112781	0.715527	0.284473	1.31915
26226	-2621.364	-2727.296	105.9327	1.192627	0.820775	0.179225	1.17553
26232	-2621.629	-2727.361	105.7322	1.082543	0.765802	0.234198	1.428103
26238	-2619.841	-2725.664	105.8229	1.190707	0.763698	0.236302	1.269985
26244	-2632.922	-2738.877	105.9553	1.65765	0.766508	0.233492	0.5680702
26250	-2630.056	-2736.046	105.9896	1.336281	0.769974	0.230026	0.9886239
26256	-2625.001	-2730.909	105.9082	1.400959	0.728217	0.271783	1.005396
26262	-2621.808	-2727.619	105.8103	1.302821	0.814716	0.185284	1.186073
26268	-2615.262	-2721.175	105.9137	1.239304	0.774322	0.225678	1.151188
26274	-2622.404	-2728.3	105.8961	1.436029	0.727921	0.272079	0.9823657
26280	-2623.718	-2729.748	106.0302	1.514844	0.711774	0.288226	0.7217522
26286	-2621.804	-2727.741	105.9372	1.639624	0.803905	0.196095	0.6647046
26292	-2619.121	-2725.071	105.95	1.616376	0.826497	0.173503	0.6848256
26298	-2622.758	-2728.72	105.9623	1.632939	0.684783	0.315217	0.6233839
26304	-2629.85	-2735.773	105.9228	1.660415	0.694195	0.305805	0.6514447
26310	-2630.659	-2736.596	105.9376	1.653039	0.734647	0.265353	0.6345853
26316	-2632.539	-2738.623	106.0832	1.401998	0.831823	0.168177	0.808254
26322	-2631.903	-2738.024	106.1206	1.39409	0.738417	0.261583	0.7679778
26328	-2623.552	-2729.516	105.9637	1.377635	0.806565	0.193435	0.9729572
26334	-2631.974	-2737.947	105.9735	1.473944	0.783196	0.216804	0.8556702
26340	-2628.568	-2734.531	105.963	1.353053	0.840466	0.159534	0.9985712
26346	-2616.799	-2722.686	105.8871	1.457726	0.790591	0.209409	0.9693397
26352	-2621.597	-2727.456	105.8591	1.545596	0.745879	0.254121	0.9051378
26358	-2622.846	-2728.807	105.9615	1.555418	0.758397	0.241603	0.7648072
26364	-2618.775	-2724.848	106.0723	1.329008	0.825419	0.174581	0.9088393
26370	-2615.452	-2721.403	105.9515	1.560702	0.70539	0.29461	0.7714898
26376	-2626.703	-2732.625	105.9214	1.60924	0.641891	0.358109	0.7444586
26382	-2625.901	-2731.83	105.9299	1.340206	0.726928	0.273072	1.043605
26388	-2626.29	-2732.204	105.9142	1.369632	0.726928	0.273072	1.03032
26394	-2620.956	-2726.901	105.945	1.420783	0.75841	0.24159	0.9474213
26400	-2628.305	-2734.263	105.9576	1.471825	0.804454	0.195546	0.8769845
26406	-2630.799	-2736.747	105.9474	1.373093	0.820871	0.179129	0.994104
26412	-2627.662	-2733.546	105.8845	1.297022	0.719164	0.280836	1.125804
26418	-2629.024	-2734.976	105.9511	1.330054	0.800095	0.199905	1.032949
26424	-2629.368	-2735.349	105.9809	1.34843	0.70666	0.29334	0.9851508
26430	-2628.443	-2734.414	105.9713	1.396129	0.772668	0.227332	0.9456076
26436	-2626.392	-2732.429	106.0363	1.412847	0.772668	0.227332	0.8535437
26442	-2638.209	-2744.176	105.9678	1.316565	0.651111	0.348889	1.029779
26448	-2628.377	-2734.338	105.9612	1.311605	0.708736	0.291264	1.04095
26454	-2630.582	-2736.463	105.8809	1.721766	0.76754	0.23246	0.6034372
26460	-2622.984	-2728.859	105.8755	1.745021	0.728142	0.271858	0.4787665
26466	-2627.573	-2733.435	105.8622	1.755789	0.765962	0.234038	0.459265
26472	-2625.703	-2731.569	105.8656	1.755789	0.821863	0.178137	0.5074566
26478	-2624.346	-2730.254	105.9082	1.700137	0.651373	0.348627	0.5854652
26484	-2622.264	-2728.259	105.9947	1.606435	0.841966	0.158034	0.6078231
26490	-2625.767	-2731.66	105.8932	1.634216	0.732765	0.267235	0.7492213
26496	-2625.381	-2731.347	105.9665	1.499794	0.732765	0.267235	0.8324411
26502	-2619.486	-2725.413	105.9264	1.576564	0.755027	0.244973	0.7844584
26508	-2626.058	-2731.946	105.8887	1.656061	0.777492	0.222508	0.7221532
26514	-2625.603	-2731.583	105.9804	1.466436	0.793078	0.206922	0.8563455
26520	-2631.969	-2737.875	105.9064	1.373481	0.807487	0.192513	1.034125
26526	-2628.398	-2734.308	105.9102	1.291481	0.76863	0.23137	1.107554
26532	-2629.652	-2735.467	105.8157	1.173149	0.705551	0.294449	1.290365
26538	-2632.436	-2738.238	105.802	1.189208	0.754821	0.245179	1.288447
26544	-2625.733	-2731.253	105.5198	1.19529	0.757739	0.242261	1.503733
26550	-2622.083	-2727.803	105.7201	1.240853	0.802254	0.197746	1.312967
26556	-2623.196	-2729.063	105.8673	1.310465	0.759639	0.240361	1.129209
26562	-2625.792	-2731.733	105.9411	1.236637	0.774412	0.225588	1.129209
26568	-2630.003	-2735.758	105.7548	1.126154	0.822186	0.177814	1.376699
26574	-2620.171	-2725.766	105.5952	1.059961	0.778324	0.221676	1.54829
26580	-2622.143	-2727.494	105.351	1.017208	0.831748	0.168252	1.754213
26586	-2623.595	-2729.147	105.5517	0.9936507	0.763548	0.236452	1.628423
26592	-2633.831	-2739.077	105.2465	0.9502	0.728403	0.271597	1.872657
26598	-2622.665	-2728.115	105.4495	1.054277	0.727164	0.272836	1.658318
26604	-2624.596	-2729.924	105.3278	1.053909	0.701364	0.298636	1.74475
26610	-2624.226	-2730.039	105.8129	1.270211	0.779775	0.220225	1.211805
26616	-2622.295	-2728.116	105.8211	1.256446	0.753702	0.246298	1.216506
26622	-2620.141	-2726.149	106.008	1.374473	0.61765	0.38235	0.9295287
26628	-2622.462	-2728.381	105.9192	1.221918	0.659476	0.340524	1.161728
26634	-2619.563	-2725.496	105.9332	1.426171	0.709934	0.290066	0.9541182
26640	-2621.578	-2726.87	105.2922	1.061502	0.70781	0.29219	1.764351
26646	-2621.955	-2727.746	105.7907	1.227204	0.811842	0.188158	1.266462
26652	-2626.689	-2731.922	105.2331	1.153378	0.755287	0.244713	1.741407
26658	-2621.216	-2726.601	105.3856	0.994521	0.755287	0.244713	1.745899
26664	-2622.507	-2727.835	105.328	0.949005	0.77851	0.22149	1.817574
26670	-2617.502	-2723.432	105.9299	1.352653	0.772237	0.227763	1.03154
26676	-2614.046	-2719.946	105.8993	1.354363	0.771202	0.228798	1.059237
26682	-2622.176	-2728.01	105.8341	1.243326	0.623904	0.376096	1.216645
26688	-2620.03	-2725.936	105.906	1.254673	0.731206	0.268794	1.144407
26694	-2618.231	-2724.254	106.0231	1.472926	0.83202	0.16798	0.7938367
26700	-2626.588	-2732.544	105.9564	1.470934	0.652114	0.347886	0.8793528
26706	-2623.136	-2728.985	105.8496	1.49314	0.742227	0.257773	0.9714538
26712	-2628.571	-2734.477	105.9057	1.47802	0.684739	0.315261	0.9281854
26718	-2631.217	-2737.237	106.0195	1.414596	0.684739	0.315261	0.8715264
26724	-2628.882	-2734.846	105.9645	1.547353	0.794646	0.205354	0.7719943
26730	-2625.423	-2731.342	105.9196	1.41727	0.657337	0.342663	0.977457
26736	-2624.535	-2730.632	106.097	1.289866	0.745572	0.254428	0.9247674
26742	-2625.785	-2731.756	105.9717	1.614725	0.746937	0.253063	0.6442691
26748	-2627.039	-2732.845	105.8059	1.594304	0.78757	0.21243	0.9101614
26754	-2633.946	-2739.897	105.951	1.58664	0.622215	0.377785	0.7335508
26760	-2624.138	-2730.181	106.0425	1.478979	0.758286	0.241714	0.7580388
26766	-2623.606	-2729.546	105.9396	1.543937	0.789054	0.210946	0.8104336
26772	-2627.984	-2733.966	105.9824	1.549223	0.758233	0.241767	0.7428401
26778	-2623.919	-2729.861	105.9421	1.564587	0.781983	0.218017	0.7792555
26784	-2628.349	-2734.413	106.064	1.522452	0.719202	0.280798	0.644137
26790	-2624.62	-2730.635	106.0156	1.396318	0.80564	0.19436	0.8970513
26796	-2628.987	-2734.863	105.8765	1.515818	0.736947	0.263053	0.9188146
26802	-2624.585	-2730.479	105.894	1.391092	0.761353	0.238647	1.029156
26808	-2620.775	-2726.774	105.999	1.418714	0.761353	0.238647	0.8904278
26814	-2628.127	-2734.102	105.9754	1.573725	0.846139	0.153861	0.7150019
26820	-2627.882	-2733.839	105.9573	1.607415	0.796043	0.203957	0.6879366
26826	-2624.529	-2730.549	106.0203	1.560895	0.804558	0.195442	0.6556577
26832	-2632.678	-2738.003	105.3247	2.141853	0.749332	0.250668	0.2707264
26838	-2625.604	-2730.906	105.3015	2.154955	0.760625	0.239375	0.2649428
26844	-2624.506	-2729.775	105.2683	2.188168	0.767973	0.232027	0.2649428
26850	-2637.169	-2742.366	105.197	2.19656	0.703362	0.296638	0.2337414
26856	-2631.27	-2736.296	105.026	2.345065	0.670638	0.329362	0.2242396
26862	-2641.146	-2746.147	105.0009	2.308247	0.828074	0.171926	0.2013271
26868	-2643.696	-2748.746	105.0495	2.302008	0.719334	0.280666	0.2165178
26874	-2620.89	-2726.779	105.8885	1.720289	0.712954	0.287046	0.5840275
26880	-2625.869	-2731.861	105.9919	1.606821	0.793332	0.206668	0.6143877
26886	-2625.77	-2731.673	105.9037	1.69943	0.662347	0.337653	0.6018362
26892	-2632.671	-2738.486	105.815	1.805988	0.698899	0.301101	0.5150082
26898	-2636.18	-2742.038	105.858	1.763515	0.730439	0.269561	0.4999045
26904	-2637.336	-2743.253	105.9176	1.687369	0.766363	0.233637	0.596366
26910	-2628.244	-2734.233	105.9895	1.631194	0.738128	0.261872	0.5200429
26916	-2618.31	-2724.262	105.9512	1.635448	0.77529	0.22471	0.6437566
26922	-2620.093	-2726.046	105.9526	1.640758	0.720894	0.279106	0.6280493
26928	-2633.087	-2739.153	106.0657	1.491049	0.7826	0.2174	0.7020853
26934	-2622.9	-2728.529	105.629	1.974616	0.671547	0.328453	0.4112919
26940	-2618.089	-2723.451	105.3619	2.102926	0.752782	0.247218	0.2697585
26946	-2621.07	-2726.464	105.3943	2.096953	0.761163	0.238837	0.2862687
26952	-2621.305	-2726.824	105.5189	2.055099	0.862304	0.137696	0.3613037
26958	-2616.962	-2722.415	105.4532	2.065991	0.835012	0.164988	0.3065699
26964	-2631.796	-2737.25	105.4547	2.075426	0.779238	0.220762	0.3155688
26970	-2626.546	-2732.444	105.8983	1.722726	0.767553	0.232447	0.5155532
26976	-2619.648	-2725.528	105.8802	1.740561	0.772393	0.227607	0.5196546
26982	-2617.789	-2723.22	105.4313	2.101111	0.736596	0.263404	0.317586
26988	-2630.915	-2736.398	105.4829	2.049524	0.809932	0.190068	0.317586
26994	-2628.233	-2734.274	106.041	1.512682	0.696632	0.303368	0.7072851
27000	-2624.732	-2730.408	105.676	1.932837	0.72834	0.27166	0.4245879
27006	-2627.494	-2733.057	105.5629	2.039031	0.752204	0.247796	0.4075964
27012	-2626.331	-2732.152	105.8213	1.80019	0.730393	0.269607	0.5021103
27018	-2620.81	-2726.753	105.9427	1.655883	0.674644	0.325356	0.6146261
27024	-2623.697	-2729.612	105.9143	1.691311	0.766385	0.233615	0.5945106
27030	-2624.137	-2730.073	105.9363	1.657178	0.760581	0.239419	0.6279028
27036	-2621.455	-2727.342	105.8871	1.731995	0.702528	0.297472	0.5354403
27042	-2617.484	-2723.348	105.8634	1.757059	0.77333	0.22667	0.5227205
27048	-2621.463	-2727.298	105.8343	1.78605	0.77333	0.22667	0.476398
27054	-2618.747	-2724.504	105.7569	1.859269	0.694843	0.305157	0.4504572
27060	-2623.652	-2729.459	105.8075	1.796127	0.788476	0.211524	0.6004164
27066	-2622.028	-2727.92	105.8922	1.640822	0.706809	0.293191	0.7407461
27072	-2622.502	-2728.46	105.9583	1.591709	0.795209	0.204791	0.71348
27078	-2622.962	-2728.956	105.9944	1.566764	0.747864	0.252136	0.694383
27084	-2631.971	-2737.785	105.8142	1.341949	0.70248	0.29752	1.148434
27090	-2621.638	-2727.651	106.0122	1.389479	0.742243	0.257757	0.9085035
27096	-2623.588	-2729.648	106.0598	1.341826	0.807604	0.192396	0.9085035
27102	-2628.185	-2734.037	105.8524	1.198343	0.830548	0.169452	1.23913
27108	-2623.634	-2729.452	105.8183	1.15929	0.813671	0.186329	1.299511
27114	-2623.012	-2728.84	105.8282	1.098443	0.747258	0.252742	1.340527
27120	-2621.798	-2727.556	105.7578	1.001142	0.705559	0.294441	1.470734
27126	-2623.531	-2729.164	105.6327	1.232053	0.812444	0.187556	1.389353
27132	-2632.47	-2738.494	106.0245	1.383977	0.695321	0.304679	0.9008443
27138	-2623.356	-2729.31	105.9536	1.589165	0.793893	0.206107	0.7254031
27144	-2621.913	-2727.978	106.0643	1.45831	0.747186	0.252814	0.7564123
27150	-2628.396	-2734.331	105.9357	1.444892	0.63598	0.36402	0.9316229
27156	-2625.703	-2731.591	105.8884	1.461681	0.828641	0.171359	0.9638359
27162	-2631.608	-2737.246	105.6383	1.248774	0.657464	0.342536	1.371875
27168	-2622.555	-2728.268	105.7131	1.172022	0.776643	0.223357	1.373428
27174	-2623.166	-2728.899	105.7334	1.151663	0.828736	0.171264	1.373428
27180	-2620.476	-2726.462	105.9862	1.384472	0.775464	0.224536	0.9421621
27186	-2623.745	-2729.711	105.9658	1.291054	0.730377	0.269623	1.056248
27192	-2624.513	-2730.542	106.0293	1.295687	0.751629	0.248371	0.98962
27198	-2633.655	-2739.623	105.9678	1.253939	0.731399	0.268601	1.089099
27204	-2629.763	-2735.722	105.9593	1.523779	0.768393	0.231607	0.8110311
27210	-2627.179	-2733.133	105.9539	1.404549	0.793498	0.206502	0.9551673
27216	-2624.399	-2730.295	105.8963	1.27217	0.724	0.276	1.13752
27222	-2630.693	-2736.493	105.7997	1.368752	0.724	0.276	1.13752
27228	-2626.471	-2732.382	105.9102	1.317044	0.724	0.276	1.083998
27234	-2637.844	-2743.594	105.7498	1.122476	0.753936	0.246064	1.383496
27240	-2632.839	-2738.498	105.6587	1.117745	0.808829	0.191171	1.45742
27246	-2630.654	-2736.428	105.7734	1.261474	0.745812	0.254188	1.252375
27252	-2623.799	-2729.396	105.5978	1.166363	0.733762	0.266238	1.466734
27258	-2634.52	-2740.038	105.5179	1.230843	0.823369	0.176631	1.478453
27264	-2623.497	-2729.162	105.6646	1.025746	0.826193	0.173807	1.522256
27270	-2624.679	-2730.542	105.8628	1.134586	0.792398	0.207602	1.283336
27276	-2625.645	-2731.435	105.7903	1.248132	0.776747	0.223253	1.249405
27282	-2629.282	-2735.023	105.7412	1.108157	0.803366	0.196634	1.401384
27288	-2623.5	-2729.302	105.8017	1.107298	0.77112	0.22888	1.354526
27294	-2641.205	-2746.695	105.4903	1.119572	0.675483	0.324517	1.581582
27300	-2634.285	-2740.198	105.9128	1.642521	0.73905	0.26095	0.7045734
27306	-2627.04	-2733.055	106.0141	1.556828	0.787292	0.212708	0.6762581
27312	-2626.561	-2732.329	105.7675	1.26193	0.816965	0.183035	1.25691
27318	-2628.997	-2734.788	105.7912	1.24329	0.832898	0.167102	1.252732
27324	-2624.385	-2730.286	105.9006	1.719652	0.807527	0.192473	0.5254771
27330	-2626.078	-2731.95	105.8715	1.748801	0.763345	0.236655	0.4759116
27336	-2624.066	-2730.016	105.9498	1.601673	0.763345	0.236655	0.7111825
27342	-2627.557	-2733.496	105.9394	1.681805	0.657162	0.342838	0.5125134
27348	-2627.44	-2733.314	105.8742	1.745024	0.74473	0.25527	0.5341048
27354	-2627.813	-2733.564	105.7509	1.177505	0.67783	0.32217	1.339105
27360	-2622.528	-2728.55	106.0227	1.563952	0.79065	0.20935	0.6437646
27366	-2630.313	-2736.225	105.9121	1.68334	0.696763	0.303237	0.6229063
27372	-2628.719	-2734.307	105.5878	1.065363	0.835381	0.164619	1.549775
27378	-2623.074	-2728.8	105.7254	1.05135	0.800713	0.199287	1.457206
27384	-2641.94	-2747.833	105.8934	1.719289	0.806146	0.193854	0.5692453
27390	-2621.86	-2727.283	105.4232	1.05302	0.763468	0.236532	1.677987
27396	-2625.805	-2731.629	105.8243	1.220148	0.727974	0.272026	1.244442
27402	-2627.224	-2733.032	105.8081	1.290444	0.764973	0.235027	1.198664
27408	-2630.434	-2736.305	105.871	1.227535	0.732933	0.267067	1.198664
27414	-2634.103	-2739.914	105.8114	1.193387	0.726343	0.273657	1.277271
27420	-2630.991	-2736.771	105.7793	1.060701	0.770925	0.229075	1.408617
27426	-2623.472	-2729.226	105.754	1.207625	0.802455	0.197545	1.312441
27432	-2625.714	-2731.516	105.8016	1.199896	0.798685	0.201315	1.280004
27438	-2624.306	-2730.064	105.7583	1.126307	0.727622	0.272378	1.373764
27444	-2625.824	-2731.838	106.0143	1.39256	0.727442	0.272558	0.9026865
27450	-2627.579	-2733.643	106.064	1.39967	0.828947	0.171053	0.835771
27456	-2623.104	-2729.02	105.9164	1.442616	0.85001	0.14999	0.9545369
27462	-2624.067	-2730.1	106.0333	1.488734	0.770306	0.229694	0.757252
27468	-2619.39	-2725.336	105.946	1.658093	0.729628	0.270372	0.5990706
27474	-2624.821	-2730.744	105.9229	1.689425	0.763293	0.236707	0.5708467
27480	-2629.937	-2735.793	105.8558	1.76504	0.714247	0.285753	0.5175047
27486	-2625.304	-2731.192	105.8884	1.732501	0.781588	0.218412	0.5175047
27492	-2623.742	-2729.636	105.8941	1.618276	0.780248	0.219752	0.7712807
27498	-2623.438	-2729.277	105.8387	1.772648	0.772085	0.227915	0.5745094
27504	-2626.089	-2731.667	105.5773	2.016789	0.708757	0.291243	0.3918915
27510	-2623.945	-2729.626	105.6811	1.913003	0.758081	0.241919	0.3918915
27516	-2632.592	-2738.475	105.8833	1.70478	0.800141	0.199859	0.6405748
27522	-2631.08	-2737.004	105.9239	1.669757	0.824427	0.175573	0.6273593
27528	-2621.351	-2727.282	105.9317	1.648316	0.699602	0.300398	0.6580238
27534	-2624.219	-2730.086	105.8678	1.488821	0.622338	0.377662	0.9570393
27540	-2628.629	-2734.569	105.9404	1.511567	0.663732	0.336268	0.8502128
27546	-2628.052	-2733.972	105.9194	1.629176	0.631206	0.368794	0.7159799
27552	-2634.572	-2740.386	105.814	1.782248	0.797689	0.202311	0.6207639
27558	-2626.664	-2732.549	105.8844	1.685123	0.781944	0.218056	0.6789124
27564	-2621.237	-2727.123	105.886	1.403696	0.778602	0.221398	1.024592
27570	-2621.264	-2727.311	106.0477	1.408048	0.754781	0.245219	0.8455396
27576	-2621.15	-2727.092	105.9422	1.513605	0.67989	0.32011	0.8455396
27582	-2627.291	-2733.152	105.8611	1.415182	0.684119	0.315881	1.037652
27588	-2631.064	-2736.796	105.7322	1.345511	0.675368	0.324632	1.216408
27594	-2630.081	-2735.999	105.9175	1.510381	0.747714	0.252286	0.8786776
27600	-2626.912	-2732.897	105.9853	1.296699	0.731142	0.268858	1.032154
27606	-2633.926	-2739.752	105.8259	1.298016	0.821447	0.178553	1.176688
27612	-2623.836	-2729.674	105.8381	1.782885	0.827533	0.172467	0.5165009
27618	-2627.734	-2733.474	105.7402	1.849856	0.793469	0.206531	0.3848461
27624	-2634.498	-2740.466	105.9682	1.518148	0.784022	0.215978	0.8067784
27630	-2627.677	-2733.424	105.7474	1.865185	0.773885	0.226115	0.4362243
27636	-2635.563	-2741.305	105.742	1.865208	0.69692	0.30308	0.4202494
27642	-2628.324	-2734.038	105.7134	1.898601	0.719815	0.280185	0.434363
27648	-2635.851	-2741.712	105.8608	1.759767	0.677214	0.322786	0.4795276
27654	-2636.723	-2742.547	105.8239	1.797476	0.721759	0.278241	0.493646
27660	-2626.776	-2732.639	105.8629	1.70972	0.713942	0.286058	0.6728965
27666	-2629.197	-2735.089	105.8918	1.724312	0.713942	0.286058	0.553446
27672	-2622.64	-2728.511	105.8714	1.744688	0.839905	0.160095	0.553446
27678	-2627.678	-2733.57	105.8925	1.723652	0.788344	0.211656	0.553446
27684	-2624.9	-2730.781	105.8807	1.714425	0.806914	0.193086	0.6238428
27690	-2627.144	-2733.053	105.909	1.707244	0.806914	0.193086	0.552913
27696	-2624.532	-2730.489	105.9576	1.658598	0.740463	0.259537	0.552913
27702	-2634.753	-2740.758	106.0047	1.479493	0.734882	0.265118	0.8096753
27708	-2641.815	-2747.834	106.0193	1.268776	0.758226	0.241774	1.026158
27714	-2620.238	-2726.151	105.9127	1.375421	0.758226	0.241774	1.026158
27720	-2627.943	-2733.792	105.8494	1.771906	0.711686	0.288314	0.5083683
27726	-2628.078	-2733.927	105.849	1.771906	0.748746	0.251254	0.516751
27732	-2626.136	-2731.981	105.8443	1.776646	0.751486	0.248514	0.5165634
27738	-2629.04	-2734.786	105.7457	1.874512	0.812288	0.187712	0.4754632
27744	-2633.118	-2739.089	105.9711	1.434585	0.724211	0.275789	0.9040219
27750	-2628.924	-2734.773	105.8493	1.340352	0.827455	0.172545	1.118492
27756	-2630.158	-2736.079	105.9217	1.338945	0.844336	0.155664	1.052616
27762	-2633.781	-2739.77	105.9882	1.622324	0.754044	0.245956	0.5776138
27768	-2627.599	-2733.594	105.9949	1.575924	0.800284	0.199716	0.6764799
27774	-2627.546	-2733.574	106.0279	1.485585	0.790828	0.209172	0.7697118
27780	-2625.638	-2731.693	106.0552	1.479876	0.762891	0.237109	0.7376192
27786	-2622.886	-2728.914	106.0284	1.440028	0.79235	0.20765	0.8298073
27792	-2622.976	-2728.968	105.992	1.522944	0.737843	0.262157	0.7676236
27798	-2617.343	-2723.327	105.9846	1.494906	0.661201	0.338799	0.8156632
27804	-2621.218	-2726.997	105.779	1.842482	0.709652	0.290348	0.4989276
27810	-2627.54	-2733.506	105.9661	1.475233	0.917299	0.0827012	0.8629494
27816	-2617.997	-2723.891	105.8942	1.654607	0.725493	0.274507	0.7155611
27822	-2623.203	-2729.128	105.9245	1.675048	0.725493	0.274507	0.6120527
27828	-2627.325	-2733.264	105.9389	1.6825	0.750026	0.249974	0.4954105
27834	-2627.389	-2733.453	106.0642	1.385981	0.809223	0.190777	0.8523697
27840	-2622.309	-2728.298	105.9888	1.449741	0.796365	0.203635	0.8662956
27846	-2620.038	-2725.925	105.8865	1.559242	0.794545	0.205455	0.8576747
27852	-2616.423	-2722.341	105.9182	1.621444	0.792352	0.207648	0.7304797
27858	-2616.208	-2722.163	105.9555	1.44483	0.792571	0.207429	0.9099999
27864	-2628.802	-2734.599	105.7964	1.420059	0.736209	0.263791	1.093985
27870	-2626.508	-2732.159	105.6515	1.228432	0.740066	0.259934	1.377449
27876	-2623.396	-2729.177	105.7807	1.153399	0.776505	0.223495	1.334559
27882	-2621.733	-2727.554	105.821	1.157013	0.820545	0.179455	1.299128
27888	-2624.963	-2730.733	105.7695	1.297366	0.790771	0.209229	1.225581
27894	-2622.108	-2727.916	105.8085	1.312949	0.702786	0.297214	1.178899
27900	-2618.737	-2724.668	105.9306	1.33737	0.750796	0.249204	1.045645
27906	-2621.477	-2727.35	105.8734	1.35596	0.779875	0.220125	1.082064
27912	-2622.768	-2728.68	105.9113	1.679437	0.770508	0.229492	0.6343803
27918	-2615.576	-2721.449	105.872	1.690748	0.785416	0.214584	0.6913933
27924	-2619.863	-2725.757	105.8944	1.709347	0.785416	0.214584	0.6001449
27930	-2630.717	-2736.626	105.9087	1.674067	0.690858	0.309142	0.6523636
27936	-2630.055	-2736.039	105.9838	1.587008	0.851592	0.148408	0.6764818
27942	-2621.156	-2727.142	105.9861	1.530193	0.787768	0.212232	0.7656234
27948	-2620.039	-2725.974	105.9348	1.549123	0.727901	0.272099	0.8099322
27954	-2619.534	-2725.471	105.9376	1.564251	0.738553	0.261447	0.7859658
27960	-2613.054	-2719.021	105.9666	1.535211	0.700601	0.299399	0.7859658
27966	-2622.511	-2728.454	105.943	1.5371	0.752257	0.247743	0.8149774
27972	-2616.543	-2722.521	105.9772	1.556348	0.763722	0.236278	0.739982
27978	-2624.872	-2730.826	105.9542	1.600194	0.715458	0.284542	0.7060604
27984	-2622.385	-2728.401	106.0165	1.524539	0.763212	0.236788	0.7282516
27990	-2625.341	-2731.34	105.9994	1.436316	0.756956	0.243044	0.869634
27996	-2616.324	-2722.281	105.957	1.414329	0.754805	0.245195	0.9415321
28002	-2626.065	-2731.832	105.7673	1.424915	0.733481	0.266519	1.116139
28008	-2621.566	-2727.612	106.0455	1.498606	0.729274	0.270726	0.7232922
28014	-2630.733	-2736.324	105.5911	1.988759	0.795039	0.204961	0.369304
28020	-2624.979	-2730.88	105.9009	1.630305	0.869103	0.130897	0.7435365
28026	-2625.119	-2731.041	105.9217	1.678056	0.750393	0.249607	0.6115912
28032	-2616.657	-2722.309	105.6517	1.933029	0.783355	0.216645	0.3764412
28038	-2620.667	-2726.286	105.6183	1.970767	0.69421	0.30579	0.3832433
28044	-2617.938	-2723.502	105.5632	2.00175	0.795962	0.204038	0.3501759
28050	-2618.506	-2724.248	105.7418	1.879655	0.81754	0.18246	0.4978465
28056	-2621.408	-2727.181	105.773	1.84063	0.755471	0.244529	0.4398496
28062	-2631.222	-2737.18	105.9574	1.481336	0.796256	0.203744	0.8660267
28068	-2628.297	-2734.169	105.8728	1.376115	0.754288	0.245712	1.063773
28074	-2627.663	-2733.614	105.9512	1.297678	0.702456	0.297544	1.063773
28080	-2623.311	-2729.322	106.0118	1.434056	0.771154	0.228846	0.8575582
28086	-2626.41	-2732.403	105.9932	1.500109	0.79286	0.20714	0.7975628
28092	-2629.91	-2735.857	105.9475	1.620846	0.728332	0.271668	0.6811563
28098	-2624.538	-2730.526	105.9888	1.579571	0.727628	0.272372	0.6811563
28104	-2625.534	-2731.473	105.9383	1.677653	0.792888	0.207112	0.5545079
28110	-2636.543	-2742.47	105.9264	1.661367	0.76845	0.23155	0.6412157
28116	-2632.554	-2738.416	105.8621	1.666151	0.744027	0.255973	0.7480611
28122	-2631.878	-2737.744	105.8659	1.746942	0.781108	0.218892	0.5686578
28128	-2629.56	-2735.368	105.808	1.794477	0.728734	0.271266	0.408731
28134	-2623.779	-2729.68	105.9005	1.568038	0.724985	0.275015	0.8297478
28140	-2629.625	-2735.57	105.9451	1.581132	0.692808	0.307192	0.7510198
28146	-2624.47	-2730.548	106.0782	1.34432	0.692808	0.307192	0.884931
28152	-2633.693	-2739.748	106.0551	1.520548	0.684932	0.315068	0.6670203
28158	-2633.321	-2739.257	105.936	1.575847	0.815647	0.184353	0.7720016
28164	-2626.501	-2732.507	106.0063	1.519157	0.678763	0.321237	0.7522437
28170	-2629.007	-2734.935	105.9275	1.597892	0.805843	0.194157	0.7522437
28176	-2624.376	-2730.342	105.9661	1.583654	0.694784	0.305216	0.7140475
28182	-2624.501	-2730.449	105.9482	1.601496	0.700893	0.299107	0.7140475
28188	-2629.009	-2734.924	105.915	1.660083	0.730417	0.269583	0.6680941
28194	-2636.554	-2742.338	105.784	1.226863	0.819933	0.180067	1.272257
28200	-2627.159	-2733.1	105.9411	1.544189	0.815647	0.184353	0.808216
28206	-2629.182	-2734.998	105.8159	1.454533	0.667824	0.332176	1.043242
28212	-2623.106	-2728.783	105.6767	1.070383	0.736254	0.263746	1.479655
28218	-2620.886	-2726.532	105.6458	1.101289	0.789978	0.210022	1.479655
28224	-2631.205	-2736.8	105.5949	1.043844	0.724852	0.275148	1.560448
28230	-2634.881	-2740.575	105.6944	0.9686437	0.800735	0.199265	1.542467
28236	-2623.162	-2728.169	105.0069	0.9321515	0.800179	0.199821	2.04567
28242	-2623.243	-2729.136	105.8927	1.679556	0.742413	0.257587	0.6737542
28248	-2623.189	-2729.024	105.8349	1.760657	0.798295	0.201705	0.6225107
28254	-2635.082	-2740.579	105.4969	0.9902912	0.829162	0.170838	1.670161
28260	-2629.295	-2735.026	105.7315	1.877457	0.744586	0.255414	0.4248747
28266	-2626.778	-2732.464	105.6861	1.917391	0.729776	0.270224	0.4111281
28272	-2615.518	-2721.31	105.7919	1.827234	0.75905	0.24095	0.4667839
28278	-2624.868	-2730.735	105.8664	1.745814	0.75905	0.24095	0.5710561
28284	-2622.035	-2727.646	105.6105	1.124096	0.79385	0.20615	1.489083
28290	-2628.623	-2734.522	105.8989	1.704794	0.791922	0.208078	0.600392
28296	-2625.548	-2731.508	105.9598	1.603455	0.769004	0.230996	0.6905186
28302	-2625.566	-2731.511	105.9458	1.617476	0.757495	0.242505	0.6905186
28308	-2621.455	-2727.405	105.95	1.622611	0.780046	0.219954	0.6730856
28314	-2622.062	-2728.064	106.0019	1.616309	0.666352	0.333648	0.5412851
28320	-2618.361	-2724.274	105.9133	1.631449	0.770691	0.229309	0.7222998
28326	-2624.046	-2730.04	105.9942	1.475622	0.858872	0.141128	0.8280798
28332	-2640.89	-2746.829	105.9391	1.247777	0.743243	0.256757	1.120998
28338	-2640.022	-2745.996	105.9738	1.24819	0.844589	0.155411	1.08886
28344	-2632.967	-2739.004	106.0375	1.26928	0.76244	0.23756	1.007776
28350	-2643.777	-2749.54	105.7628	1.560413	0.808091	0.191909	0.9913713
28356	-2630.466	-2736.352	105.8862	1.596089	0.785073	0.214927	0.812115
28362	-2632.733	-2738.655	105.9215	1.246659	0.751382	0.248618	1.137779
28368	-2628.907	-2734.669	105.7623	1.246888	0.751382	0.248618	1.273684
28374	-2623.146	-2728.943	105.7968	1.300943	0.736118	0.263882	1.199331
28380	-2622.113	-2728.043	105.9301	1.327216	0.778174	0.221826	1.055762
28386	-2626.569	-2732.605	106.036	1.500147	0.802852	0.197148	0.7359921
28392	-2620.836	-2726.882	106.0458	1.500147	0.791108	0.208892	0.7202277
28398	-2625.346	-2731.255	105.9091	1.636839	0.662785	0.337215	0.7202277
28404	-2625.379	-2731.277	105.8984	1.638878	0.794206	0.205794	0.7342188
28410	-2629.847	-2735.856	106.0086	1.415287	0.768919	0.231081	0.8833021
28416	-2631.43	-2737.187	105.7569	1.32097	0.736965	0.263035	1.216262
28422	-2644.16	-2749.739	105.5798	1.113459	0.656725	0.343275	1.52002
28428	-2632.662	-2738.005	105.3429	1.015581	0.794021	0.205979	1.761002
28434	-2625.827	-2731.438	105.6113	1.171648	0.785001	0.214999	1.452446
28440	-2634.33	-2740.334	106.0043	1.345965	0.692475	0.307525	0.9636919
28446	-2632.55	-2738.479	105.9288	1.295655	0.709844	0.290156	1.086633
28452	-2629.19	-2734.935	105.7451	1.105604	0.677842	0.322158	1.400266
28458	-2627.927	-2733.442	105.5153	1.215957	0.652033	0.347967	1.491585
28464	-2630.796	-2736.401	105.6055	1.124562	0.725802	0.274198	1.492482
28470	-2634.543	-2740.217	105.6745	1.392707	0.738537	0.261463	1.225338
28476	-2627.312	-2733.149	105.8369	1.230219	0.710607	0.289393	1.225338
28482	-2636.103	-2741.902	105.7993	1.224228	0.767809	0.232191	1.261844
28488	-2628.621	-2734.386	105.7649	1.217189	0.781231	0.218769	1.29582
28494	-2630.472	-2736.382	105.9101	1.563642	0.688901	0.311099	0.8230689
28500	-2632.485	-2737.717	105.2323	1.260772	0.758771	0.241229	1.666001
28506	-2635.56	-2741.06	105.5002	1.149498	0.758771	0.241229	1.552311
28512	-2628.828	-2734.544	105.716	1.358117	0.65424	0.34576	1.219429
28518	-2626.176	-2731.892	105.7157	1.358117	0.755867	0.244133	1.219706
28524	-2625.021	-2730.809	105.7879	1.344621	0.766154	0.233846	1.169199
28530	-2622.584	-2728.492	105.9079	1.273323	0.697006	0.302994	1.12603
28536	-2622.222	-2728.147	105.9247	1.147427	0.735784	0.264216	1.221158
28542	-2620.498	-2726.302	105.8037	1.227938	0.721105	0.278895	1.255055
28548	-2622.465	-2728.131	105.6663	1.283901	0.788433	0.211567	1.321642
28554	-2624.377	-2730.063	105.6857	1.191915	0.82302	0.17698	1.379283
28560	-2629.945	-2735.687	105.7421	1.27013	0.697517	0.302483	1.271179
28566	-2641.077	-2746.894	105.817	1.195165	0.748934	0.251066	1.271179
28572	-2635.93	-2741.451	105.5214	1.392445	0.680713	0.319287	1.350663
28578	-2625.31	-2731.245	105.9346	1.41084	0.768248	0.231752	0.9686595
28584	-2630.017	-2735.982	105.9648	1.397381	0.729049	0.270951	0.9511697
28590	-2625.528	-2731.462	105.9341	1.417634	0.698448	0.301552	0.9621727
28596	-2632.835	-2738.77	105.9351	1.416632	0.79464	0.20536	0.9621727
28602	-2632.421	-2738.416	105.9948	1.505135	0.71691	0.28309	0.7885231
28608	-2630.588	-2736.59	106.002	1.537859	0.734736	0.265264	0.7301541
28614	-2629.574	-2735.449	105.8742	1.738609	0.713873	0.286127	0.5688266
28620	-2637.657	-2743.653	105.9954	1.587874	0.738901	0.261099	0.6512282
28626	-2635.348	-2741.305	105.9575	1.569422	0.756527	0.243473	0.7499831
28632	-2645.015	-2750.908	105.8935	1.701104	0.639922	0.360078	0.6249942
28638	-2632.639	-2738.606	105.9668	1.503485	0.746292	0.253708	0.8274571
28644	-2634.806	-2740.833	106.0268	1.485901	0.681095	0.318905	0.7707176
28650	-2629.095	-2734.966	105.8709	1.557348	0.769262	0.230738	0.8782643
28656	-2628.677	-2734.653	105.9762	1.452055	0.798329	0.201671	0.8782643
28662	-2629.52	-2735.444	105.9247	1.354667	0.802836	0.197164	1.034625
28668	-2623.117	-2729.115	105.9981	1.435012	0.802836	0.197164	0.8726126
28674	-2627.098	-2733.144	106.0467	1.520603	0.634761	0.365239	0.6830839
28680	-2617.784	-2723.773	105.9891	1.376036	0.661425	0.338575	0.9480836
28686	-2627.206	-2733.057	105.8512	1.45202	0.788765	0.211235	1.011318
28692	-2627.295	-2733.209	105.9138	1.135395	0.764451	0.235549	1.240432
28698	-2626.006	-2731.955	105.9494	1.178775	0.736501	0.263499	1.172976
28704	-2626.866	-2732.771	105.9052	1.205939	0.777151	0.222849	1.187771
28710	-2628.518	-2734.501	105.9828	1.503876	0.794601	0.205399	0.8063638
28716	-2623.296	-2729.21	105.9141	1.313757	0.81976	0.18024	1.083493
28722	-2626.976	-2732.95	105.9738	1.31607	0.772998	0.227002	1.024441
28728	-2629.252	-2735.254	106.002	1.386262	0.772998	0.227002	0.9232824
28734	-2624.843	-2730.862	106.0189	1.369285	0.841054	0.158946	0.9232824
28740	-2640.902	-2746.905	106.0032	1.414622	0.680757	0.319243	0.8903447
28746	-2628.421	-2734.232	105.8119	1.435324	0.680757	0.319243	1.065369
28752	-2621.798	-2727.458	105.6598	1.013816	0.794042	0.205958	1.534628
28758	-2624.593	-2730.261	105.6682	1.14389	0.71524	0.28476	1.430182
28764	-2636.31	-2741.939	105.6289	1.190983	0.723151	0.276849	1.424134
28770	-2624.678	-2730.54	105.8613	1.343687	0.782836	0.217164	1.104531
28776	-2635.239	-2741.108	105.8686	1.24314	0.791884	0.208116	1.187303
28782	-2635.835	-2741.42	105.585	1.112571	0.767044	0.232956	1.516866
28788	-2626.485	-2731.921	105.4361	1.155628	0.750314	0.249686	1.594837
28794	-2621.463	-2727.294	105.8309	1.212209	0.760641	0.239359	1.245533
28800	-2628.411	-2734.349	105.9388	1.276404	0.760076	0.239924	1.0952
28806	-2637.597	-2743.528	105.9309	1.397773	0.784892	0.215108	0.9858734
28812	-2629.205	-2735.146	105.9412	1.334092	0.643652	0.356348	1.038572
28818	-2634.066	-2740.017	105.9502	1.444166	0.722846	0.277154	0.916576
28824	-2627.069	-2733.077	106.0076	1.483803	0.755421	0.244579	0.8000594
28830	-2629.896	-2735.468	105.5725	1.110377	0.75087	0.24913	1.527807
28836	-2626.015	-2732.043	106.0284	1.351628	0.705461	0.294539	0.9321984
28842	-2616.586	-2722.437	105.851	1.709969	0.752016	0.247984	0.6946221
28848	-2616.114	-2722.054	105.9396	1.640381	0.796908	0.203092	0.6581915
28854	-2621.496	-2727.439	105.9429	1.504483	0.810493	0.189507	0.8556517
28860	-2621.273	-2727.198	105.9244	1.613255	0.768096	0.231904	0.7336258
28866	-2621.155	-2727.148	105.9935	1.545325	0.771856	0.228144	0.7317309
28872	-2622.846	-2728.769	105.9233	1.618792	0.806102	0.193898	0.726542
28878	-2628.731	-2734.608	105.8765	1.720575	0.76819	0.23181	0.6185962
28884	-2628.095	-2733.932	105.8369	1.501377	0.758463	0.241537	0.9760226
28890	-2618.907	-2724.83	105.923	1.375297	0.771767	0.228233	1.016186
28896	-2622.65	-2728.605	105.9548	1.337825	0.718238	0.281762	1.021717
28902	-2629.747	-2735.438	105.6909	1.256022	0.753596	0.246404	1.324275
28908	-2622.333	-2728.125	105.7925	1.154453	0.789686	0.210314	1.324275
28914	-2628.199	-2734.077	105.8776	1.717947	0.716306	0.283694	0.6226946
28920	-2630.968	-2736.828	105.8606	1.736596	0.654426	0.345574	0.6184849
28926	-2637.212	-2743.078	105.866	1.755424	0.764746	0.235254	0.4950278
28932	-2623.986	-2729.014	105.0276	0.9543038	0.737895	0.262105	2.017194
28938	-2616.443	-2722.01	105.5668	1.008189	0.701656	0.298344	1.606977
28944	-2616.693	-2722.564	105.8706	1.169759	0.856544	0.143456	1.247842
28950	-2615.681	-2721.454	105.773	1.848147	0.745877	0.254123	0.4875467
28956	-2626.004	-2731.816	105.8127	1.808473	0.685719	0.314281	0.4875467
28962	-2630.741	-2736.658	105.9164	1.57433	0.759148	0.240852	0.8009285
28968	-2622.599	-2728.595	105.9965	1.542846	0.742383	0.257617	0.730875
28974	-2625.477	-2731.114	105.6371	1.933358	0.746329	0.253671	0.3567804
28980	-2626.546	-2732.227	105.6809	1.919244	0.652298	0.347702	0.4037356
28986	-2619.195	-2724.798	105.6027	1.958844	0.781834	0.218166	0.3462489
28992	-2627.257	-2733.267	106.0101	1.459851	0.697111	0.302889	0.8278604
28998	-2624.826	-2730.878	106.0516	1.485204	0.637108	0.362892	0.7348499
29004	-2626.427	-2732.335	105.9085	1.657403	0.647453	0.352547	0.6856184
29010	-2616.168	-2722.165	105.9965	1.549891	0.78326	0.21674	0.7195814
29016	-2616.482	-2722.425	105.9428	1.637926	0.720842	0.279158	0.6566766
29022	-2622.343	-2728.404	106.0607	1.468363	0.755512	0.244488	0.7467305
29028	-2619.07	-2725.134	106.0634	1.443947	0.744434	0.255566	0.7783902
29034	-2625.99	-2731.952	105.9629	1.490874	0.798641	0.201359	0.8480164
29040	-2621.447	-2727.389	105.9418	1.345424	0.762175	0.237825	1.027044
29046	-2627.477	-2733.377	105.9001	1.403535	0.686043	0.313957	1.010882
29052	-2618.783	-2724.781	105.9985	1.270268	0.75959	0.24041	1.044851
29058	-2621.665	-2727.626	105.9608	1.360356	0.784318	0.215682	0.9934763
29064	-2625.575	-2731.572	105.9966	1.521198	0.746568	0.253432	0.7634911
29070	-2627.64	-2733.569	105.9284	1.692677	0.773425	0.226575	0.5139762
29076	-2622.119	-2728.019	105.9005	1.719556	0.773425	0.226575	0.4738947
29082	-2616.246	-2721.826	105.5793	1.993827	0.802084	0.197916	0.3601429
29088	-2622.594	-2728.243	105.6492	1.92925	0.796362	0.203638	0.3673082
29094	-2625.265	-2730.807	105.5419	2.027906	0.82141	0.17859	0.3560499
29100	-2630.608	-2736.015	105.407	2.128324	0.7291	0.2709	0.3200953
29106	-2637.531	-2742.88	105.3493	2.128324	0.817661	0.182339	0.2774647
29112	-2618.491	-2724.469	105.9774	1.43385	0.814999	0.185001	0.8977986
29118	-2622.595	-2728.463	105.8679	1.452935	0.735719	0.264281	0.9937181
29124	-2636.482	-2742.042	105.5599	1.994944	0.727384	0.272616	0.3390052
29130	-2626.881	-2732.747	105.8668	1.229203	0.734861	0.265139	1.200773
29136	-2621.806	-2727.617	105.8106	1.285469	0.7922	0.2078	1.200773
29142	-2618.737	-2724.538	105.8012	1.285469	0.7922	0.2078	1.208793
29148	-2615.85	-2721.397	105.5469	1.126534	0.764505	0.235495	1.534793
29154	-2622.2	-2728.033	105.8322	1.789253	0.781571	0.218429	0.501254
29160	-2616.661	-2722.614	105.9534	1.663691	0.847235	0.152765	0.548479
29166	-2621.67	-2727.552	105.8818	1.720671	0.792296	0.207704	0.6037653
29172	-2622.12	-2727.994	105.8741	1.703449	0.7852	0.2148	0.6632052
29178	-2624.917	-2730.714	105.7969	1.824437	0.670923	0.329077	0.5086922
29184	-2640.475	-2745.663	105.1881	1.021232	0.834339	0.165661	1.864021
29190	-2624.208	-2729.938	105.729	1.891544	0.622023	0.377977	0.521582
29196	-2621.794	-2727.571	105.7772	1.831423	0.64081	0.35919	0.4241537
29202	-2619.747	-2725.499	105.7518	1.862958	0.779681	0.220319	0.4441439
29208	-2619.896	-2725.59	105.6939	1.916328	0.753886	0.246114	0.4286592
29214	-2622.018	-2727.644	105.6257	1.943556	0.766401	0.233599	0.3553023
29220	-2626.114	-2731.896	105.7816	1.826767	0.749596	0.250404	0.4233236
29226	-2620.17	-2725.916	105.7455	1.856429	0.803467	0.196533	0.4076394
29232	-2623.239	-2728.855	105.6167	1.985273	0.776989	0.223011	0.4076394
29238	-2629.396	-2734.864	105.4681	2.037907	0.679755	0.320245	0.296567
29244	-2627.486	-2733.014	105.5271	2.018651	0.738833	0.261167	0.3297948
29250	-2639.332	-2745.232	105.9003	1.567016	0.879248	0.120752	0.8312398
29256	-2631.357	-2737.247	105.8907	1.576646	0.780797	0.219203	0.8312398
29262	-2623.761	-2729.514	105.7536	1.853253	0.759888	0.240112	0.4192198
29268	-2617.178	-2722.891	105.7128	1.894034	0.841281	0.158719	0.4192198
29274	-2622.293	-2728.284	105.9917	1.571903	0.76246	0.23754	0.6899629
29280	-2615.816	-2721.698	105.8819	1.721382	0.715998	0.284002	0.6014589
29286	-2625.852	-2731.62	105.7675	1.851797	0.715998	0.284002	0.533965
29292	-2631.078	-2736.984	105.9059	1.713053	0.78684	0.21316	0.5365481
29298	-2622.322	-2728.158	105.8364	1.781266	0.723731	0.276269	0.5449446
29304	-2627.238	-2733.042	105.804	1.816501	0.785425	0.214575	0.4780107
29310	-2628.518	-2734.327	105.8092	1.812307	0.809624	0.190376	0.4991586
29316	-2627.779	-2733.673	105.894	1.721557	0.677913	0.322087	0.5564324
29322	-2616.18	-2722.082	105.9023	1.713251	0.728551	0.271449	0.5564324
29328	-2617.394	-2723.233	105.8389	1.70904	0.698571	0.301429	0.7169609
29334	-2621.49	-2727.465	105.9749	1.530838	0.646744	0.353256	0.7805278
29340	-2616.878	-2722.72	105.8419	1.510692	0.785719	0.214281	0.9612794
29346	-2622.697	-2728.45	105.7523	1.43428	0.779632	0.220368	1.121263
29352	-2614.24	-2720.165	105.9252	1.28583	0.746225	0.253775	1.098971
29358	-2616.859	-2722.714	105.8544	1.245052	0.780289	0.219711	1.197811
29364	-2617.32	-2723.246	105.9259	1.2977	0.762671	0.237329	1.087371
29370	-2626.111	-2731.901	105.7901	1.476821	0.666107	0.333893	1.04669
29376	-2622.099	-2728.094	105.9958	1.423482	0.802505	0.197495	0.8886649
29382	-2632.306	-2737.527	105.2212	0.9737071	0.803561	0.196439	1.873844
29388	-2630.521	-2735.913	105.3922	0.8575097	0.796441	0.203559	1.836363
29394	-2627.047	-2732.863	105.8155	1.336858	0.811272	0.188728	1.151745
29400	-2624.516	-2730.548	106.0322	1.224139	0.762632	0.237368	1.056764
29406	-2620.56	-2726.43	105.8706	1.399997	0.71829	0.28171	1.043091
29412	-2618.467	-2724.28	105.8139	1.197704	0.755732	0.244268	1.271706
29418	-2628.023	-2733.511	105.4878	1.240291	0.730279	0.269721	1.49398
29424	-2626.96	-2732.589	105.6287	1.099377	0.792405	0.207595	1.49398
29430	-2624.837	-2730.852	106.0151	1.359239	0.653706	0.346294	0.9382535
29436	-2621.868	-2727.801	105.9336	1.435187	0.804379	0.195621	0.9442077
29442	-2623.494	-2728.865	105.3703	1.025193	0.738255	0.261745	1.735096
29448	-2625.16	-2730.524	105.3635	1.038474	0.754408	0.245592	1.730513
29454	-2618.625	-2724.056	105.4316	0.9704089	0.752682	0.247318	1.730513
29460	-2630.599	-2736.522	105.9232	1.695895	0.712869	0.287131	0.5351857
29466	-2632.589	-2738.525	105.9357	1.683423	0.717503	0.282497	0.5351857
29472	-2626.742	-2732.636	105.8933	1.725835	0.688984	0.311016	0.5351857
29478	-2633.576	-2739.384	105.8082	1.81166	0.69107	0.30893	0.5290074
29484	-2624.745	-2730.5	105.7544	1.269518	0.785759	0.214241	1.261471
29490	-2622.418	-2728.099	105.6816	1.266858	0.839168	0.160832	1.323032
29496	-2623.587	-2729.405	105.8177	1.163554	0.692991	0.307009	1.296501
29502	-2621.542	-2727.396	105.8545	1.195268	0.777997	0.222003	1.239981
29508	-2620.943	-2726.683	105.7396	1.268957	0.842088	0.157912	1.274218
29514	-2624.077	-2729.919	105.8419	1.269768	0.746141	0.253859	1.187357
29520	-2630.774	-2736.569	105.7953	1.409407	0.694817	0.305183	1.104784
29526	-2622.23	-2728.079	105.8486	1.4266	0.806336	0.193664	1.038666
29532	-2619.603	-2725.471	105.8685	1.537081	0.806336	0.193664	0.9041107
29538	-2622.093	-2727.972	105.8796	1.596322	0.753555	0.246445	0.8203194
29544	-2619.038	-2724.99	105.9529	1.442377	0.702305	0.297695	0.9155483
29550	-2619.484	-2725.433	105.9486	1.582166	0.766127	0.233873	0.7441724
29556	-2628.763	-2734.814	106.051	1.49802	0.701575	0.298425	0.7152041
29562	-2627.397	-2733.426	106.0286	1.375431	0.730802	0.269198	0.9058888
29568	-2630.194	-2736.088	105.8931	1.397589	0.829774	0.170226	1.023701
29574	-2628.08	-2734.049	105.9691	1.386409	0.77832	0.22168	0.9581989
29580	-2621.071	-2726.997	105.9268	1.385211	0.77832	0.22168	1.002625
29586	-2619.464	-2725.419	105.955	1.397909	0.681902	0.318098	0.9609761
29592	-2626.228	-2732.165	105.937	1.633801	0.722098	0.277902	0.6764395
29598	-2625.266	-2731.264	105.9979	1.516995	0.706921	0.293079	0.7676838
29604	-2627.847	-2733.787	105.9406	1.587729	0.818707	0.181293	0.7478477
29610	-2618.109	-2724.15	106.0407	1.400268	0.823842	0.176158	0.8633117
29616	-2619.075	-2725.043	105.9679	1.473117	0.810104	0.189896	0.8633117
29622	-2627.971	-2733.991	106.0198	1.453629	0.675421	0.324579	0.8235103
29628	-2622.802	-2728.828	106.0259	1.362509	0.71465	0.28535	0.9231353
29634	-2622.133	-2728.211	106.0783	1.333933	0.743691	0.256309	0.8965943
29640	-2630.597	-2736.32	105.7228	1.220397	0.717919	0.282081	1.327299
29646	-2625.209	-2730.886	105.6769	1.266278	0.74995	0.25005	1.327299
29652	-2625.955	-2731.448	105.4929	1.241088	0.732506	0.267494	1.489581
29658	-2621.47	-2727.309	105.8393	1.10627	0.840633	0.159367	1.325346
29664	-2626.814	-2732.526	105.7119	1.114954	0.840633	0.159367	1.418746
29670	-2617.903	-2723.756	105.8527	1.257404	0.754827	0.245173	1.18867
29676	-2625.071	-2730.727	105.6564	1.216115	0.571754	0.428246	1.383302
29682	-2622.202	-2728.187	105.9856	1.429565	0.803525	0.196475	0.8932953
29688	-2624.865	-2730.809	105.9442	1.365488	0.748029	0.251971	1.004889
29694	-2625.457	-2731.261	105.804	1.290419	0.744992	0.255008	1.202119
29700	-2623.968	-2729.773	105.8045	1.150922	0.845315	0.154685	1.31745
29706	-2621.966	-2727.715	105.7492	1.206181	0.834841	0.165159	1.31745
29712	-2623.954	-2729.835	105.8807	1.318225	0.776015	0.223985	1.110013
29718	-2627.397	-2733.274	105.8777	1.321303	0.77519	0.22481	1.110013
29724	-2628.334	-2734.241	105.9069	1.452834	0.707513	0.292487	0.9537336
29730	-2626.519	-2732.416	105.8965	1.724797	0.706477	0.293523	0.5080009
29736	-2624.805	-2730.681	105.876	1.70652	0.696409	0.303591	0.6528734
29742	-2631.588	-2737.478	105.8904	1.41197	0.746196	0.253804	1.012206
29748	-2638.306	-2744.407	106.101	1.280434	0.746196	0.253804	0.9306965
29754	-2625.151	-2731.004	105.8534	1.761116	0.696404	0.303596	0.5612523
29760	-2626.481	-2732.492	106.0118	1.452395	0.795127	0.204873	0.8351136
29766	-2626.38	-2732.306	105.9266	1.424217	0.751654	0.248346	0.9630852
29772	-2624.376	-2730.25	105.8743	1.446078	0.715653	0.284347	0.9942131
29778	-2626.003	-2731.934	105.9307	1.343071	0.710307	0.289693	1.040031
29784	-2620.469	-2726.487	106.0179	1.413786	0.707334	0.292666	0.8743028
29790	-2622.287	-2728.278	105.9911	1.392999	0.654146	0.345854	0.9277253
29796	-2617.587	-2723.439	105.852	1.496521	0.778866	0.221134	0.9655095
29802	-2615.31	-2721.253	105.9425	1.170211	0.802125	0.197875	1.186416
29808	-2617.057	-2722.625	105.5679	1.071645	0.754289	0.245711	1.5598
29814	-2621.129	-2726.329	105.2008	0.9080595	0.77656	0.22344	1.932238
29820	-2624.966	-2730.386	105.4197	0.9874273	0.796699	0.203301	1.72693
29826	-2633.186	-2738.135	104.9494	0.9045718	0.805418	0.194582	2.1017
29832	-2622.642	-2728.673	106.0308	1.545529	0.766507	0.233493	0.6656666
29838	-2630.855	-2736.796	105.9412	1.376589	0.798318	0.201682	0.996849
29844	-2629.394	-2735.075	105.6807	1.230555	0.837802	0.162198	1.352784
29850	-2618.935	-2724.691	105.7561	1.260518	0.752959	0.247041	1.267513
29856	-2630.103	-2736.122	106.0188	1.411856	0.73415	0.26585	0.8754673
29862	-2620.363	-2725.667	105.3038	0.8484405	0.764927	0.235073	1.902847
29868	-2624.853	-2730.572	105.7191	1.054684	0.764927	0.235073	1.459439
29874	-2625.358	-2731.236	105.878	1.246688	0.802002	0.197998	1.176035
29880	-2617.685	-2723.628	105.9424	1.316197	0.756088	0.243912	1.054604
29886	-2625.527	-2731.346	105.8188	1.150586	0.790936	0.209064	1.306174
29892	-2629.293	-2735.067	105.774	1.195375	0.772512	0.227488	1.306174
29898	-2621.31	-2726.95	105.64	1.018865	0.756444	0.243556	1.545603
29904	-2622.246	-2727.769	105.5233	1.083169	0.786325	0.213675	1.584049
29910	-2614.309	-2719.964	105.6542	1.223355	0.786325	0.213675	1.379358
29916	-2620.059	-2725.954	105.8957	1.393948	0.776534	0.223466	1.024703
29922	-2625.726	-2731.59	105.8639	1.292929	0.838395	0.161605	1.147844
29928	-2628.533	-2734.416	105.8827	1.20967	0.854219	0.145781	1.203927
29934	-2612.825	-2718.748	105.9232	1.339102	0.734186	0.265814	1.05107
29940	-2620.738	-2726.553	105.8149	1.407434	0.859051	0.140949	1.088624
29946	-2623.909	-2729.782	105.8731	1.461989	0.711609	0.288391	0.9793487
29952	-2621.696	-2727.584	105.8874	1.324523	0.712667	0.287333	1.098171
29958	-2630.614	-2736.501	105.8871	1.266261	0.730902	0.269098	1.150888
29964	-2619.264	-2725.049	105.7848	1.075114	0.76887	0.23113	1.393166
29970	-2624.176	-2729.967	105.7911	1.203378	0.726334	0.273666	1.285753
29976	-2626.774	-2732.665	105.8912	1.227836	0.655931	0.344069	1.180924
29982	-2629.79	-2735.523	105.7337	1.090739	0.852057	0.147943	1.420664
29988	-2628.638	-2734.047	105.4095	1.083863	0.72829	0.27171	1.665783
29994	-2619.406	-2725.022	105.6165	1.113249	0.755583	0.244417	1.492718
30000	-2635.486	-2741.407	105.9209	1.426424	0.781188	0.218812	0.9667717
30006	-2626.435	-2732.441	106.0062	1.313112	0.801936	0.198064	0.9952581
30012	-2628.324	-2734.16	105.8363	1.185779	0.808214	0.191786	1.263064
30018	-2632.887	-2738.653	105.7664	1.16142	0.706955	0.293045	1.339592
30024	-2629.962	-2735.394	105.4322	1.064176	0.786109	0.213891	1.663649
30030	-2622.4	-2727.763	105.3634	1.038082	0.731002	0.268998	1.730887
30036	-2619.994	-2725.406	105.4121	0.9893704	0.731002	0.268998	1.730887
30042	-2621.349	-2727.178	105.8297	1.34787	0.777774	0.222226	1.129371
30048	-2623.132	-2728.925	105.7934	1.333119	0.737996	0.262004	1.174435
30054	-2626.95	-2732.78	105.8298	1.198619	0.749653	0.250347	1.257735
30060	-2623.475	-2729.431	105.9564	1.223839	0.778026	0.221974	1.126956
30066	-2620.07	-2725.888	105.818	1.244203	0.77974	0.22026	1.229555
30072	-2627.634	-2733.398	105.7645	1.248069	0.713618	0.286382	1.270854
30078	-2619.294	-2725.088	105.7938	1.338275	0.659913	0.340087	1.169646
30084	-2627.864	-2733.814	105.9499	1.368211	0.70742	0.29258	0.9964964
30090	-2628.231	-2734.164	105.9336	1.374477	0.686653	0.313347	1.006543
30096	-2623.738	-2729.442	105.7044	1.255607	0.803429	0.196571	1.313718
30102	-2622.484	-2728.234	105.7502	1.163893	0.773534	0.226466	1.350533
30108	-2621.507	-2727.233	105.7253	1.212159	0.733731	0.266269	1.331857
30114	-2632.421	-2738.406	105.9855	1.287685	0.712875	0.287125	1.040608
30120	-2632.355	-2737.968	105.6127	1.25782	0.780979	0.219021	1.384826
30126	-2635.644	-2741.249	105.6053	1.130153	0.731676	0.268324	1.488488
30132	-2634.86	-2740.742	105.8821	1.329877	0.801911	0.198089	1.098091
30138	-2636.121	-2741.992	105.871	1.323042	0.779593	0.220407	1.114522
30144	-2619.981	-2725.962	105.9813	1.286104	0.770239	0.229761	1.046177
30150	-2627.874	-2733.599	105.7249	1.166219	0.804325	0.195675	1.368655
30156	-2622.425	-2728.18	105.7555	1.321197	0.645718	0.354282	1.217227
30162	-2618.126	-2723.891	105.7654	1.235106	0.760283	0.239717	1.280768
30168	-2616.376	-2722.255	105.8786	1.193281	0.758613	0.241387	1.221314
30174	-2628.74	-2734.649	105.9091	1.176096	0.867963	0.132037	1.210062
30180	-2629.244	-2735.022	105.7776	1.125928	0.766325	0.233675	1.358878
30186	-2635.983	-2741.655	105.6724	1.188231	0.748192	0.251808	1.392587
30192	-2632.002	-2737.527	105.5253	1.230029	0.776799	0.223201	1.473452
30198	-2624.528	-2730.299	105.7712	1.218823	0.758185	0.241815	1.289389
30204	-2626.211	-2731.784	105.5733	1.266134	0.840965	0.159035	1.409082
30210	-2620.601	-2726.35	105.7484	1.20353	0.698724	0.301276	1.320273
30216	-2617.581	-2723.298	105.7173	1.2363	0.757949	0.242051	1.318951
30222	-2616.505	-2722.397	105.892	1.448811	0.71944	0.28056	0.9734693
30228	-2624.771	-2730.606	105.8357	1.468776	0.726251	0.273749	1.010105
30234	-2626.238	-2732.239	106.0015	1.573086	0.738169	0.261831	0.6690676
30240	-2625.39	-2731.378	105.9879	1.536361	0.678776	0.321224	0.7540528
30246	-2624.695	-2730.556	105.8607	1.530091	0.678776	0.321224	0.9204639
30252	-2617.424	-2723.359	105.935	1.605391	0.761388	0.238612	0.7292225
30258	-2621.1	-2727.101	106.001	1.591948	0.67793	0.32207	0.6291304
30264	-2629.066	-2735.047	105.9807	1.6238	0.766887	0.233113	0.597794
30270	-2623.572	-2729.484	105.9119	1.565339	0.653907	0.346093	0.818623
30276	-2621.977	-2728.014	106.037	1.525912	0.762882	0.237118	0.6911007
30282	-2626.345	-2732.282	105.9366	1.672324	0.779967	0.220033	0.5833918
30288	-2624.861	-2730.735	105.8739	1.665717	0.775676	0.224324	0.7304432
30294	-2624.23	-2730.21	105.98	1.59582	0.80202	0.19798	0.6667339
30300	-2616.257	-2722.18	105.9225	1.462543	0.784747	0.215253	0.9268019
30306	-2621.839	-2727.79	105.9512	1.433757	0.773614	0.226386	0.9268019
30312	-2631.071	-2737.116	106.0452	1.539745	0.726737	0.273263	0.6475264
30318	-2623.581	-2729.655	106.074	1.489971	0.801051	0.198949	0.6891849
30324	-2627.235	-2733.197	105.9615	1.477771	0.750714	0.249286	0.8653879
30330	-2629.815	-2735.88	106.0654	1.470619	0.746584	0.253416	0.7360444
30336	-2624.082	-2730.01	105.9277	1.440271	0.68321	0.31679	0.9450596
30342	-2639.696	-2745.457	105.7617	1.152044	0.801835	0.198165	1.350766
30348	-2632.805	-2738.576	105.7714	1.34881	0.863358	0.136642	1.179968
30354	-2631.114	-2736.732	105.6179	1.144479	0.80186	0.19814	1.468129
30360	-2630.007	-2735.913	105.9062	1.122346	0.749031	0.250969	1.25766
30366	-2623.425	-2728.74	105.3143	1.009378	0.749031	0.250969	1.785258
30372	-2631.899	-2736.826	104.926	1.00412	0.817393	0.182607	2.051515
30378	-2632.626	-2737.743	105.1164	1.047632	0.702044	0.297956	1.894848
30384	-2626.94	-2732.421	105.4819	1.075443	0.622773	0.377227	1.619789
30390	-2625.15	-2730.26	105.1101	1.047762	0.737033	0.262967	1.899045
30396	-2629.389	-2734.723	105.3341	1.039892	0.833057	0.166943	1.750148
30402	-2625.482	-2731.422	105.9401	1.65892	0.737639	0.262361	0.6136718
30408	-2631.49	-2737.466	105.9759	1.602614	0.669954	0.330046	0.6612418
30414	-2627.742	-2733.695	105.9524	1.667438	0.640126	0.359874	0.5287248
30420	-2623.18	-2728.892	105.7119	1.900809	0.759225	0.240775	0.4367919
30426	-2624.121	-2729.764	105.6436	1.959993	0.710714	0.289286	0.4112027
30432	-2633.804	-2739.31	105.5063	1.217649	0.791529	0.208471	1.497084
30438	-2626.496	-2732.245	105.7491	0.9748946	0.795713	0.204287	1.497084
30444	-2620.65	-2726.286	105.6366	1.134977	0.809661	0.190339	1.461106
30450	-2615.835	-2721.849	106.0144	1.323063	0.777442	0.222558	0.9768549
30456	-2616.528	-2722.42	105.8914	1.266998	0.760742	0.239258	1.14645
30462	-2619.213	-2725.307	106.0937	1.333667	0.786623	0.213377	0.8793495
30468	-2624.404	-2730.319	105.9149	1.403008	0.806701	0.193299	0.996726
30474	-2626.252	-2732.2	105.9475	1.572468	0.831445	0.168555	0.7603744
30480	-2630.456	-2736.12	105.6643	1.914945	0.718302	0.281698	0.3684824
30486	-2629.393	-2735.12	105.7271	1.874225	0.831506	0.168494	0.4061804
30492	-2627.073	-2733.04	105.9671	1.56926	0.722357	0.277643	0.7355759
30498	-2623.299	-2729.292	105.9932	1.454744	0.787992	0.212008	0.854973
30504	-2632.172	-2738.181	106.0093	1.438713	0.787301	0.212699	0.854973
30510	-2622.147	-2728.105	105.9577	1.533721	0.791865	0.208135	0.8001197
30516	-2625.612	-2731.603	105.9908	1.559327	0.729681	0.270319	0.7133107
30522	-2630.367	-2736.29	105.9229	1.627241	0.800974	0.199026	0.7133107
30528	-2628.749	-2734.617	105.8677	1.75373	0.833454	0.166546	0.4957954
30534	-2622.216	-2727.919	105.7028	1.899463	0.739034	0.260966	0.4082347
30540	-2626.344	-2732.109	105.7651	1.850839	0.81062	0.18938	0.5546941
30546	-2616.589	-2722.265	105.6757	1.922544	0.714298	0.285702	0.3998893
30552	-2618.765	-2724.461	105.6961	1.922544	0.796237	0.203763	0.4633103
30558	-2622.353	-2727.924	105.5713	2.04386	0.796237	0.203763	0.4458447
30564	-2624.396	-2729.947	105.5515	2.011675	0.695456	0.304544	0.3481155
30570	-2632.659	-2738.533	105.8744	1.732376	0.796915	0.203085	0.5906666
30576	-2628.239	-2734.052	105.8127	1.804712	0.774621	0.225379	0.5466111
30582	-2627.699	-2733.281	105.5821	1.997921	0.81926	0.18074	0.3695637
30588	-2631.401	-2736.845	105.4444	2.09344	0.715532	0.284468	0.3223717
30594	-2628.199	-2734.055	105.8565	1.760163	0.82836	0.17164	0.5505876
30600	-2615.312	-2721.209	105.8978	1.717949	0.752572	0.247428	0.5553035
30606	-2627.127	-2733.037	105.9104	1.710068	0.702573	0.297427	0.5226472
30612	-2631.584	-2737.534	105.9504	1.661663	0.687527	0.312473	0.5717131
30618	-2632.415	-2738.347	105.9311	1.689656	0.777905	0.222095	0.5193434
30624	-2638.282	-2744.189	105.9066	1.690167	0.794356	0.205644	0.619406
30630	-2632.196	-2738.164	105.9686	1.649938	0.716093	0.283907	0.5394454
30636	-2626.504	-2732.357	105.8529	1.446529	0.741246	0.258754	1.015049
30642	-2632.003	-2738.05	106.0468	1.535618	0.780177	0.219823	0.6530367
30648	-2626.521	-2732.602	106.0804	1.436402	0.778543	0.221457	0.7649786
30654	-2635.298	-2741.2	105.9019	1.692489	0.778543	0.221457	0.6255656
30660	-2630.726	-2736.775	106.0495	1.516509	0.780533	0.219467	0.6855182
30666	-2625.168	-2731.207	106.0395	1.492639	0.77823	0.22177	0.742074
30672	-2628.595	-2734.57	105.9754	1.264173	0.754408	0.245592	1.072574
30678	-2629.776	-2735.738	105.9618	1.387888	0.786042	0.213958	0.9642387
30684	-2626.381	-2732.178	105.7977	1.24729	0.728514	0.271486	1.244001
30690	-2627.39	-2733.275	105.8851	1.224588	0.740542	0.259458	1.189042
30696	-2627.098	-2733.004	105.9057	1.300075	0.792662	0.207338	1.103812
30702	-2626.122	-2731.974	105.8525	1.284284	0.805426	0.194574	1.165459
30708	-2633.999	-2739.83	105.8311	1.342025	0.733855	0.266145	1.133341
30714	-2629.593	-2735.152	105.5586	1.0661	0.733135	0.266865	1.570694
30720	-2624.52	-2729.789	105.2695	0.9947011	0.733135	0.266865	1.826361
30726	-2622.933	-2728.182	105.2488	1.015377	0.733135	0.266865	1.826361
30732	-2615.604	-2721.219	105.6155	1.139177	0.81593	0.18407	1.473966
30738	-2619.835	-2725.441	105.6062	1.277393	0.762575	0.237425	1.374582
30744	-2624.027	-2729.927	105.9	1.293034	0.787208	0.212792	1.115418
30750	-2626.04	-2731.725	105.685	1.162832	0.777109	0.222891	1.402555
30756	-2634.513	-2740.154	105.641	1.30153	0.703262	0.296738	1.327784
30762	-2629.361	-2735.35	105.9889	1.523371	0.788871	0.211129	0.7713852
30768	-2625.613	-2731.66	106.0464	1.480301	0.868243	0.131757	0.7503855
30774	-2631.608	-2737.544	105.9358	1.590854	0.680703	0.319297	0.7503855
30780	-2629.641	-2735.578	105.937	1.527779	0.666046	0.333954	0.8343718
30786	-2627.564	-2733.647	106.083	1.43919	0.795344	0.204656	0.7569832
30792	-2628.836	-2734.841	106.0049	1.337372	0.802661	0.197339	0.9719111
30798	-2623.678	-2729.74	106.0618	1.475488	0.802275	0.197725	0.7341198
30804	-2623.125	-2729.09	105.9647	1.560743	0.692984	0.307016	0.7521661
30810	-2615.61	-2721.542	105.9323	1.414038	0.699721	0.300279	0.9677557
30816	-2619.219	-2725.239	106.0203	1.326068	0.774143	0.225857	0.9677557
30822	-2625.489	-2731.442	105.9523	1.383823	0.778159	0.221841	0.9782189
30828	-2623.17	-2729.07	105.9005	1.444104	0.769036	0.230964	0.9695391
30834	-2632.192	-2737.938	105.7461	1.425686	0.819839	0.180161	1.134512
30840	-2630.578	-2736.462	105.8842	1.735781	0.837218	0.162782	0.527342
30846	-2634.75	-2740.542	105.7917	1.829787	0.744552	0.255448	0.4992771
30852	-2629.817	-2735.772	105.9556	1.639298	0.646611	0.353389	0.6243663
30858	-2631.243	-2737.253	106.0102	1.463219	0.817205	0.182795	0.8234598
30864	-2626.242	-2732.163	105.921	1.458786	0.736309	0.263691	0.9324705
30870	-2627.096	-2733.063	105.9666	1.598243	0.728469	0.271531	0.687719
30876	-2630.215	-2736.098	105.8834	1.720939	0.671638	0.328362	0.5983047
30882	-2631.534	-2737.435	105.9005	1.720939	0.772996	0.227004	0.5054886
30888	-2633.664	-2739.514	105.8509	1.758124	0.743318	0.256682	0.5831451
30894	-2629.044	-2734.949	105.905	1.715142	0.773059	0.226941	0.5257578
30900	-2623.446	-2729.005	105.5588	1.22105	0.779376	0.220624	1.454832
30906	-2629.831	-2735.44	105.6083	1.119069	0.819326	0.180674	1.49455
30912	-2620.256	-2726.165	105.9088	1.628726	0.772619	0.227381	0.7337514
30918	-2628.139	-2734.043	105.9041	1.71581	0.737323	0.262677	0.5283337
30924	-2626.291	-2731.793	105.5027	0.9991545	0.671445	0.328555	1.659723
30930	-2623.233	-2728.829	105.5954	1.072631	0.749719	0.250281	1.538784
30936	-2638.038	-2743.468	105.43	1.152487	0.810436	0.189564	1.601566
30942	-2630.476	-2736.368	105.892	1.131982	0.680152	0.319848	1.261425
30948	-2633.154	-2738.526	105.3719	1.056118	0.737711	0.262289	1.712217
30954	-2626.291	-2731.507	105.2155	0.937187	0.746438	0.253562	1.902601
30960	-2622.082	-2727.839	105.7562	1.040721	0.675473	0.324527	1.441826
30966	-2627.745	-2733.058	105.3134	1.156658	0.788546	0.211454	1.682421
30972	-2626.86	-2732.802	105.9421	1.567027	0.766199	0.233801	0.7758965
30978	-2639.734	-2745.676	105.9415	1.55811	0.827796	0.172204	0.7890614
30984	-2618.877	-2724.554	105.6771	1.276156	0.783121	0.216879	1.319168
30990	-2627.599	-2733.511	105.9116	1.221197	0.82794	0.17206	1.168975
30996	-2625.723	-2731.548	105.8254	1.152388	0.817355	0.182645	1.299349
31002	-2619.219	-2724.71	105.4905	1.084613	0.773788	0.226212	1.606937
31008	-2633.098	-2738.542	105.4443	1.071283	0.715687	0.284313	1.649854
31014	-2632.736	-2738.134	105.3975	1.242292	0.785062	0.214938	1.559615
31020	-2633.389	-2739.014	105.6256	1.048553	0.826257	0.173743	1.534253
31026	-2633.078	-2738.797	105.7188	1.110825	0.831457	0.168543	1.41662
31032	-2623.396	-2729.253	105.8572	1.241409	0.729004	0.270996	1.198593
31038	-2621.215	-2726.902	105.6875	1.31192	0.771541	0.228459	1.281712
31044	-2625.602	-2731.641	106.0389	1.260369	0.700983	0.299017	1.015248
31050	-2623.927	-2729.931	106.0041	1.390759	0.75345	0.24655	0.9159796
31056	-2621.108	-2727.123	106.0149	1.407671	0.75345	0.24655	0.8848092
31062	-2620.24	-2726.248	106.0078	1.36498	0.776693	0.223307	0.9399223
31068	-2620.273	-2726.301	106.0278	1.345059	0.641876	0.358124	0.9399223
31074	-2620.517	-2726.324	105.8066	1.334768	0.782321	0.217679	1.161457
31080	-2629.959	-2735.748	105.7889	1.154957	0.701373	0.298627	1.326776
31086	-2635.831	-2741.693	105.8622	1.174775	0.581441	0.418559	1.250634
31092	-2629.316	-2734.992	105.6758	1.217758	0.710757	0.289243	1.366726
31098	-2626.098	-2731.526	105.4274	1.144486	0.698215	0.301785	1.609223
31104	-2631.453	-2737.007	105.554	1.245447	0.787663	0.212337	1.43985
31110	-2625.91	-2731.671	105.7608	1.381943	0.747727	0.252273	1.160232
31116	-2631.792	-2737.56	105.7681	1.290113	0.81776	0.18224	1.232838
31122	-2636.546	-2742.53	105.9849	1.300489	0.854053	0.145947	1.028847
31128	-2635.147	-2741.054	105.907	1.376477	0.85911	0.14089	1.030645
31134	-2624.632	-2730.493	105.8608	1.756303	0.672252	0.327748	0.548344
31140	-2620.64	-2726.489	105.849	1.772419	0.737137	0.262863	0.5063009
31146	-2624.724	-2730.52	105.7963	1.803412	0.724086	0.275914	0.6117657
31152	-2626.46	-2732.326	105.8652	1.346362	0.736287	0.263713	1.098505
31158	-2629.102	-2734.971	105.8689	1.322053	0.734783	0.265217	1.117262
31164	-2625.354	-2731.311	105.9574	1.63417	0.731432	0.268568	0.6323822
31170	-2629.208	-2735.031	105.8234	1.139253	0.674096	0.325904	1.311618
31176	-2633.063	-2738.888	105.8255	1.302179	0.675737	0.324263	1.173445
31182	-2631.033	-2736.803	105.7699	1.850782	0.800813	0.199187	0.4801002
31188	-2628.601	-2734.362	105.7607	1.849273	0.725234	0.274766	0.4278401
31194	-2631.984	-2737.871	105.8873	1.729849	0.722881	0.277119	0.4548678
31200	-2625.873	-2731.689	105.8167	1.804398	0.819996	0.180004	0.4856325
31206	-2624.953	-2730.721	105.7684	1.852854	0.803469	0.196531	0.4905226
31212	-2628.797	-2734.434	105.6375	0.9364121	0.805771	0.194229	1.607813
31218	-2625.577	-2731.093	105.5163	1.057564	0.762856	0.237144	1.607813
31224	-2639.172	-2744.424	105.2519	1.0412	0.762856	0.237144	1.806462
31230	-2627.572	-2733.036	105.4633	0.9009764	0.800519	0.199481	1.756988
31236	-2623.559	-2728.876	105.3164	1.006493	0.741456	0.258544	1.7858
31242	-2619.648	-2725.413	105.765	1.178822	0.718692	0.281308	1.326796
31248	-2622.481	-2728.277	105.7962	1.294075	0.774874	0.225126	1.205668
31254	-2636.942	-2742.835	105.893	1.246454	0.746567	0.253433	1.16313
31260	-2623.521	-2729.32	105.7996	1.819315	0.753889	0.246111	0.4652978
31266	-2627.444	-2733.267	105.823	1.796168	0.742914	0.257086	0.4671796
31272	-2619.965	-2725.776	105.8108	1.112105	0.721457	0.278543	1.343494
31278	-2620.459	-2725.938	105.4794	1.041545	0.749419	0.250581	1.645981
31284	-2632.138	-2737.201	105.0634	1.045734	0.722096	0.277904	1.932033
31290	-2631.342	-2737.026	105.6844	1.285222	0.762505	0.237495	1.305944
31296	-2629.664	-2735.534	105.8693	1.20761	0.729805	0.270195	1.217046
31302	-2617.951	-2723.992	106.0401	1.472261	0.857485	0.142515	0.7713343
31308	-2623.021	-2728.875	105.854	1.579762	0.79043	0.20957	0.8718649
31314	-2630.288	-2736.232	105.9442	1.562675	0.756186	0.243814	0.7790545
31320	-2615.02	-2720.986	105.9665	1.50437	0.81251	0.18749	0.8267146
31326	-2626.553	-2732.46	105.9078	1.415538	0.742197	0.257803	0.9912814
31332	-2625.357	-2731.259	105.9021	1.526061	0.792971	0.207029	0.8784201
31338	-2620.274	-2726.274	105.9996	1.335622	0.710024	0.289976	0.9792165
31344	-2628.476	-2734.302	105.8263	1.128299	0.721132	0.278868	1.318107
31350	-2627.499	-2733.243	105.7439	1.210694	0.740012	0.259988	1.318107
31356	-2621.54	-2727.47	105.9302	1.396294	0.816494	0.183506	0.9881021
31362	-2621.187	-2727.176	105.9883	1.338158	0.751488	0.248512	0.9881021
31368	-2630.542	-2736.58	106.0383	1.338158	0.785292	0.214708	0.9359735
31374	-2626.077	-2732.01	105.9327	1.453365	0.738369	0.261631	0.9256457
31380	-2622.932	-2728.837	105.905	1.293239	0.781338	0.218662	1.110674
31386	-2623.995	-2729.788	105.7925	1.243506	0.788835	0.211165	1.251423
31392	-2633.322	-2738.973	105.6513	1.203538	0.789893	0.210107	1.397077
31398	-2627.055	-2732.673	105.6184	1.236412	0.712279	0.287721	1.397077
31404	-2620.556	-2726.418	105.862	1.176842	0.77798	0.22202	1.249119
31410	-2633.742	-2739.314	105.5719	1.177558	0.749009	0.250991	1.477919
31416	-2637.995	-2743.633	105.6382	1.216735	0.749009	0.250991	1.39702
31422	-2628.265	-2734.113	105.8478	1.269936	0.665236	0.334764	1.182085
31428	-2617.707	-2723.562	105.8557	1.260485	0.793491	0.206509	1.18344
31434	-2623.933	-2729.919	105.9861	1.439042	0.755154	0.244846	0.8819258
31440	-2609.126	-2715.121	105.9944	1.430678	0.755154	0.244846	0.8819258
31446	-2615.896	-2721.92	106.0249	1.430678	0.747492	0.252508	0.8457837
31452	-2633.07	-2738.962	105.8918	1.362534	0.778644	0.221356	1.058621
31458	-2632.212	-2737.87	105.6584	1.301623	0.777728	0.222272	1.313723
31464	-2626.363	-2732.216	105.853	1.131461	0.689625	0.310375	1.293898
31470	-2626.776	-2732.795	106.0181	1.32894	0.779161	0.220839	0.9669892
31476	-2629.542	-2735.485	105.9437	1.571358	0.779161	0.220839	0.767399
31482	-2628.831	-2734.819	105.9879	1.447874	0.779161	0.220839	0.8694612
31488	-2618.536	-2724.525	105.989	1.397974	0.755757	0.244243	0.9246851
31494	-2625.335	-2731.29	105.9551	1.617486	0.824782	0.175218	0.6731049
31500	-2624.854	-2730.607	105.7525	1.220269	0.711586	0.288414	1.303392
31506	-2629.192	-2734.945	105.7536	1.141836	0.740074	0.259926	1.365258
31512	-2623.36	-2729.256	105.896	1.381592	0.802804	0.197196	1.036371
31518	-2621.867	-2727.863	105.9966	1.381592	0.692787	0.307213	0.9341763
31524	-2621.86	-2727.767	105.9069	1.301097	0.723842	0.276158	1.101758
31530	-2625.253	-2731.023	105.7709	1.341017	0.789214	0.210786	1.187126
31536	-2624.463	-2730.311	105.8483	1.331385	0.699711	0.300289	1.127448
31542	-2623.402	-2729.008	105.606	1.340245	0.699711	0.300289	1.324804
31548	-2623.284	-2728.983	105.6991	1.238873	0.674949	0.325051	1.331434
31554	-2632.476	-2738.005	105.5293	1.228597	0.723109	0.276891	1.471515
31560	-2638.814	-2744.799	105.9851	1.306167	0.695198	0.304802	1.023042
31566	-2635.372	-2741.199	105.8272	1.328581	0.777867	0.222133	1.148772
31572	-2627.168	-2732.999	105.8314	1.190894	0.713361	0.286639	1.262828
31578	-2627.593	-2733.617	106.0235	1.313225	0.779313	0.220687	0.9776154
31584	-2630.679	-2736.414	105.7352	1.207388	0.809487	0.190513	1.327758
31590	-2632.127	-2738.162	106.0347	1.361963	0.714148	0.285852	0.9140171
31596	-2635.955	-2742.019	106.0638	1.298205	0.752103	0.247897	0.951365
31602	-2623.658	-2729.621	105.9637	1.458985	0.783796	0.216204	0.884764
31608	-2619.962	-2725.75	105.7882	1.374899	0.780911	0.219089	1.142279
31614	-2623.071	-2729.08	106.0095	1.389145	0.785943	0.214057	0.9118232
31620	-2621.529	-2727.372	105.8435	1.369337	0.816303	0.183697	1.097294
31626	-2618.563	-2724.359	105.7951	1.437542	0.75708	0.24292	1.078994
31632	-2619.826	-2725.656	105.8305	1.317954	0.829704	0.170296	1.155252
31638	-2618.443	-2724.524	106.0811	1.293155	0.796341	0.203659	0.9383777
31644	-2618.459	-2724.479	106.0198	1.354411	0.697502	0.302498	0.9383777
31650	-2612.764	-2718.736	105.9716	1.489905	0.777638	0.222362	0.8384257
31656	-2614.527	-2720.458	105.9314	1.518238	0.670501	0.329499	0.8529719
31662	-2619.581	-2725.409	105.8284	1.387752	0.740992	0.259008	1.094296
31668	-2622.338	-2728.125	105.7874	1.33021	0.725171	0.274829	1.182184
31674	-2625.966	-2731.963	105.9971	1.473691	0.725171	0.274829	0.8268411
31680	-2622.23	-2728.122	105.8918	1.403855	0.794344	0.205656	1.018765
31686	-2620.859	-2726.785	105.9263	1.266335	0.771194	0.228806	1.115718
31692	-2618.808	-2724.823	106.0153	1.343926	0.763692	0.236308	0.9543443
31698	-2614.898	-2720.919	106.0209	1.338331	0.771885	0.228115	0.9543443
31704	-2618.77	-2724.786	106.016	1.360591	0.771885	0.228115	0.9358482
31710	-2632.131	-2737.953	105.8215	1.366254	0.719403	0.280597	1.120189
31716	-2632.544	-2738.413	105.8699	1.308065	0.662875	0.337125	1.129017
31722	-2634.292	-2740.186	105.894	1.283972	0.692881	0.307119	1.129017
31728	-2635.753	-2741.507	105.7542	1.267804	0.792732	0.207268	1.263119
31734	-2629.896	-2735.567	105.6708	1.190533	0.776909	0.223091	1.391991
31740	-2624.219	-2729.938	105.7188	1.207432	0.728028	0.271972	1.340841
31746	-2636.209	-2741.929	105.7199	1.346587	0.728028	0.271972	1.225929
31752	-2633.857	-2739.311	105.4533	1.148169	0.717382	0.282618	1.58771
31758	-2627.339	-2732.676	105.3368	1.02955	0.774935	0.225065	1.755531
31764	-2622.051	-2727.466	105.4146	1.109141	0.715874	0.284126	1.643974
31770	-2623.285	-2728.767	105.4813	1.073187	0.751326	0.248674	1.621814
31776	-2624.06	-2729.456	105.3966	1.07255	0.751326	0.248674	1.682998
31782	-2629.976	-2735.391	105.4155	1.05097	0.687653	0.312347	1.684962
31788	-2632.316	-2737.889	105.5728	1.032528	0.788651	0.211349	1.584891
31794	-2630.394	-2736.024	105.6304	1.194833	0.75683	0.24317	1.420055
31800	-2629.064	-2734.98	105.916	1.322714	0.623496	0.376504	1.073345
31806	-2635.436	-2741.113	105.6772	1.319375	0.817944	0.182056	1.284001
31812	-2635.663	-2741.26	105.5972	1.25972	0.772443	0.227557	1.395427
31818	-2634.176	-2739.853	105.6773	1.179658	0.772443	0.227557	1.395427
31824	-2632.364	-2738.131	105.7678	1.281178	0.733374	0.266626	1.240652
31830	-2629.656	-2735.661	106.0042	1.328818	0.761555	0.238445	0.9814536
31836	-2620.723	-2726.48	105.7573	1.409826	0.701576	0.298424	1.13867
31842	-2616.569	-2722.532	105.9629	1.481379	0.643723	0.356277	0.8593939
31848	-2607.566	-2713.53	105.9643	1.426121	0.76072	0.23928	0.9209236
31854	-2613.859	-2719.761	105.9026	1.562913	0.711042	0.288958	0.8334851
31860	-2619.981	-2725.987	106.0068	1.458701	0.827574	0.172426	0.8334851
31866	-2626.725	-2732.795	106.0696	1.395915	0.725258	0.274742	0.8334851
31872	-2623.675	-2729.539	105.8646	1.595938	0.707188	0.292812	0.8396968
31878	-2619.078	-2725.022	105.9432	1.609865	0.732478	0.267522	0.7083968
31884	-2624.777	-2730.644	105.8669	1.286704	0.766397	0.233603	1.150716
31890	-2633.101	-2738.823	105.7221	1.431503	0.764897	0.235103	1.150716
31896	-2630.048	-2735.848	105.7996	1.353988	0.743438	0.256562	1.150716
31902	-2615.504	-2721.416	105.9119	1.334288	0.69023	0.30977	1.066279
31908	-2612.357	-2718.339	105.9823	1.314096	0.854353	0.145647	1.018101
31914	-2618.735	-2724.578	105.8431	1.354373	0.863761	0.136239	1.111349
31920	-2613.882	-2719.785	105.9034	1.387377	0.739931	0.260069	1.023606
31926	-2618.423	-2724.351	105.9276	1.260199	0.715267	0.284733	1.120113
31932	-2614.565	-2720.494	105.9295	1.279061	0.755739	0.244261	1.101249
31938	-2617.88	-2723.74	105.8608	1.250179	0.816747	0.183253	1.187931
31944	-2615.506	-2721.326	105.8196	1.32213	0.727615	0.272385	1.161179
31950	-2628.415	-2734.364	105.9487	1.461248	0.685375	0.314625	0.8992118
31956	-2630.169	-2736.181	106.0119	1.388587	0.774707	0.225293	0.9097851
31962	-2633.057	-2738.99	105.9333	1.486604	0.78326	0.21674	0.8878985
31968	-2626.964	-2733.053	106.089	1.444572	0.818985	0.181015	0.7399857
31974	-2620.46	-2726.53	106.0698	1.376498	0.818985	0.181015	0.8569903
31980	-2629.88	-2735.908	106.0284	1.377182	0.781899	0.218101	0.904158
31986	-2630.443	-2736.333	105.8907	1.378728	0.781899	0.218101	1.044253
31992	-2626.66	-2732.521	105.8607	1.759504	0.741791	0.258209	0.5257417
31998	-2621.099	-2726.999	105.8996	1.72153	0.745991	0.254009	0.5133806
32004	-2622.406	-2728.412	106.0056	1.480947	0.716545	0.283455	0.8064862
32010	-2624.579	-2730.445	105.8666	1.462757	0.692547	0.307453	0.9851717
32016	-2618.823	-2724.726	105.9025	1.426867	0.713556	0.286444	0.9851717
32022	-2623.873	-2729.796	105.9238	1.234147	0.756114	0.243886	1.146879
32028	-2632.212	-2738.135	105.9231	1.390149	0.721053	0.278947	1.001411
32034	-2628.013	-2733.882	105.8692	1.181094	0.72599	0.27401	1.239533
32040	-2624.781	-2730.744	105.9629	1.369214	0.806453	0.193547	0.9823597
32046	-2619.989	-2725.907	105.9178	1.318886	0.751846	0.248154	1.075221
32052	-2628.073	-2734.046	105.9728	1.532718	0.76161	0.23839	0.7808279
32058	-2625.807	-2731.784	105.9769	1.566397	0.775082	0.224918	0.7245147
32064	-2620.701	-2726.587	105.8865	1.728229	0.732789	0.267211	0.5603989
32070	-2625.901	-2731.891	105.9908	1.617234	0.781413	0.218587	0.5864663
32076	-2624.626	-2730.656	106.0297	1.427369	0.778081	0.221919	0.8439567
32082	-2636.836	-2742.577	105.7412	1.54089	0.695045	0.304955	1.032039
32088	-2623.451	-2729.46	106.0093	1.447933	0.678886	0.321114	0.8437839
32094	-2628.369	-2734.385	106.0152	1.460018	0.775494	0.224506	0.8211997
32100	-2621.242	-2727.13	105.8876	1.524598	0.751293	0.248707	0.896672
32106	-2628.618	-2734.54	105.9225	1.649814	0.730586	0.269414	0.6735703
32112	-2625.651	-2731.613	105.9614	1.640007	0.664207	0.335793	0.6070824
32118	-2622.582	-2728.489	105.9062	1.676474	0.611382	0.388618	0.6525393
32124	-2623.496	-2729.476	105.9803	1.579975	0.766409	0.233591	0.6958435
32130	-2635.252	-2741.249	105.9971	1.58528	0.720467	0.279533	0.6531771
32136	-2625.033	-2730.982	105.9486	1.551653	0.697471	0.302529	0.7880957
32142	-2622.238	-2728.187	105.949	1.428719	0.697471	0.302529	0.9346584
32148	-2618.056	-2723.969	105.9134	1.440405	0.823478	0.176522	0.9600385
32154	-2617.549	-2723.4	105.8508	1.40439	0.780166	0.219834	1.057821
32160	-2625.323	-2731.216	105.8932	1.488516	0.715214	0.284786	0.9303956
32166	-2624.806	-2730.674	105.8676	1.514064	0.772522	0.227478	0.9303956
32172	-2614.44	-2720.196	105.7561	1.200383	0.705265	0.294735	1.316617
32178	-2617.175	-2722.949	105.7745	1.344933	0.827575	0.172425	1.180645
32184	-2638.724	-2744.662	105.9384	1.538487	0.792989	0.207011	0.8190503
32190	-2625.938	-2731.758	105.8197	1.656849	0.793835	0.206165	0.8195095
32196	-2624.641	-2730.554	105.9131	1.61117	0.73613	0.26387	0.754044
32202	-2619.508	-2725.395	105.8873	1.208432	0.808702	0.191298	1.201069
32208	-2625.325	-2731.154	105.8288	1.329216	0.701992	0.298008	1.146737
32214	-2625.909	-2731.842	105.933	1.675844	0.756496	0.243504	0.5837413
32220	-2618.303	-2724.194	105.8916	1.694675	0.841333	0.158667	0.6446081
32226	-2621.627	-2727.605	105.9783	1.623906	0.806977	0.193023	0.6047105
32232	-2620.324	-2726.298	105.9746	1.467999	0.76701	0.23299	0.861446
32238	-2626.373	-2732.278	105.9052	1.602522	0.738328	0.261672	0.7778272
32244	-2631.148	-2737.089	105.9414	1.499775	0.765465	0.234535	0.8630767
32250	-2618.14	-2724.142	106.0019	1.446094	0.649126	0.350874	0.8549753
32256	-2625.715	-2731.732	106.0168	1.487628	0.777302	0.222698	0.7823788
32262	-2624.535	-2730.412	105.8768	1.452872	0.683071	0.316929	0.9847904
32268	-2623.987	-2729.92	105.9323	1.386824	0.787865	0.212135	0.9954849
32274	-2629.857	-2735.792	105.9348	1.488051	0.787865	0.212135	0.8845657
32280	-2621.373	-2727.349	105.9767	1.441789	0.770492	0.229508	0.8895291
32286	-2630.339	-2736.307	105.9684	1.41222	0.783355	0.216645	0.9315713
32292	-2626.239	-2732.172	105.9324	1.685654	0.777077	0.222923	0.5426008
32298	-2629.473	-2735.272	105.7993	1.788794	0.729083	0.270917	0.6405739
32304	-2612.455	-2718.402	105.9467	1.556558	0.816325	0.183675	0.7840829
32310	-2629.426	-2735.508	106.0819	1.499198	0.820053	0.179947	0.6557549
32316	-2625.846	-2731.828	105.9822	1.590433	0.822956	0.177044	0.6728629
32322	-2617.239	-2723.2	105.9607	1.5255	0.779143	0.220857	0.8069819
32328	-2614.652	-2720.58	105.9279	1.677826	0.705323	0.294677	0.5940494
32334	-2621.05	-2726.985	105.9351	1.649292	0.761003	0.238997	0.6486886
32340	-2616.802	-2722.829	106.0277	1.502808	0.8073	0.1927	0.7446727
32346	-2618.775	-2724.742	105.9666	1.636878	0.787065	0.212935	0.6010121
32352	-2621.644	-2727.56	105.9165	1.687001	0.780581	0.219419	0.6010121
32358	-2622.134	-2728.087	105.9528	1.628086	0.708326	0.291674	0.6562985
32364	-2631.343	-2737.228	105.8847	1.556226	0.663726	0.336274	0.8633768
32370	-2623.598	-2729.552	105.9538	1.628816	0.769503	0.230497	0.652696
32376	-2625.544	-2731.485	105.9418	1.58963	0.769829	0.230171	0.743256
32382	-2612.73	-2718.696	105.9669	1.519455	0.80063	0.19937	0.80675
32388	-2630.856	-2736.818	105.9618	1.544282	0.757816	0.242184	0.7800407
32394	-2628.818	-2734.795	105.9772	1.528934	0.682491	0.317509	0.7800407
32400	-2628.122	-2734.077	105.955	1.537125	0.75637	0.24363	0.7991835
32406	-2619.347	-2725.28	105.9333	1.338049	0.796105	0.203895	1.042373
32412	-2632.772	-2738.662	105.8903	1.381054	0.843759	0.156241	1.042373
32418	-2630.562	-2736.603	106.0414	1.334263	0.766519	0.233481	0.9368664
32424	-2620.614	-2726.572	105.9578	1.486697	0.770499	0.229501	0.859153
32430	-2626.081	-2731.964	105.883	1.615102	0.801551	0.198449	0.791127
32436	-2629.33	-2735.378	106.0486	1.523789	0.727595	0.272405	0.6734837
32442	-2624.42	-2730.421	106.0014	1.354265	0.792535	0.207465	0.9580382
32448	-2626.003	-2731.993	105.9899	1.375893	0.702305	0.297695	0.9474076
32454	-2632.585	-2738.561	105.9769	1.425014	0.772804	0.227196	0.9081851
32460	-2626.447	-2732.052	105.605	1.33172	0.784063	0.215937	1.332427
32466	-2624.469	-2730.449	105.9799	1.307344	0.722769	0.277231	1.027042
32472	-2625.269	-2731.268	105.9991	1.480365	0.801909	0.198091	0.815728
32478	-2624.977	-2730.941	105.9644	1.483484	0.677493	0.322507	0.855146
32484	-2625.208	-2731.168	105.9604	1.429856	0.727168	0.272832	0.9210594
32490	-2626.642	-2732.637	105.9949	1.585406	0.796471	0.203529	0.6574138
32496	-2618.933	-2724.96	106.0273	1.503235	0.811691	0.188309	0.7446036
32502	-2625.388	-2731.334	105.9459	1.409705	0.811691	0.188309	0.9581402
32508	-2632.368	-2738.33	105.9623	1.459047	0.790018	0.209982	0.8863216
32514	-2619.443	-2725.354	105.9108	1.53253	0.689171	0.310829	0.8605298
32520	-2623.941	-2729.884	105.9426	1.465416	0.751922	0.248078	0.9013936
32526	-2620.767	-2726.7	105.9335	1.567339	0.813891	0.186109	0.7873928
32532	-2620.795	-2726.786	105.9913	1.605166	0.802088	0.197912	0.6203375
32538	-2626.593	-2732.541	105.9489	1.583415	0.79776	0.20224	0.7417793
32544	-2619.337	-2725.269	105.9321	1.672185	0.808658	0.191342	0.5983994
32550	-2624.471	-2730.386	105.9155	1.630933	0.703328	0.296672	0.7195398
32556	-2628.109	-2734.088	105.9783	1.565741	0.824789	0.175211	0.7234515
32562	-2635.185	-2741.059	105.8738	1.17348	0.73682	0.26318	1.242026
32568	-2632.491	-2738.299	105.8088	1.159786	0.718222	0.281778	1.306842
32574	-2624.12	-2730.006	105.8854	1.083187	0.718359	0.281641	1.306842
32580	-2623.524	-2729.51	105.986	1.533319	0.769204	0.230796	0.7612387
32586	-2629.453	-2735.314	105.861	1.717239	0.769367	0.230633	0.6618517
32592	-2622.522	-2728.06	105.5378	1.019925	0.784979	0.215021	1.619525
32598	-2629.973	-2735.464	105.4909	1.004656	0.849781	0.150219	1.664185
32604	-2621.046	-2726.931	105.8843	1.736346	0.8192	0.1808	0.520503
32610	-2623.585	-2729.485	105.8998	1.717948	0.785322	0.214678	0.5444033
32616	-2621.109	-2726.974	105.8648	1.724301	0.817091	0.182909	0.6383046
32622	-2628.276	-2734.217	105.9414	1.387995	0.762455	0.237545	0.9851482
32628	-2622.51	-2728.358	105.8483	1.262708	0.756325	0.243675	1.187921
32634	-2633.847	-2739.512	105.6655	1.355778	0.690626	0.309374	1.263678
32640	-2626.809	-2732.757	105.9485	1.356418	0.710858	0.289142	1.009676
32646	-2629.143	-2735.083	105.9397	1.365182	0.710858	0.289142	1.009676
32652	-2624.075	-2729.99	105.9144	1.351168	0.704011	0.295989	1.047912
32658	-2628.865	-2734.763	105.8973	1.222692	0.734101	0.265899	1.180109
32664	-2629.812	-2735.744	105.9317	1.342136	0.749832	0.250168	1.039987
32670	-2625.368	-2731.29	105.9216	1.305	0.665763	0.334237	1.084608
32676	-2633.505	-2739.194	105.6887	1.204374	0.768907	0.231093	1.367101
32682	-2640.503	-2746.427	105.9239	1.509951	0.80412	0.19588	0.8717688
32688	-2636.863	-2742.836	105.9735	1.532285	0.8341	0.1659	0.7805826
32694	-2625.486	-2731.495	106.0089	1.519307	0.827906	0.172094	0.7480682
32700	-2632.091	-2737.639	105.5486	1.174422	0.751678	0.248322	1.497803
32706	-2629.19	-2734.358	105.1675	1.049813	0.758184	0.241816	1.858523
32712	-2629.941	-2735.507	105.5661	1.185842	0.722779	0.277221	1.476046
32718	-2635.601	-2740.801	105.1995	1.091086	0.656593	0.343407	1.808186
32724	-2624.988	-2730.822	105.8336	1.225844	0.819775	0.180225	1.231855
32730	-2633.81	-2739.919	106.1095	1.335652	0.819281	0.180719	0.8583972
32736	-2626.362	-2732.339	105.9774	1.341709	0.83723	0.16277	0.9954929
32742	-2624.851	-2730.63	105.7793	1.200855	0.809663	0.190337	1.297418
32748	-2623.999	-2729.895	105.8968	1.223522	0.806196	0.193804	1.179873
32754	-2616.559	-2722.243	105.6843	1.340258	0.754445	0.245555	1.260974
32760	-2614.529	-2720.446	105.9166	1.348092	0.785421	0.214579	1.048816
32766	-2618.212	-2723.995	105.7829	1.420333	0.711179	0.288821	1.106087
32772	-2626.011	-2731.933	105.9219	1.39585	0.747941	0.252059	0.9968418
32778	-2631.583	-2737.483	105.9006	1.321184	0.673891	0.326109	1.089092
32784	-2625.623	-2731.618	105.9947	1.284466	0.720173	0.279827	1.034816
32790	-2628.102	-2733.968	105.8663	1.412959	0.756894	0.243106	1.034816
32796	-2633.53	-2739.405	105.8751	1.404152	0.781207	0.218793	1.034816
32802	-2629.042	-2735.168	106.1259	1.372646	0.76082	0.23918	0.7904278
32808	-2627.201	-2733.177	105.9759	1.311712	0.798848	0.201152	1.026686
32814	-2624.631	-2730.683	106.0518	1.366331	0.660313	0.339687	0.8899153
32820	-2622.605	-2728.531	105.9266	1.289166	0.829088	0.170912	1.094683
32826	-2640.514	-2745.869	105.3548	1.175032	0.723333	0.276667	1.639603
32832	-2632.764	-2738.562	105.798	1.181994	0.728656	0.271344	1.29753
32838	-2635.376	-2741.086	105.71	1.168726	0.779111	0.220889	1.378436
32844	-2619.645	-2725.492	105.8467	1.180088	0.779111	0.220889	1.259104
32850	-2620.348	-2726.264	105.9156	1.20548	0.78792	0.21208	1.179217
32856	-2621.096	-2726.98	105.8846	1.367451	0.685401	0.314599	1.060772
32862	-2619.092	-2724.735	105.6427	1.126237	0.727415	0.272585	1.463097
32868	-2624.734	-2730.417	105.6836	1.085369	0.726104	0.273896	1.463097
32874	-2622.379	-2728.405	106.0262	1.216942	0.781797	0.218203	1.06917
32880	-2620.771	-2726.778	106.0063	1.343398	0.832827	0.167173	0.9642586
32886	-2629.225	-2735.266	106.0409	1.341693	0.803171	0.196829	0.9294275
32892	-2622.284	-2728.308	106.0247	1.539624	0.770462	0.229538	0.6886381
32898	-2617.748	-2723.833	106.0854	1.441844	0.715926	0.284074	0.7494935
32904	-2616.611	-2722.508	105.8964	1.70717	0.715926	0.284074	0.6007996
32910	-2620.634	-2726.558	105.924	1.620638	0.814872	0.185128	0.722431
32916	-2625.16	-2731.108	105.9487	1.654468	0.814872	0.185128	0.6018125
32922	-2626.582	-2732.473	105.8912	1.729043	0.674641	0.325359	0.5252303
32928	-2621.672	-2727.554	105.8822	1.735226	0.747703	0.252297	0.5464922
32934	-2619.664	-2725.521	105.8563	1.765119	0.67074	0.32926	0.5021363
32940	-2622.374	-2728.212	105.8376	1.78113	0.797279	0.202721	0.4637589
32946	-2621.477	-2727.247	105.7696	1.84549	0.749486	0.250514	0.4457538
32952	-2616.716	-2722.685	105.9692	1.535163	0.698636	0.301364	0.7824642
32958	-2627.999	-2733.858	105.8589	1.524011	0.698636	0.301364	0.9290744
32964	-2621.985	-2727.547	105.5621	1.191081	0.739238	0.260762	1.47504
32970	-2624.373	-2730.353	105.9792	1.225237	0.734009	0.265991	1.104995
32976	-2624.745	-2730.632	105.8873	1.348772	0.734009	0.265991	1.075806
32982	-2623.903	-2729.858	105.9547	1.217741	0.714248	0.285752	1.133929
32988	-2626.927	-2732.711	105.784	1.348498	0.721038	0.278962	1.169248
32994	-2621.547	-2727.535	105.9884	1.45667	0.71184	0.28816	0.8585343
33000	-2635.236	-2741.247	106.0108	1.563741	0.671381	0.328619	0.6691853
33006	-2635.588	-2741.635	106.047	1.450597	0.682432	0.317568	0.7917196
33012	-2631.314	-2737.227	105.9136	1.268692	0.733666	0.266334	1.125054
33018	-2624.605	-2730.439	105.8347	1.347648	0.7358	0.2642	1.125054
33024	-2629.443	-2735.314	105.8709	1.311429	0.828988	0.171012	1.125054
33030	-2625.837	-2731.761	105.9239	1.420596	0.846412	0.153588	0.9696609
33036	-2625.639	-2731.532	105.8935	1.398689	0.780499	0.219501	1.022169
33042	-2619.362	-2725.272	105.9099	1.15118	0.710499	0.289501	1.230483
33048	-2628.03	-2733.366	105.3355	1.093645	0.80878	0.19122	1.711385
33054	-2625.077	-2730.545	105.4683	1.128624	0.77226	0.22774	1.591074
33060	-2634.093	-2740	105.907	1.200336	0.75247	0.24753	1.191031
33066	-2628.347	-2734.021	105.6736	1.18242	0.799978	0.200022	1.396167
33072	-2625.821	-2731.472	105.6519	1.241215	0.71823	0.28177	1.367086
33078	-2628.504	-2734.253	105.7491	1.360124	0.699041	0.300959	1.189469
33084	-2634.643	-2740.455	105.8115	1.344805	0.659269	0.340731	1.14829
33090	-2636.382	-2742.329	105.9479	1.208394	0.710052	0.289948	1.14829
33096	-2623.087	-2728.884	105.797	1.209438	0.710052	0.289948	1.275953
33102	-2622.41	-2727.777	105.3668	1.193811	0.799131	0.200869	1.617404
33108	-2626.039	-2731.498	105.4589	1.278924	0.763179	0.236821	1.486634
33114	-2627.366	-2733.209	105.8429	1.756418	0.765439	0.234561	0.6128326
33120	-2615.007	-2720.85	105.843	1.277882	0.769725	0.230275	1.179389
33126	-2625.416	-2731.161	105.745	1.290118	0.855822	0.144178	1.252183
33132	-2624.783	-2730.637	105.8543	1.33408	0.769028	0.230972	1.119596
33138	-2624.65	-2730.465	105.8156	1.26368	0.769028	0.230972	1.215064
33144	-2618.976	-2724.789	105.8133	1.304921	0.736303	0.263697	1.1817
33150	-2622.916	-2728.55	105.6337	1.283979	0.749064	0.250936	1.347677
33156	-2636.252	-2741.793	105.5419	1.248791	0.669577	0.330423	1.44656
33162	-2629.503	-2735.447	105.9433	1.363007	0.722298	0.277702	1.00831
33168	-2625.073	-2731.011	105.9382	1.300177	0.649382	0.350618	1.073631
33174	-2625.946	-2731.964	106.0178	1.338437	0.649382	0.350618	0.9574719
33180	-2629.655	-2735.581	105.9255	1.524037	0.732926	0.267074	0.8530505
33186	-2631.924	-2737.95	106.0259	1.524037	0.777037	0.222963	0.713663
33192	-2629.432	-2735.345	105.913	1.645633	0.80925	0.19075	0.6987675
33198	-2635.363	-2741.151	105.788	1.819334	0.740573	0.259427	0.4206963
33204	-2625.848	-2731.911	106.0627	1.32433	0.782448	0.217552	0.9246137
33210	-2626.904	-2732.936	106.0317	1.310635	0.78644	0.21356	0.971876
33216	-2629.728	-2735.74	106.012	1.330295	0.802881	0.197119	0.971876
33222	-2626.548	-2732.683	106.1347	1.329882	0.761446	0.238554	0.8346283
33228	-2627.18	-2733.201	106.0204	1.442554	0.761446	0.238554	0.8366688
33234	-2631.221	-2736.817	105.5959	1.141834	0.750661	0.249339	1.486763
33240	-2625.864	-2731.243	105.3792	1.085018	0.655809	0.344191	1.686574
33246	-2617.491	-2723.112	105.6209	1.007083	0.741293	0.258707	1.568293
33252	-2617.071	-2722.831	105.7595	1.045628	0.761328	0.238672	1.435523
33258	-2624.247	-2729.786	105.5384	0.9940782	0.819644	0.180356	1.637732
33264	-2632.437	-2738.319	105.8814	1.718432	0.805714	0.194286	0.6112607
33270	-2628.817	-2734.636	105.8187	1.802382	0.758778	0.241222	0.5137411
33276	-2626.253	-2732.059	105.8068	1.813119	0.811041	0.188959	0.5280998
33282	-2623.483	-2729.385	105.9019	1.678309	0.772569	0.227431	0.6577483
33288	-2626.478	-2732.312	105.8347	1.784472	0.709681	0.290319	0.5347584
33294	-2631.066	-2736.94	105.8736	1.739224	0.80493	0.19507	0.5686992
33300	-2624.082	-2729.942	105.8601	1.758925	0.80493	0.19507	0.5359477
33306	-2623.612	-2729.529	105.9167	1.702527	0.673402	0.326598	0.5341964
33312	-2627.948	-2733.932	105.9844	1.501364	0.823582	0.176418	0.8076144
33318	-2622.572	-2728.607	106.0355	1.450239	0.76005	0.23995	0.8076144
33324	-2628.888	-2734.753	105.8647	1.413837	0.763288	0.236712	1.035464
33330	-2628.995	-2734.935	105.9399	1.440576	0.825162	0.174838	0.9317272
33336	-2627.543	-2733.56	106.0174	1.418699	0.760316	0.239684	0.8690903
33342	-2631.05	-2736.902	105.8528	1.764112	0.706714	0.293286	0.5491031
33348	-2630.298	-2736.198	105.8993	1.717684	0.718461	0.281539	0.5491031
33354	-2625.443	-2731.269	105.8265	1.787058	0.760917	0.239083	0.5654772
33360	-2621.253	-2727.051	105.7987	1.822525	0.801502	0.198498	0.4889271
33366	-2613.145	-2719.033	105.8884	1.732905	0.752378	0.247622	0.5104432
33372	-2607.035	-2712.926	105.8912	1.728496	0.809081	0.190919	0.5302569
33378	-2617.498	-2723.389	105.8912	1.728496	0.76067	0.23933	0.5302569
33384	-2618.042	-2724.013	105.9711	1.61867	0.689569	0.310431	0.6367575
33390	-2632.181	-2738.097	105.916	1.448088	0.758661	0.241339	0.9492372
33396	-2625.141	-2731.035	105.8939	1.470122	0.83837	0.16163	0.9492372
33402	-2634.446	-2740.32	105.8747	1.746443	0.689543	0.310457	0.4872871
33408	-2634.579	-2740.397	105.8183	1.80281	0.79133	0.20867	0.4872871
33414	-2629.994	-2736	106.0066	1.373199	0.796978	0.203022	0.9324703
33420	-2624.645	-2730.638	105.9929	1.386822	0.796978	0.203022	0.9324703
33426	-2622.233	-2728.249	106.0161	1.445428	0.730221	0.269779	0.8384481
33432	-2637.536	-2742.918	105.3823	1.090345	0.848343	0.151657	1.680557
33438	-2632.708	-2738.522	105.8148	1.214347	0.656497	0.343503	1.257202
33444	-2627.45	-2733.292	105.8411	1.350198	0.750971	0.249029	1.116991
33450	-2627.977	-2734.01	106.0331	1.373876	0.725056	0.274944	0.9025502
33456	-2625.628	-2731.48	105.8518	1.432647	0.804592	0.195408	1.029785
33462	-2634.697	-2740.509	105.8124	1.145764	0.805031	0.194969	1.315237
33468	-2634.788	-2740.572	105.7839	1.298252	0.761077	0.238923	1.212603
33474	-2621.7	-2727.653	105.9531	1.397432	0.750573	0.249427	0.9633878
33480	-2621.699	-2727.461	105.7623	1.256841	0.747168	0.252832	1.265487
33486	-2621.133	-2726.887	105.7532	1.080078	0.792817	0.207183	1.413797
33492	-2628.233	-2734.115	105.8818	1.141036	0.826052	0.173948	1.262437
33498	-2623.304	-2729.077	105.7733	1.19769	0.693437	0.306563	1.304893
33504	-2624.188	-2730.059	105.8711	1.241468	0.693437	0.306563	1.186517
33510	-2629.878	-2734.877	104.9992	2.333467	0.701371	0.298629	0.2095361
33516	-2636.101	-2740.989	104.8877	2.349417	0.769501	0.230499	0.1792492
33522	-2634.129	-2738.892	104.7621	2.405951	0.791164	0.208836	0.1614253
33528	-2628.633	-2733.555	104.9214	2.384829	0.751828	0.248172	0.2003491
33534	-2623.37	-2729.311	105.9413	1.333743	0.7176	0.2824	1.038825
33540	-2624.378	-2730.332	105.9536	1.467221	0.725617	0.274383	0.8868609
33546	-2626.672	-2732.595	105.9229	1.554273	0.754764	0.245236	0.818671
33552	-2627.632	-2733.472	105.8402	1.413652	0.75492	0.24508	1.059133
33558	-2623.806	-2729.738	105.9315	1.462818	0.818787	0.181213	0.9166215
33564	-2623.831	-2729.705	105.8739	1.48118	0.778437	0.221563	0.958681
33570	-2624.792	-2730.734	105.9411	1.279149	0.643906	0.356094	1.090495
33576	-2624.83	-2730.868	106.0382	1.393709	0.643906	0.356094	0.8740845
33582	-2626.875	-2732.893	106.0187	1.451584	0.694846	0.305154	0.8274446
33588	-2627.034	-2733.047	106.0133	1.498548	0.812208	0.187792	0.7720139
33594	-2618.427	-2724.369	105.9428	1.560439	0.827512	0.172488	0.7840143
33600	-2629.725	-2735.74	106.0143	1.564262	0.827512	0.172488	0.6611361
33606	-2618.873	-2724.882	106.0092	1.531631	0.789649	0.210351	0.7285225
33612	-2628.717	-2734.68	105.963	1.593339	0.723975	0.276025	0.702748
33618	-2640.281	-2746.198	105.9165	1.661033	0.705569	0.294431	0.6632307
33624	-2632.05	-2737.555	105.5051	2.034816	0.869352	0.130648	0.3242995
33630	-2627.235	-2733.221	105.9855	1.601315	0.702177	0.297823	0.6433843
33636	-2627.327	-2733.242	105.9144	1.663138	0.785439	0.214561	0.6632764
33642	-2626.788	-2732.779	105.9915	1.272404	0.784067	0.215933	1.049539
33648	-2621.988	-2727.835	105.8474	1.394765	0.798601	0.201399	1.070136
33654	-2621.189	-2727.005	105.8155	1.262929	0.871135	0.128865	1.215783
33660	-2628.456	-2734.374	105.9181	1.674655	0.828252	0.171748	0.6295166
33666	-2625.16	-2731.091	105.9311	1.68066	0.786273	0.213727	0.5731422
33672	-2622.408	-2728.318	105.9095	1.236366	0.705516	0.294484	1.157493
33678	-2627.803	-2733.602	105.7996	1.258182	0.712617	0.287383	1.233203
33684	-2614.194	-2719.985	105.7912	1.346796	0.729159	0.270841	1.164385
33690	-2632.338	-2738.221	105.8833	1.727493	0.863798	0.136202	0.5768212
33696	-2633.328	-2739.221	105.8931	1.727493	0.763843	0.236157	0.5206675
33702	-2630.182	-2736.041	105.8596	1.759848	0.769292	0.230708	0.5328827
33708	-2624.278	-2730.141	105.8628	1.745196	0.769292	0.230708	0.5865793
33714	-2620.864	-2726.655	105.791	1.137301	0.826868	0.173132	1.339174
33720	-2625.14	-2731.031	105.8912	1.209104	0.826868	0.173132	1.197147
33726	-2626.546	-2732.229	105.6824	1.168659	0.704182	0.295818	1.40002
33732	-2641.053	-2746.755	105.702	1.149027	0.741907	0.258093	1.40002
33738	-2650.142	-2755.925	105.783	1.286585	0.787945	0.212055	1.223327
33744	-2629.55	-2735.463	105.9129	1.343203	0.689986	0.310014	1.056964
33750	-2627.3	-2732.9	105.5992	1.98693	0.793959	0.206041	0.3785896
33756	-2628.99	-2734.75	105.7602	1.859884	0.831785	0.168215	0.5266317
33762	-2627.635	-2733.431	105.7956	1.825385	0.673106	0.326894	0.5157647
33768	-2627.058	-2732.91	105.8527	1.767975	0.7731	0.2269	0.5198388
33774	-2618.632	-2724.42	105.7883	1.322704	0.721059	0.278941	1.187877
33780	-2626.751	-2732.468	105.7169	1.901244	0.726729	0.273271	0.4601034
33786	-2622.118	-2727.853	105.7351	1.885363	0.779587	0.220413	0.4781739
33792	-2626.727	-2732.511	105.7842	1.825622	0.65443	0.34557	0.4273989
33798	-2621.601	-2727.241	105.6401	1.967207	0.80038	0.19962	0.4204463
33804	-2621.708	-2727.391	105.6833	1.918777	0.712087	0.287913	0.4078498
33810	-2634.005	-2739.288	105.2827	2.216761	0.848593	0.151407	0.2918723
33816	-2628.388	-2733.83	105.4421	2.055082	0.780824	0.219176	0.2903227
33822	-2619.199	-2725.029	105.8302	1.790718	0.757559	0.242441	0.4836246
33828	-2626.367	-2732.43	106.063	1.509012	0.824384	0.175616	0.6741033
33834	-2624.111	-2729.133	105.0225	2.351124	0.709021	0.290979	0.2252664
33840	-2619.934	-2725.867	105.933	1.382004	0.77274	0.22726	0.9996064
33846	-2617.576	-2723.665	106.0883	1.394403	0.77274	0.22726	0.8115967
33852	-2615.627	-2721.553	105.9255	1.328296	0.759789	0.240211	1.059157
33858	-2630.077	-2736.141	106.0638	1.339398	0.734194	0.265806	0.9067695
33864	-2634.079	-2739.653	105.5742	1.971842	0.758817	0.241183	0.3300451
33870	-2637.671	-2743.197	105.5258	2.005938	0.851864	0.148136	0.316972
33876	-2627.896	-2733.5	105.6037	1.968224	0.655366	0.344634	0.3587055
33882	-2620.568	-2726.256	105.6883	1.91224	0.798481	0.201519	0.404536
33888	-2621.03	-2726.652	105.6221	1.948602	0.798351	0.201649	0.3570719
33894	-2620.411	-2726.075	105.6635	1.942494	0.730715	0.269285	0.4170759
33900	-2622.263	-2727.931	105.6678	1.942494	0.741551	0.258449	0.4287724
33906	-2625.83	-2731.644	105.8132	1.807911	0.65213	0.34787	0.4867795
33912	-2620.396	-2726.035	105.6383	1.174461	0.804806	0.195194	1.429652
33918	-2627.693	-2733.226	105.5336	1.249504	0.67764	0.32236	1.452367
33924	-2624.881	-2730.805	105.9237	1.697707	0.74614	0.25386	0.4944923
33930	-2631.611	-2737.542	105.9311	1.423005	0.699326	0.300674	0.9596576
33936	-2617.878	-2723.875	105.9967	1.379491	0.757335	0.242665	0.9363029
33942	-2627.543	-2733.522	105.9789	1.51953	0.794975	0.205025	0.7906031
33948	-2630.153	-2736.284	106.1313	1.348837	0.814007	0.185993	0.8148992
33954	-2626.693	-2732.578	105.8856	1.735879	0.727495	0.272505	0.4965106
33960	-2617.401	-2723.409	106.008	1.493133	0.720763	0.279237	0.7869585
33966	-2613.5	-2719.475	105.9745	1.52664	0.785974	0.214026	0.7869585
33972	-2609.798	-2715.712	105.9133	1.578133	0.713958	0.286042	0.8000169
33978	-2620.729	-2726.645	105.9158	1.604387	0.765225	0.234775	0.7599496
33984	-2620.483	-2726.437	105.9537	1.537051	0.861686	0.138314	0.8009337
33990	-2618.514	-2724.5	105.9864	1.466585	0.771733	0.228267	0.8488762
33996	-2621.643	-2727.593	105.9507	1.607713	0.819629	0.180371	0.699166
34002	-2619.002	-2724.876	105.874	1.742303	0.789248	0.210752	0.552449
34008	-2618.241	-2724.136	105.8945	1.659994	0.789248	0.210752	0.7059571
34014	-2612.059	-2717.896	105.8373	1.761098	0.780888	0.219112	0.615362
34020	-2618.228	-2724.238	106.0107	1.601636	0.794633	0.205367	0.5708395
34026	-2616.306	-2722.224	105.9183	1.658004	0.719674	0.280326	0.6656281
34032	-2626.996	-2732.382	105.386	2.112163	0.754538	0.245462	0.2909691
34038	-2621.74	-2727.214	105.4736	2.060095	0.779953	0.220047	0.3187251
34044	-2621.429	-2727.429	105.9999	1.607833	0.747221	0.252779	0.587467
34050	-2621.022	-2726.483	105.461	2.067316	0.682679	0.317321	0.3140151
34056	-2621.806	-2727.34	105.5342	2.01176	0.70058	0.29942	0.3299598
34062	-2616.911	-2722.479	105.568	1.997935	0.70058	0.29942	0.351376
34068	-2617.21	-2722.778	105.568	1.997935	0.70058	0.29942	0.351376
34074	-2627.384	-2733.209	105.8251	1.785763	0.737123	0.262877	0.4307764
34080	-2626.936	-2732.479	105.5429	1.98476	0.74808	0.25192	0.3134905
34086	-2623.064	-2728.697	105.6336	1.949346	0.765801	0.234199	0.3738018
34092	-2617.609	-2723.426	105.8175	1.802689	0.752746	0.247254	0.4747465
34098	-2629.368	-2735.26	105.8924	1.725165	0.720962	0.279038	0.5457383
34104	-2623.166	-2729.066	105.9009	1.720435	0.657719	0.342281	0.5094836
34110	-2636.027	-2741.876	105.849	1.772093	0.792049	0.207951	0.5137367
34116	-2630.023	-2735.85	105.8275	1.785732	0.770258	0.229742	0.5669789
34122	-2639.669	-2745.642	105.9729	1.648343	0.734335	0.265665	0.5116748
34128	-2634.81	-2740.63	105.8201	1.79876	0.721467	0.278533	0.4649914
34134	-2637.497	-2743.243	105.7454	1.875611	0.721467	0.278533	0.5153138
34140	-2640.08	-2745.923	105.8425	1.553793	0.724644	0.275356	0.9144413
34146	-2633.266	-2739.285	106.0186	1.450805	0.736042	0.263958	0.828649
34152	-2628.166	-2733.995	105.829	1.792328	0.723217	0.276783	0.4909061
34158	-2624.323	-2730.228	105.9051	1.716079	0.723217	0.276783	0.488595
34164	-2620.681	-2726.539	105.8577	1.75898	0.769023	0.230977	0.5507186
34170	-2623.367	-2729.127	105.7601	1.861235	0.753882	0.246118	0.4910458
34176	-2622.558	-2728.311	105.7537	1.862718	0.723824	0.276176	0.4516221
34182	-2628.193	-2734.143	105.9501	1.545818	0.905301	0.0946988	0.7939809
34188	-2634.191	-2740.007	105.8158	1.520759	0.777181	0.222819	0.9778111
34194	-2633.607	-2739.347	105.7407	1.874469	0.754242	0.245758	0.4457856
34200	-2631.018	-2736.831	105.8137	1.807385	0.758221	0.241779	0.5137089
34206	-2620.518	-2726.461	105.9427	1.652109	0.758221	0.241779	0.6245032
34212	-2622.144	-2728.083	105.9386	1.185625	0.682747	0.317253	1.176465
34218	-2623.117	-2729.111	105.9941	1.300335	0.830438	0.169562	1.019955
34224	-2625.993	-2731.896	105.903	1.20545	0.811564	0.188436	1.190087
34230	-2626.929	-2732.967	106.0373	1.484291	0.751621	0.248379	0.7578736
34236	-2623.837	-2729.805	105.9687	1.480068	0.767399	0.232601	0.8539855
34242	-2621.909	-2727.836	105.9266	1.502041	0.710693	0.289307	0.877893
34248	-2620.036	-2726.039	106.0029	1.578642	0.84001	0.15999	0.6548449
34254	-2621.137	-2727.096	105.9585	1.641477	0.763038	0.236962	0.6109172
34260	-2622.817	-2728.872	106.0552	1.477143	0.694146	0.305854	0.7417587
34266	-2625.559	-2731.418	105.8593	1.733924	0.759162	0.240838	0.628462
34272	-2636.712	-2742.646	105.9335	1.687898	0.72908	0.27092	0.5072962
34278	-2623.638	-2729.598	105.9604	1.649147	0.808638	0.191362	0.5811863
34284	-2625.23	-2731.269	106.0388	1.546914	0.747726	0.252274	0.6458571
34290	-2623.672	-2729.591	105.9188	1.664469	0.686293	0.313707	0.6512472
34296	-2630.198	-2736.074	105.8769	1.706887	0.79827	0.20173	0.6500349
34302	-2628.721	-2734.459	105.7388	1.119279	0.756965	0.243035	1.394524
34308	-2622.691	-2728.691	106.0005	1.412369	0.764232	0.235768	0.8959168
34314	-2624.529	-2730.441	105.912	1.500926	0.805129	0.194871	0.8959168
34320	-2630.501	-2736.408	105.9071	1.423372	0.773105	0.226895	0.983971
34326	-2623.387	-2729.344	105.9565	1.373971	0.764946	0.235054	0.983971
34332	-2623.607	-2729.639	106.0322	1.477715	0.81762	0.18238	0.7747816
34338	-2625.362	-2731.328	105.9656	1.56361	0.750067	0.249933	0.7465547
34344	-2631.253	-2737.143	105.8907	1.423888	0.766409	0.233591	1.00001
34350	-2629.933	-2735.924	105.9914	1.347327	0.810584	0.189416	0.9755799
34356	-2630.679	-2736.624	105.9452	1.536912	0.842194	0.157806	0.8123156
34362	-2633.679	-2739.616	105.9365	1.54564	0.723981	0.276019	0.8123156
34368	-2626.058	-2731.967	105.9086	1.516712	0.736094	0.263906	0.8816997
34374	-2625.451	-2731.434	105.9827	1.546656	0.761973	0.238027	0.7464086
34380	-2623.393	-2729.368	105.9751	1.498067	0.691324	0.308676	0.8237961
34386	-2621.409	-2727.28	105.8709	1.393132	0.677613	0.322387	1.04937
34392	-2621.654	-2727.528	105.8738	1.242452	0.804222	0.195778	1.183378
34398	-2624.925	-2730.525	105.6006	1.105472	0.826781	0.173219	1.510492
34404	-2635.807	-2741.614	105.8079	1.283503	0.717139	0.282861	1.204775
34410	-2629.484	-2735.48	105.9956	1.470325	0.737026	0.262974	0.8329549
34416	-2624.639	-2730.626	105.9869	1.401593	0.755332	0.244668	0.923016
34422	-2632.415	-2738.255	105.8407	1.322338	0.723028	0.276972	1.142363
34428	-2635.174	-2741.054	105.8803	1.033219	0.723028	0.276972	1.350951
34434	-2627.427	-2733.425	105.9977	1.529867	0.812283	0.187717	0.749076
34440	-2619.445	-2725.408	105.963	1.538263	0.812283	0.187717	0.7867563
34446	-2622.988	-2728.911	105.9225	1.479869	0.81564	0.18436	0.9077363
34452	-2627.691	-2733.78	106.0888	1.306261	0.81564	0.18436	0.9157568
34458	-2623.724	-2729.664	105.9405	1.509257	0.708912	0.291088	0.8528912
34464	-2622.198	-2728.148	105.9498	1.58064	0.741829	0.258171	0.7446969
34470	-2619.479	-2725.459	105.98	1.564815	0.668731	0.331269	0.7221044
34476	-2628.492	-2734.546	106.0531	1.368136	0.779754	0.220246	0.886364
34482	-2622.064	-2727.517	105.4538	0.9603205	0.76537	0.23463	1.721958
34488	-2627.201	-2732.693	105.4917	1.061281	0.748983	0.251017	1.622917
34494	-2625.292	-2730.662	105.3709	0.899321	0.834291	0.165709	1.822254
34500	-2619.318	-2724.903	105.5853	1.045218	0.72564	0.27436	1.566488
34506	-2622.823	-2728.474	105.6506	0.9798472	0.756532	0.243468	1.566488
34512	-2626.395	-2731.325	104.9292	0.9451863	0.762502	0.237498	2.088298
34518	-2618.241	-2723.795	105.5541	1.023593	0.743016	0.256984	1.605052
34524	-2627.621	-2733.559	105.9378	1.307479	0.806277	0.193723	1.067165
34530	-2621.372	-2726.766	105.3943	0.9939649	0.748717	0.251283	1.740181
34536	-2617.923	-2723.281	105.3582	1.030068	0.721205	0.278795	1.740181
34542	-2626.966	-2732.864	105.8983	1.633135	0.813432	0.186568	0.7431661
34548	-2620.434	-2726.43	105.9962	1.40251	0.763209	0.236791	0.9117404
34554	-2619.486	-2725.189	105.7029	1.229104	0.748248	0.251752	1.336251
34560	-2620.621	-2726.457	105.8366	1.351714	0.739114	0.260886	1.119652
34566	-2619.339	-2725.21	105.8709	1.329756	0.845562	0.154438	1.108444
34572	-2615.29	-2721.23	105.9403	1.418576	0.79036	0.20964	0.9546469
34578	-2626.91	-2732.792	105.8817	1.555658	0.704604	0.295396	0.8676317
34584	-2628.143	-2733.865	105.7213	1.24616	0.846183	0.153817	1.307743
34590	-2627.745	-2733.758	106.0123	1.501896	0.797745	0.202255	0.7686452
34596	-2623.849	-2729.872	106.0233	1.556155	0.664336	0.335664	0.6592763
34602	-2622.38	-2728.362	105.9826	1.614568	0.737884	0.262116	0.618416
34608	-2628.589	-2734.642	106.0521	1.418328	0.758711	0.241289	0.8272735
34614	-2629.225	-2735.216	105.9912	1.534452	0.75162	0.24838	0.7519733
34620	-2632.71	-2738.767	106.0572	1.460839	0.74455	0.25545	0.7630667
34626	-2632.398	-2738.365	105.9669	1.51742	0.756246	0.243754	0.8094514
34632	-2624.904	-2730.876	105.9715	1.47681	0.756246	0.243754	0.8546244
34638	-2634.35	-2740.228	105.8781	1.439215	0.756246	0.243754	0.9972673
34644	-2636.9	-2742.761	105.861	1.759913	0.748845	0.251155	0.5169226
34650	-2628.14	-2733.646	105.5058	1.988465	0.809979	0.190021	0.2883126
34656	-2619.102	-2724.573	105.4712	2.0485	0.758239	0.241761	0.3069764
34662	-2620.008	-2725.441	105.4335	2.109339	0.76511	0.23489	0.3270349
34668	-2626.926	-2732.341	105.4158	2.087571	0.784814	0.215186	0.2946615
34674	-2628.464	-2734.461	105.9972	1.501472	0.759903	0.240097	0.7903414
34680	-2625.994	-2731.978	105.9844	1.514248	0.761107	0.238893	0.7903414
34686	-2620.506	-2726.445	105.9391	1.644039	0.761107	0.238893	0.6515587
34692	-2627.683	-2733.336	105.6532	1.402594	0.858809	0.141191	1.234926
34698	-2631.226	-2737.034	105.8077	1.411395	0.806476	0.193524	1.091604
34704	-2630.577	-2736.13	105.5523	1.991191	0.776035	0.223965	0.3276304
34710	-2622.909	-2728.878	105.9686	1.43273	0.641244	0.358756	0.9088616
34716	-2621.368	-2727.359	105.9913	1.410017	0.779681	0.220319	0.9088616
34722	-2620.247	-2726.19	105.9432	1.374152	0.73431	0.26569	0.9972381
34728	-2613.709	-2719.677	105.9683	1.437866	0.733762	0.266238	0.9034285
34734	-2619.004	-2724.896	105.8914	1.459128	0.728299	0.271701	0.9634424
34740	-2622.022	-2727.943	105.9208	1.33163	0.763072	0.236928	1.060454
34746	-2614.556	-2720.389	105.8332	1.337956	0.698783	0.301217	1.135051
34752	-2616.301	-2722.204	105.9033	1.314123	0.847318	0.152682	1.093108
34758	-2617.225	-2723.11	105.8854	1.204139	0.77862	0.22138	1.206315
34764	-2624.768	-2730.7	105.9327	1.27156	0.778948	0.221052	1.105147
34770	-2625.894	-2731.626	105.7317	1.159436	0.710463	0.289537	1.368645
34776	-2634.06	-2739.724	105.6636	1.193784	0.747623	0.252377	1.395081
34782	-2634.816	-2740.523	105.7075	1.251221	0.72084	0.27916	1.314817
34788	-2633.901	-2739.738	105.8365	1.312035	0.771734	0.228266	1.155146
34794	-2628.964	-2734.398	105.4341	1.259022	0.809597	0.190403	1.520141
34800	-2624.225	-2729.902	105.6764	1.141441	0.764107	0.235893	1.425717
34806	-2625.621	-2731.442	105.821	1.197598	0.698723	0.301277	1.265879
34812	-2623.985	-2729.752	105.7674	1.240451	0.708821	0.291179	1.274795
34818	-2628.002	-2733.871	105.8699	1.196257	0.777605	0.222395	1.226219
34824	-2625.405	-2731.231	105.8261	1.288646	0.748947	0.251053	1.184683
34830	-2626.033	-2731.953	105.9205	1.345938	0.865638	0.134362	1.047077
34836	-2626.099	-2732.143	106.0441	1.41995	0.767759	0.232241	0.8353385
34842	-2622.032	-2728.024	105.9919	1.470073	0.767759	0.232241	0.8378443
34848	-2621.196	-2727.213	106.0168	1.478155	0.730274	0.269726	0.7953696
34854	-2628.726	-2734.483	105.7571	1.088312	0.800175	0.199825	1.404417
34860	-2630.048	-2735.585	105.5375	1.062739	0.814737	0.185263	1.58866
34866	-2627.637	-2733.21	105.5732	1.067273	0.722337	0.277663	1.559124
34872	-2627.288	-2732.506	105.2185	1.008442	0.721898	0.278102	1.851967
34878	-2627.909	-2733.681	105.772	1.174105	0.721898	0.278102	1.324953
34884	-2618.42	-2724.439	106.0192	1.27656	0.743281	0.256719	1.0187
34890	-2619.168	-2724.937	105.7692	1.477593	0.743281	0.256719	1.065709
34896	-2618.67	-2724.478	105.8073	1.439555	0.790702	0.209298	1.065709
34902	-2620.801	-2726.734	105.9323	1.412425	0.745938	0.254062	0.9694616
34908	-2629.548	-2735.477	105.9284	1.503561	0.809141	0.190859	0.8739807
34914	-2625.761	-2731.71	105.9488	1.652523	0.781052	0.218948	0.6071708
34920	-2625.913	-2731.729	105.8152	1.805086	0.814273	0.185727	0.476137
34926	-2638.56	-2744.299	105.7388	1.877642	0.792666	0.207334	0.4514067
34932	-2632.605	-2738.484	105.8784	1.322865	0.72484	0.27516	1.107955
34938	-2631.751	-2737.625	105.8746	1.349853	0.72484	0.27516	1.08659
34944	-2623.156	-2729.08	105.9242	1.553306	0.66598	0.33402	0.8182249
34950	-2630.642	-2736.675	106.0328	1.404118	0.74333	0.25667	0.8681656
34956	-2629.065	-2735.059	105.9934	1.548504	0.74333	0.25667	0.7267452
34962	-2636.816	-2742.809	105.9934	1.165645	0.843188	0.156812	1.145872
34968	-2620.733	-2726.544	105.8115	1.294254	0.809187	0.190813	1.192424
34974	-2622.365	-2728.214	105.8493	1.378464	0.801501	0.198499	1.083572
34980	-2633.424	-2739.241	105.8165	1.599361	0.764632	0.235368	0.8925327
34986	-2630.984	-2736.943	105.9598	1.638359	0.730804	0.269196	0.6159396
34992	-2628.593	-2734.534	105.9413	1.657273	0.704727	0.295273	0.6146697
34998	-2626.449	-2732.381	105.9321	1.671127	0.795135	0.204865	0.6016355
35004	-2618.219	-2724.141	105.9229	1.655988	0.738114	0.261886	0.6605373
35010	-2616.678	-2722.591	105.9131	1.659393	0.837036	0.162964	0.6731946
35016	-2618.133	-2724.031	105.8982	1.674336	0.692657	0.307343	0.6731946
35022	-2624.284	-2730.27	105.9857	1.578579	0.732015	0.267985	0.6886739
35028	-2620.557	-2726.544	105.9872	1.574315	0.660718	0.339282	0.6936524
35034	-2622.886	-2728.879	105.9925	1.547646	0.777454	0.222546	0.729572
35040	-2616.105	-2722.085	105.9798	1.608892	0.755375	0.244625	0.6391145
35046	-2618.797	-2724.753	105.9558	1.511053	0.77658	0.22342	0.8318363
35052	-2618.532	-2724.603	106.0714	1.451138	0.767009	0.232991	0.756559
35058	-2618.781	-2724.728	105.9476	1.582666	0.796743	0.203257	0.7449551
35064	-2629.068	-2734.906	105.8383	1.540336	0.703614	0.296386	0.9337143
35070	-2619.018	-2725.036	106.0178	1.482858	0.754234	0.245766	0.787569
35076	-2613.89	-2719.856	105.9651	1.594228	0.767199	0.232801	0.6975005
35082	-2621.044	-2727	105.9564	1.602981	0.786093	0.213907	0.6975005
35088	-2617.214	-2723.14	105.9262	1.560208	0.825936	0.174064	0.8067614
35094	-2616.125	-2722.129	106.0042	1.55672	0.753522	0.246478	0.6947362
35100	-2615.907	-2721.942	106.0343	1.516372	0.786645	0.213355	0.7124018
35106	-2615.478	-2721.452	105.9738	1.509221	0.786645	0.213355	0.8111162
35112	-2623.934	-2730.01	106.0752	1.399898	0.731122	0.268878	0.8213694
35118	-2629.442	-2735.366	105.9244	1.383784	0.75655	0.24345	1.006427
35124	-2620.752	-2726.54	105.788	1.315463	0.783894	0.216106	1.194381
35130	-2620.044	-2725.97	105.9264	1.36514	0.754929	0.245071	1.022827
35136	-2615.017	-2720.974	105.9571	1.368394	0.747084	0.252916	0.9890676
35142	-2621.151	-2727.016	105.8653	1.370019	0.712923	0.287077	1.076524
35148	-2622.026	-2727.885	105.8583	1.308592	0.785754	0.214246	1.138896
35154	-2617.749	-2723.703	105.9537	1.460637	0.761428	0.238572	0.8942065
35160	-2632.869	-2738.778	105.9082	1.321427	0.716585	0.283415	1.08178
35166	-2627.857	-2733.69	105.8331	1.394781	0.719487	0.280513	1.083401
35172	-2630.983	-2736.67	105.6871	1.922139	0.775467	0.224533	0.4258586
35178	-2645.631	-2751.318	105.6871	1.922139	0.774069	0.225931	0.4258586
35184	-2631.805	-2737.64	105.8342	1.364988	0.859383	0.140617	1.109823
35190	-2634.344	-2740.248	105.9036	1.312856	0.83398	0.16602	1.09396
35196	-2633.79	-2739.647	105.8573	1.359175	0.807515	0.192485	1.09396
35202	-2623.214	-2729.237	106.0231	1.373138	0.758833	0.241167	0.9144793
35208	-2624.127	-2730.054	105.9271	1.429663	0.817483	0.182517	0.9568782
35214	-2626.552	-2732.598	106.0464	1.489592	0.729049	0.270951	0.7361863
35220	-2624.505	-2730.412	105.9071	1.489592	0.717753	0.282247	0.9140407
35226	-2624.4	-2730.376	105.9765	1.560494	0.755626	0.244374	0.7346612
35232	-2625.991	-2731.95	105.9589	1.633837	0.815042	0.184958	0.6297313
35238	-2622.289	-2728.3	106.0109	1.523297	0.654832	0.345168	0.7389516
35244	-2615.93	-2721.758	105.8277	1.409391	0.614114	0.385886	1.074894
35250	-2619.304	-2725.186	105.8822	1.354854	0.678127	0.321873	1.074894
35256	-2621.479	-2727.436	105.9569	1.295233	0.555636	0.444364	1.060681
35262	-2617.278	-2723.312	106.0339	1.382179	0.780848	0.219152	0.8922595
35268	-2625.67	-2731.646	105.9762	1.414075	0.707841	0.292159	0.9210403
35274	-2624.848	-2730.886	106.0382	1.329542	0.697686	0.302314	0.9452899
35280	-2630.265	-2736.232	105.9672	1.344618	0.727799	0.272201	1.00276
35286	-2623.148	-2729.206	106.0586	1.251495	0.785645	0.214355	1.004501
35292	-2629.723	-2735.744	106.0207	1.263153	0.8129	0.1871	1.030348
35298	-2619.921	-2725.96	106.0391	1.427542	0.711417	0.288583	0.8320155
35304	-2628.979	-2735.075	106.0957	1.496205	0.701974	0.298026	0.6316066
35310	-2624.096	-2730.043	105.9464	1.657535	0.701974	0.298026	0.5996594
35316	-2624.19	-2730.077	105.8866	1.721944	0.701221	0.298779	0.5848856
35322	-2619.902	-2725.707	105.8042	1.256939	0.733252	0.266748	1.230392
35328	-2624.063	-2729.875	105.812	1.233062	0.706852	0.293148	1.243927
35334	-2628.88	-2734.833	105.953	1.476571	0.696723	0.303277	0.8767766
35340	-2618.277	-2724.134	105.8569	1.204371	0.850265	0.149735	1.230346
35346	-2620.978	-2726.922	105.9432	1.436027	0.734592	0.265408	0.9330281
35352	-2619.68	-2725.623	105.9432	1.436027	0.724552	0.275448	0.9330281
35358	-2623.597	-2729.526	105.9286	1.318832	0.724552	0.275448	1.065167
35364	-2618.509	-2724.459	105.9499	1.281754	0.735491	0.264509	1.079959
35370	-2629.566	-2735.325	105.7586	1.204668	0.681077	0.318923	1.311144
35376	-2619.667	-2725.486	105.8183	1.266715	0.680253	0.319747	1.210167
35382	-2625.116	-2730.966	105.8505	1.326201	0.746224	0.253776	1.1301
35388	-2628.939	-2734.75	105.8109	1.527889	0.766849	0.233151	0.975513
35394	-2628.536	-2734.357	105.8214	1.476569	0.800436	0.199564	1.0165
35400	-2639.722	-2745.389	105.667	1.946669	0.794676	0.205324	0.4401122
35406	-2641.619	-2747.287	105.6679	1.934655	0.790759	0.209241	0.4088574
35412	-2621.327	-2727.021	105.6946	1.406223	0.742613	0.257387	1.19664
35418	-2616.466	-2722.181	105.7146	1.287381	0.742613	0.257387	1.279561
35424	-2618.974	-2724.544	105.5699	1.264012	0.771089	0.228911	1.41335
35430	-2623.731	-2728.586	104.8544	0.9945069	0.774813	0.225187	2.104992
35436	-2620.542	-2725.972	105.4294	1.053996	0.80022	0.19978	1.672898
35442	-2616.351	-2721.832	105.481	1.002395	0.749589	0.250411	1.672898
35448	-2621.789	-2727.229	105.4407	1.048967	0.752906	0.247094	1.668391
35454	-2631.874	-2737.785	105.9107	1.306708	0.771382	0.228618	1.093148
35460	-2624.349	-2730.225	105.8759	1.264043	0.793526	0.206474	1.162744
35466	-2628.091	-2734.108	106.0169	1.287623	0.711117	0.288883	1.010048
35472	-2620.962	-2726.603	105.6414	1.234022	0.656658	0.343342	1.380981
35478	-2616.565	-2722.299	105.7339	1.274343	0.72148	0.27852	1.274437
35484	-2622.555	-2728.275	105.7195	1.211325	0.812477	0.187523	1.337182
35490	-2614.93	-2720.724	105.7937	1.20413	0.665465	0.334535	1.282959
35496	-2618.717	-2724.602	105.8853	1.191523	0.758794	0.241206	1.217159
35502	-2615.792	-2721.701	105.9086	1.284761	0.72699	0.27301	1.115069
35508	-2625.534	-2731.44	105.906	1.325173	0.714777	0.285223	1.080425
35514	-2633.018	-2738.384	105.3654	1.06401	0.781348	0.218652	1.711184
35520	-2622.083	-2728.126	106.0427	1.306355	0.793389	0.206611	0.9649219
35526	-2619.492	-2725.414	105.9224	1.517465	0.793389	0.206611	0.8647283
35532	-2618.753	-2724.724	105.9715	1.331542	0.78258	0.21742	1.011475
35538	-2611.483	-2717.354	105.8714	1.352671	0.750506	0.249494	1.08701
35544	-2628.002	-2733.798	105.7963	1.461744	0.750506	0.249494	1.055147
35550	-2634.173	-2739.939	105.7655	1.293178	0.764372	0.235628	1.232502
35556	-2628.015	-2733.792	105.7769	1.243629	0.593753	0.406247	1.264327
35562	-2624.279	-2729.971	105.6916	1.213916	0.729794	0.270206	1.357302
35568	-2628.887	-2734.747	105.86	1.367108	0.705458	0.294542	1.084113
35574	-2631.709	-2737.623	105.9143	1.199317	0.746775	0.253225	1.185679
35580	-2628.85	-2734.715	105.8653	1.344519	0.721089	0.278911	1.100122
35586	-2622.762	-2728.671	105.9089	1.459676	0.734674	0.265326	0.9444517
35592	-2631.302	-2737.121	105.8198	1.406106	0.801723	0.198277	1.085299
35598	-2622.668	-2728.559	105.8908	1.335056	0.735476	0.264524	1.085299
35604	-2618.474	-2724.316	105.8416	1.378555	0.652485	0.347515	1.090631
35610	-2635.034	-2740.793	105.7593	1.232786	0.742346	0.257654	1.287719
35616	-2623.854	-2729.276	105.422	1.110352	0.672702	0.327298	1.637815
35622	-2623.976	-2729.318	105.3425	1.127904	0.769087	0.230913	1.682109
35628	-2629.633	-2735.152	105.5192	1.00033	0.769087	0.230913	1.647044
35634	-2621.363	-2727.087	105.7245	1.150395	0.728039	0.271961	1.381446
35640	-2615.707	-2721.374	105.6666	1.208218	0.762267	0.237733	1.381446
35646	-2614.004	-2719.446	105.4419	1.088341	0.723721	0.276279	1.639316
35652	-2624.569	-2730.326	105.7571	1.053555	0.710208	0.289792	1.431273
35658	-2624.844	-2729.988	105.1439	0.9258195	0.741666	0.258334	1.958583
35664	-2632.596	-2738.551	105.9548	1.435343	0.695005	0.304995	0.9211826
35670	-2632.056	-2737.968	105.9119	1.610971	0.740982	0.259018	0.7559995
35676	-2628.413	-2734.481	106.0682	1.462879	0.722767	0.277233	0.7438086
35682	-2635.328	-2741.152	105.8235	1.228248	0.745633	0.254367	1.238283
35688	-2621.196	-2727.126	105.93	1.461596	0.723829	0.276171	0.9195916
35694	-2621.129	-2727.064	105.9353	1.459012	0.745646	0.254354	0.9166243
35700	-2615.197	-2721.173	105.9765	1.370527	0.806384	0.193616	0.9670192
35706	-2620.768	-2726.819	106.0513	1.348917	0.743916	0.256084	0.9101317
35712	-2628.579	-2734.547	105.9682	1.353732	0.734094	0.265906	0.9926714
35718	-2619.007	-2724.955	105.9482	1.378924	0.670882	0.329118	0.9874335
35724	-2622.736	-2728.66	105.9231	1.386391	0.702243	0.297757	1.005075
35730	-2617.112	-2723.009	105.8976	1.415134	0.753845	0.246155	1.001908
35736	-2625.467	-2731.39	105.9234	1.447086	0.744581	0.255419	0.9424435
35742	-2620.302	-2726.11	105.8075	1.41606	0.744581	0.255419	1.087466
35748	-2627.459	-2733.47	106.0115	1.209169	0.744581	0.255419	1.09009
35754	-2626.769	-2732.744	105.9748	1.367817	0.797147	0.202853	0.9715659
35760	-2632.269	-2737.958	105.6881	1.188021	0.720806	0.279194	1.380476
35766	-2633.553	-2739.4	105.8472	1.217882	0.768961	0.231039	1.227088
35772	-2623.702	-2729.512	105.8105	1.254576	0.796977	0.203023	1.227088
35778	-2627.181	-2733.046	105.8653	1.33395	0.796977	0.203023	1.109781
35784	-2635.356	-2741.248	105.8913	1.205772	0.814598	0.185402	1.199927
35790	-2630.416	-2736.203	105.7876	1.230731	0.64393	0.35607	1.266126
35796	-2628.968	-2734.935	105.9672	1.26817	0.755907	0.244093	1.076466
35802	-2627.668	-2733.734	106.0661	1.484587	0.764204	0.235796	0.7123858
35808	-2627.07	-2732.978	105.9082	1.557311	0.696794	0.303206	0.8334564
35814	-2636.812	-2742.806	105.9935	1.454523	0.738478	0.261522	0.8548965
35820	-2625.555	-2731.518	105.9633	1.36742	0.7704	0.2296	0.9837836
35826	-2616.25	-2722.031	105.7816	1.258219	0.807687	0.192313	1.248282
35832	-2625.293	-2731.238	105.9451	1.43279	0.717635	0.282365	0.9344842
35838	-2634.253	-2740.182	105.9297	1.448203	0.675797	0.324203	0.9344842
35844	-2629.446	-2734.978	105.5324	1.104265	0.740361	0.259639	1.561934
35850	-2624.714	-2730.666	105.952	1.240181	0.811958	0.188042	1.116213
35856	-2622.092	-2727.951	105.8588	1.424691	0.696626	0.303374	1.03066
35862	-2628.502	-2734.446	105.9436	1.235765	0.700792	0.299208	1.127752
35868	-2618.055	-2723.986	105.9311	1.248206	0.72504	0.27496	1.127752
35874	-2644.623	-2750.35	105.727	1.127847	0.803009	0.196991	1.397041
35880	-2628.067	-2733.678	105.6103	1.244557	0.772182	0.227818	1.397041
35886	-2628.033	-2733.745	105.7121	1.259329	0.825437	0.174563	1.304479
35892	-2626.853	-2732.871	106.0177	1.499463	0.747597	0.252403	0.7644145
35898	-2629.279	-2735.177	105.898	1.568856	0.739265	0.260735	0.8318055
35904	-2624.796	-2730.736	105.94	1.526843	0.739265	0.260735	0.8318055
35910	-2623.022	-2728.926	105.9035	1.57187	0.760177	0.239823	0.8209668
35916	-2627.791	-2733.788	105.9969	1.515587	0.845689	0.154311	0.7711242
35922	-2616.713	-2722.662	105.9486	1.542752	0.758524	0.241476	0.8001305
35928	-2613.83	-2719.827	105.9964	1.552583	0.727363	0.272637	0.7152309
35934	-2613.618	-2719.608	105.99	1.579318	0.817195	0.182805	0.6792283
35940	-2623.261	-2729.281	106.0205	1.372448	0.714733	0.285267	0.9181139
35946	-2626.87	-2732.859	105.9888	1.499945	0.741148	0.258852	0.8036127
35952	-2621.596	-2727.555	105.9595	1.517755	0.787523	0.212477	0.8185862
35958	-2627.362	-2733.233	105.8716	1.748719	0.789998	0.210002	0.5242773
35964	-2623.921	-2729.631	105.7091	1.336449	0.68808	0.31192	1.243514
35970	-2626.593	-2732.468	105.8743	1.314218	0.806165	0.193835	1.119456
35976	-2623.72	-2729.639	105.9194	1.297484	0.797608	0.202392	1.093652
35982	-2631.953	-2737.891	105.9385	1.620002	0.7741	0.2259	0.6990685
35988	-2634.017	-2740.03	106.0129	1.461393	0.803836	0.196164	0.8224385
35994	-2630.547	-2736.505	105.9586	1.439552	0.707154	0.292846	0.9124333
36000	-2628.69	-2734.566	105.8752	1.516023	0.835805	0.164195	0.9200324
36006	-2623.174	-2729.05	105.8751	1.60814	0.84252	0.15748	0.8107995
36012	-2622.058	-2728.003	105.9447	1.479756	0.750959	0.249041	0.882734
36018	-2632.01	-2737.901	105.892	1.53106	0.768833	0.231167	0.8843475
36024	-2631.236	-2737.293	106.0579	1.451693	0.784465	0.215535	0.7752048
36030	-2617.307	-2723.226	105.9186	1.440254	0.755157	0.244843	0.9546556
36036	-2627.949	-2733.98	106.0316	1.381983	0.757933	0.242067	0.8951645
36042	-2622.757	-2728.715	105.9582	1.503199	0.73652	0.26348	0.8385875
36048	-2631.785	-2737.719	105.9348	1.523655	0.857709	0.142291	0.8421722
36054	-2633.753	-2739.784	106.0309	1.513452	0.735639	0.264361	0.7228262
36060	-2622.387	-2728.365	105.9786	1.559195	0.809673	0.190327	0.7333317
36066	-2613.55	-2719.531	105.9815	1.556341	0.781038	0.218962	0.7333317
36072	-2628.281	-2734.1	105.8194	1.351616	0.721377	0.278623	1.135187
36078	-2626.881	-2732.811	105.9298	1.438062	0.721377	0.278623	0.94519
36084	-2626.132	-2732.134	106.0025	1.346126	0.828214	0.171786	0.9654162
36090	-2633.695	-2739.698	106.0026	1.558004	0.743376	0.256624	0.6952266
36096	-2630.377	-2736.316	105.9394	1.646911	0.661782	0.338218	0.644669
36102	-2621.188	-2727.158	105.97	1.484156	0.723806	0.276194	0.847475
36108	-2619.549	-2725.449	105.8991	1.457075	0.748765	0.251235	0.9575124
36114	-2626.555	-2732.508	105.9537	1.43328	0.849147	0.150853	0.9246725
36120	-2636.804	-2742.734	105.9303	1.503415	0.733748	0.266252	0.8719466
36126	-2625.078	-2731.023	105.9449	1.585088	0.821473	0.178527	0.7453215
36132	-2636.028	-2741.999	105.9707	1.55931	0.732409	0.267591	0.7453215
36138	-2632.322	-2738.264	105.9414	1.603693	0.717526	0.282474	0.7216142
36144	-2623.342	-2729.31	105.9684	1.631943	0.726524	0.273476	0.6099828
36150	-2631.649	-2737.642	105.9937	1.400867	0.840961	0.159039	0.9163984
36156	-2637.71	-2743.682	105.9717	1.480835	0.693252	0.306748	0.849419
36162	-2629.72	-2735.435	105.7155	1.90164	0.767423	0.232577	0.4550353
36168	-2628.169	-2733.988	105.8183	1.798913	0.763339	0.236661	0.4550353
36174	-2630.013	-2735.71	105.6964	1.899672	0.775483	0.224517	0.3956685
36180	-2633.478	-2739.41	105.9324	1.516518	0.760292	0.239708	0.8539014
36186	-2630.37	-2736.332	105.9627	1.593385	0.72985	0.27015	0.7032412
36192	-2625.25	-2731.089	105.8393	1.753167	0.773262	0.226738	0.6303541
36198	-2617.05	-2722.945	105.8952	1.691205	0.748853	0.251147	0.6444087
36204	-2626.065	-2731.924	105.8582	1.75057	0.829239	0.170761	0.5839896
36210	-2627.414	-2733.341	105.927	1.665293	0.702203	0.297797	0.6306504
36216	-2625.24	-2731.202	105.9615	1.655336	0.625745	0.374255	0.5494925
36222	-2617.908	-2723.819	105.9109	1.63119	0.778018	0.221982	0.7265714
36228	-2617.5	-2723.458	105.9579	1.498536	0.697073	0.302927	0.8447704
36234	-2625.209	-2731.172	105.9626	1.5259	0.686089	0.313911	0.8039814
36240	-2618.233	-2724.02	105.7868	1.265561	0.706362	0.293638	1.237796
36246	-2623.527	-2729.332	105.8044	1.198645	0.818265	0.181735	1.278673
36252	-2625.583	-2731.455	105.8721	1.220449	0.69985	0.30015	1.203774
36258	-2624.8	-2730.36	105.5606	1.252292	0.710037	0.289963	1.429501
36264	-2623.962	-2729.726	105.7648	1.152694	0.876798	0.123202	1.347807
36270	-2627.771	-2733.356	105.5847	1.085077	0.778286	0.221714	1.537497
36276	-2626.305	-2731.793	105.4881	1.134595	0.698626	0.301374	1.572185
36282	-2627.816	-2733.387	105.5712	1.081665	0.788622	0.211378	1.550027
36288	-2626.282	-2731.597	105.3144	1.124662	0.744861	0.255139	1.70437
36294	-2621.843	-2727.787	105.9441	1.366064	0.725692	0.274308	1.00446
36300	-2619.718	-2725.706	105.9881	1.348601	0.744178	0.255822	0.977634
36306	-2620.545	-2726.465	105.9197	1.407646	0.818177	0.181823	0.9871804
36312	-2618.895	-2724.834	105.9389	1.298887	0.76381	0.23619	1.07422
36318	-2615.424	-2721.363	105.9382	1.38343	0.731904	0.268096	0.9929362
36324	-2637.728	-2743.566	105.8387	1.374245	0.685301	0.314699	1.097212
36330	-2628.972	-2734.904	105.932	1.460154	0.708184	0.291816	0.91896
36336	-2626.774	-2732.728	105.9541	1.460783	0.743206	0.256794	0.8936901
36342	-2614.581	-2720.589	106.0081	1.427078	0.799716	0.200284	0.8702371
36348	-2617.902	-2723.82	105.9184	1.534879	0.795805	0.204195	0.8485902
36354	-2629.772	-2735.625	105.8529	1.506238	0.734455	0.265545	0.9543641
36360	-2622.175	-2728.162	105.9875	1.48187	0.800716	0.199284	0.8285945
36366	-2616.017	-2721.971	105.9542	1.571372	0.757648	0.242352	0.7519967
36372	-2621.665	-2727.67	106.005	1.569216	0.614988	0.385012	0.669839
36378	-2619.817	-2725.803	105.9852	1.587955	0.774355	0.225645	0.6719417
36384	-2615.95	-2721.914	105.9639	1.633798	0.817601	0.182399	0.6170447
36390	-2612.677	-2718.643	105.9655	1.632206	0.817601	0.182399	0.6170447
36396	-2616.59	-2722.5	105.9107	1.707548	0.732878	0.267122	0.5413108
36402	-2617.29	-2723.243	105.9536	1.557941	0.704587	0.295413	0.7724141
36408	-2625.693	-2731.519	105.8263	1.795191	0.707412	0.292588	0.5003101
36414	-2619.469	-2725.296	105.8263	1.795191	0.626705	0.373295	0.5015127
36420	-2618.948	-2725.004	106.0558	1.477398	0.780495	0.219505	0.7405388
36426	-2617.654	-2723.702	106.048	1.450318	0.780495	0.219505	0.7907283
36432	-2628.372	-2734.474	106.102	1.27351	0.817509	0.182491	0.937027
36438	-2629.905	-2735.81	105.9056	1.217196	0.817509	0.182491	1.177726
36444	-2638.728	-2744.667	105.9393	1.666973	0.768176	0.231824	0.5922782
36450	-2629.024	-2734.896	105.8712	1.3704	0.813229	0.186771	1.070663
36456	-2627.734	-2733.756	106.0223	1.255328	0.813229	0.186771	1.036393
36462	-2628.724	-2734.567	105.843	1.778509	0.831217	0.168783	0.5024305
36468	-2636.004	-2741.863	105.8585	1.761031	0.685888	0.314112	0.5319385
36474	-2630.182	-2736.027	105.8447	1.765112	0.735618	0.264382	0.5801173
36480	-2640.97	-2746.886	105.9164	1.286102	0.795163	0.204837	1.106763
36486	-2626.732	-2732.618	105.8856	1.300024	0.739195	0.260805	1.12209
36492	-2625.961	-2731.775	105.8146	1.370982	0.784891	0.215109	1.12209
36498	-2625.459	-2731.363	105.9044	1.30237	0.665914	0.334086	1.10287
36504	-2621.198	-2726.988	105.7898	1.171053	0.647003	0.352997	1.313093
36510	-2629.157	-2735.128	105.9712	1.067109	0.688179	0.311821	1.249527
36516	-2630.738	-2736.177	105.4397	0.9883827	0.688179	0.311821	1.712125
36522	-2627.889	-2733.189	105.3007	1.159899	0.694099	0.305901	1.68909
36528	-2627.784	-2733.513	105.7291	1.114409	0.778983	0.221017	1.405852
36534	-2626.024	-2731.576	105.5516	0.9857003	0.698197	0.301803	1.634273
36540	-2635.141	-2740.26	105.1188	0.966991	0.672636	0.327364	1.947725
36546	-2629.789	-2735.349	105.5607	1.179893	0.672636	0.327364	1.484606
36552	-2626.294	-2732.012	105.7181	1.133832	0.691922	0.308078	1.399368
36558	-2629.316	-2735.316	106.0003	1.216638	0.757641	0.242359	1.093522
36564	-2631.889	-2737.707	105.8182	1.336389	0.626488	0.373512	1.149811
36570	-2630.37	-2736.163	105.7933	1.232621	0.758681	0.241319	1.259862
36576	-2628.766	-2734.367	105.6019	1.232968	0.849446	0.150554	1.412608
36582	-2628.556	-2734.033	105.4771	1.083449	0.741668	0.258332	1.617467
36588	-2635.708	-2741.385	105.6762	1.235934	0.880227	0.119773	1.352025
36594	-2632.131	-2737.905	105.775	1.099944	0.798288	0.201712	1.381413
36600	-2627.123	-2732.755	105.6318	1.170904	0.813717	0.186283	1.437372
36606	-2636.153	-2742.022	105.8694	1.127568	0.813717	0.186283	1.283692
36612	-2632.288	-2738.067	105.779	1.126633	0.729523	0.270477	1.357199
36618	-2623.637	-2729.4	105.763	1.129056	0.691667	0.308333	1.367943
36624	-2624.611	-2730.401	105.7904	1.101602	0.766951	0.233049	1.367943
36630	-2625.971	-2731.652	105.6812	1.178921	0.644148	0.355852	1.392946
36636	-2623.81	-2729.502	105.6921	1.293989	0.810003	0.189997	1.292604
36642	-2624.331	-2730.24	105.9095	1.238177	0.728628	0.271372	1.15594
36648	-2628.405	-2734.218	105.8129	1.32473	0.732195	0.267805	1.164784
36654	-2626.141	-2731.828	105.6867	1.147652	0.69624	0.30376	1.412985
36660	-2641.238	-2747.309	106.071	1.462654	0.799949	0.200051	0.739734
36666	-2633.517	-2739.582	106.0655	1.444848	0.750065	0.249935	0.774102
36672	-2624.032	-2729.976	105.9437	1.606985	0.760694	0.239306	0.7124092
36678	-2625.971	-2731.977	106.0064	1.59132	0.733551	0.266449	0.6170698
36684	-2630.335	-2736.252	105.9162	1.661494	0.760193	0.239807	0.6629788
36690	-2629.876	-2735.761	105.8853	1.719565	0.789146	0.210854	0.5965892
36696	-2620.69	-2726.565	105.8747	1.730259	0.793094	0.206906	0.5965892
36702	-3178.505	-3283.725	105.2194	1.060673	0.664402	0.335598	1.81543
36708	-3763.966	-3867.62	103.6542	2.350158	0.74366	0.25634	2.002295
37404	-1.423475e+07	-4954.819	-1.422979e+07	11060.93	0.394442	0.605558	7109427
38106	-8.531885e+15	-4954.819	-8.531885e+15	2969432	0.991571	0.00842945	4.265943e+15
38802	-9.637936e+22	-4954.819	-9.637936e+22	2.965927e+08	0.564144	0.435856	4.818968e+22
38808	-8.757095e+22	-4954.819	-8.757095e+22	5.933889e+08	0.327183	0.672817	4.378547e+22
39504	-1.732512e+31	-4954.819	-1.732512e+31	3.501193e+11	0.342592	0.657408	8.662559e+30
40206	-7.928695e+41	-4954.819	-7.928695e+41	4.261872e+15	0.487848	0.512152	3.964348e+41
